Godot Engine v4.7.2.stable.mono.official.ed1daf0bf - https://godotengine.org

[   0% ] [90m[1mfirst_scan_filesystem[22m | Started Project initialization (5 steps)[39m[0m
[   0% ] [90m[1mfirst_scan_filesystem[22m | Scanning file structure...[39m[0m
[  16% ] [90m[1mfirst_scan_filesystem[22m | Loading global class names...[39m[0m
[  33% ] [90m[1mfirst_scan_filesystem[22m | Verifying GDExtensions...[39m[0m
[  50% ] [90m[1mfirst_scan_filesystem[22m | Creating autoload scripts...[39m[0m
[  66% ] [90m[1mfirst_scan_filesystem[22m | Initializing plugins...[39m[0m
[  83% ] [90m[1mfirst_scan_filesystem[22m | Starting file scan...[39m[0m
[92m[ DONE ][39m [1mfirst_scan_filesystem[22m
[0m
[   0% ] [90m[1mdotnet_publish_project[22m | Started Publishing .NET project... (1 steps)[39m[0m
[   0% ] [90m[1mdotnet_publish_project[22m | Running dotnet publish[39m[0m
[92m[ DONE ][39m [1mdotnet_publish_project[22m
[0m
[   0% ] [90m[1msavepack[22m | Started Packing (102 steps)[39m[0m
[   1% ] [90m[1msavepack[22m | Storing File: res://.godot/imported/background-crowd.wav-a9e1fe34700156c1ea437a13efbb7d78.sample[39m[0m
[   1% ] [90m[1msavepack[22m | Storing File: res://assets/audio/crowd/background-crowd.wav.import[39m[0m
[   1% ] [90m[1msavepack[22m | Storing File: res://.godot/imported/exaggerated-female-scream.wav-ddf728a629377db1f15f2e14c340c897.sample[39m[0m
[   1% ] [90m[1msavepack[22m | Storing File: res://assets/audio/crowd/exaggerated-female-scream.wav.import[39m[0m
[   1% ] [90m[1msavepack[22m | Storing File: res://.godot/imported/exaggerated-male-scream.mp3-d0bcb1da1a4f0d340cc4a07966284e0f.mp3str[39m[0m
[   1% ] [90m[1msavepack[22m | Storing File: res://assets/audio/crowd/exaggerated-male-scream.mp3.import[39m[0m
[   1% ] [90m[1msavepack[22m | Storing File: res://.godot/imported/generator-explosion2.wav-68e597b551e7ed0303bc99aa65b9ba43.sample[39m[0m
[   1% ] [90m[1msavepack[22m | Storing File: res://assets/audio/crowd/generator-explosion2.wav.import[39m[0m
[   1% ] [90m[1msavepack[22m | Storing File: res://.godot/imported/264378__howardv__crowd-booing.wav-9a8be4e0a9f34a14729b9dd785f912ce.sample[39m[0m
[   1% ] [90m[1msavepack[22m | Storing File: res://assets/audio/264378__howardv__crowd-booing.wav.import[39m[0m
[   1% ] [90m[1msavepack[22m | Storing File: res://.godot/imported/band_entry_enthusiastic_applause.wav-0749d72512ae96a04ef1d0bec5d6d4b5.sample[39m[0m
[   1% ] [90m[1msavepack[22m | Storing File: res://assets/audio/band_entry_enthusiastic_applause.wav.import[39m[0m
[   1% ] [90m[1msavepack[22m | Storing File: res://.godot/imported/band_entry_polite_applause.wav-8d4bfa5e7b7fe0dbcee7b5ad67798c33.sample[39m[0m
[   1% ] [90m[1msavepack[22m | Storing File: res://assets/audio/band_entry_polite_applause.wav.import[39m[0m
[   1% ] [90m[1msavepack[22m | Storing File: res://.godot/imported/electronic_loop_v1.wav-4360c9baf1167fb6d46704d989143921.sample[39m[0m
[   1% ] [90m[1msavepack[22m | Storing File: res://assets/audio/electronic_loop_v1.wav.import[39m[0m
[   2% ] [90m[1msavepack[22m | Storing File: res://.godot/imported/folk_loop_v1.wav-96b45145282a7ddad103d24bbc3572c4.sample[39m[0m
[   2% ] [90m[1msavepack[22m | Storing File: res://assets/audio/folk_loop_v1.wav.import[39m[0m
[   2% ] [90m[1msavepack[22m | Storing File: res://.godot/imported/indie_loop_v1.wav-6c6a6c74bb9cfb1fcaa538c4d0358a62.sample[39m[0m
[   2% ] [90m[1msavepack[22m | Storing File: res://assets/audio/indie_loop_v1.wav.import[39m[0m
[   2% ] [90m[1msavepack[22m | Storing File: res://.godot/imported/metal_loop_v1.wav-abdb2f94bd23e4aaf834c0ec4ebbd140.sample[39m[0m
[   2% ] [90m[1msavepack[22m | Storing File: res://assets/audio/metal_loop_v1.wav.import[39m[0m
[   2% ] [90m[1msavepack[22m | Storing File: res://.godot/imported/pop_loop_v1.wav-a4500b67c2a489accccd8717c8ece64e.sample[39m[0m
[   2% ] [90m[1msavepack[22m | Storing File: res://assets/audio/pop_loop_v1.wav.import[39m[0m
[   2% ] [90m[1msavepack[22m | Storing File: res://.godot/imported/punk_loop_v1.wav-6bce1899e14a5507c3a01ce8bbca8ce5.sample[39m[0m
[   2% ] [90m[1msavepack[22m | Storing File: res://assets/audio/punk_loop_v1.wav.import[39m[0m
[   2% ] [90m[1msavepack[22m | Storing File: res://.godot/imported/rock_loop_v2.wav-af270d93a6bdc9119154a36546332bbe.sample[39m[0m
[   2% ] [90m[1msavepack[22m | Storing File: res://assets/audio/rock_loop_v2.wav.import[39m[0m
[   2% ] [90m[1msavepack[22m | Storing File: res://.godot/imported/set_start_cheer.wav-b1dd9994e8ba676f87de5fafe26d56c2.sample[39m[0m
[   2% ] [90m[1msavepack[22m | Storing File: res://assets/audio/set_start_cheer.wav.import[39m[0m
[   3% ] [90m[1msavepack[22m | Storing File: res://.godot/imported/festival-tycoon-mosaic-logo-v2.png-ae67a448def319b7ab18faeacd37db7d.ctex[39m[0m
[   3% ] [90m[1msavepack[22m | Storing File: res://assets/branding/festival-tycoon-mosaic-logo-v2.png.import[39m[0m
[   3% ] [90m[1msavepack[22m | Storing File: res://.godot/imported/festival-tycoon-stage-sun-icon-v3.png-029379bc4c6b985627336b1083ce7d53.ctex[39m[0m
[   3% ] [90m[1msavepack[22m | Storing File: res://assets/branding/festival-tycoon-stage-sun-icon-v3.png.import[39m[0m
[   3% ] [90m[1msavepack[22m | Storing File: res://.godot/imported/festival-tycoon-stage-sun-icon.png-74776478df61625a2668edac2ed26926.ctex[39m[0m
[   3% ] [90m[1msavepack[22m | Storing File: res://assets/branding/festival-tycoon-stage-sun-icon.png.import[39m[0m
[   3% ] [90m[1msavepack[22m | Storing File: res://.godot/imported/lwf-festival-tycoon-logo-v1.png-a90678f51bcb0231ad54e15a1e14646a.ctex[39m[0m
[   3% ] [90m[1msavepack[22m | Storing File: res://assets/branding/lwf-festival-tycoon-logo-v1.png.import[39m[0m
[   3% ] [90m[1msavepack[22m | Storing File: res://.godot/imported/lwf_cow_v3.glb-5fac33a6e5592bd72341c30158fe41dc.scn[39m[0m
[   3% ] [90m[1msavepack[22m | Storing File: res://assets/characters/animals/lwf_cow_v3.glb.import[39m[0m
[   3% ] [90m[1msavepack[22m | Storing File: res://.godot/imported/lwf_cow_v3_lwf_cow_palette_v3.png-0c307e5f634831d1e8ed32173fa42576.ctex[39m[0m
[   3% ] [90m[1msavepack[22m | Storing File: res://assets/characters/animals/lwf_cow_v3_lwf_cow_palette_v3.png.import[39m[0m
[   3% ] [90m[1msavepack[22m | Storing File: res://.godot/imported/lwf_cow_v4.glb-729efe8027ce09f48ac1f7b9beb435bd.scn[39m[0m
[   3% ] [90m[1msavepack[22m | Storing File: res://assets/characters/animals/lwf_cow_v4.glb.import[39m[0m
[   3% ] [90m[1msavepack[22m | Storing File: res://.godot/imported/lwf_cow_v4_lwf_cow_palette_v3.png-8d4602ec8d7721d233dd6052713d0502.ctex[39m[0m
[   3% ] [90m[1msavepack[22m | Storing File: res://assets/characters/animals/lwf_cow_v4_lwf_cow_palette_v3.png.import[39m[0m
[   4% ] [90m[1msavepack[22m | Storing File: res://.godot/imported/palette-01.png-20c7858c5b6aba0676be187bbd46bc25.ctex[39m[0m
[   4% ] [90m[1msavepack[22m | Storing File: res://assets/characters/colourways/palette-01.png.import[39m[0m
[   4% ] [90m[1msavepack[22m | Storing File: res://.godot/exported/133200997/export-bbaafb18cf12213b945fca4dae6e3518-palette-01.res[39m[0m
[   4% ] [90m[1msavepack[22m | Storing File: res://.godot/imported/palette-02.png-187a5547982330e13af09c12be67c71b.ctex[39m[0m
[   4% ] [90m[1msavepack[22m | Storing File: res://assets/characters/colourways/palette-02.png.import[39m[0m
[   4% ] [90m[1msavepack[22m | Storing File: res://.godot/exported/133200997/export-291504690cce339bd72d8e9051605154-palette-02.res[39m[0m
[   4% ] [90m[1msavepack[22m | Storing File: res://.godot/imported/palette-03.png-bf4d40f021842b46f9d706230ee25634.ctex[39m[0m
[   4% ] [90m[1msavepack[22m | Storing File: res://assets/characters/colourways/palette-03.png.import[39m[0m
[   4% ] [90m[1msavepack[22m | Storing File: res://.godot/exported/133200997/export-5a9cb1e8592c4ea51ec3c2d0b8b4a7dd-palette-03.res[39m[0m
[   4% ] [90m[1msavepack[22m | Storing File: res://.godot/imported/palette-04.png-265b94923ba8cd8be745ea2d0f962df7.ctex[39m[0m
[   4% ] [90m[1msavepack[22m | Storing File: res://assets/characters/colourways/palette-04.png.import[39m[0m
[   5% ] [90m[1msavepack[22m | Storing File: res://.godot/exported/133200997/export-e4d64aa37e4feb784e8cc65bd9a8af4f-palette-04.res[39m[0m
[   5% ] [90m[1msavepack[22m | Storing File: res://.godot/imported/palette-05.png-cbd34051343a6e33e06c1b36e4c6c37e.ctex[39m[0m
[   5% ] [90m[1msavepack[22m | Storing File: res://assets/characters/colourways/palette-05.png.import[39m[0m
[   5% ] [90m[1msavepack[22m | Storing File: res://.godot/exported/133200997/export-37c19e5dfbaaa8f16ba8ae56132868bb-palette-05.res[39m[0m
[   5% ] [90m[1msavepack[22m | Storing File: res://.godot/imported/palette-06.png-4686f8ac8aa562e650d5bca47785ae6c.ctex[39m[0m
[   5% ] [90m[1msavepack[22m | Storing File: res://assets/characters/colourways/palette-06.png.import[39m[0m
[   5% ] [90m[1msavepack[22m | Storing File: res://.godot/exported/133200997/export-efad3a586f3aaad8df9a617dd74a53ee-palette-06.res[39m[0m
[   5% ] [90m[1msavepack[22m | Storing File: res://.godot/imported/palette-07.png-a1959ec47fde9d3ec2e479b2fc78c239.ctex[39m[0m
[   5% ] [90m[1msavepack[22m | Storing File: res://assets/characters/colourways/palette-07.png.import[39m[0m
[   5% ] [90m[1msavepack[22m | Storing File: res://.godot/exported/133200997/export-89e7dfd017a700010b4ccde068ebe67b-palette-07.res[39m[0m
[   5% ] [90m[1msavepack[22m | Storing File: res://.godot/imported/palette-08.png-01d5f5c37006e0a63af4765c10107e3a.ctex[39m[0m
[   5% ] [90m[1msavepack[22m | Storing File: res://assets/characters/colourways/palette-08.png.import[39m[0m
[   6% ] [90m[1msavepack[22m | Storing File: res://.godot/exported/133200997/export-fdbf4a5cde8ebdab47a2b13ae8a74368-palette-08.res[39m[0m
[   6% ] [90m[1msavepack[22m | Storing File: res://.godot/imported/palette-09.png-3eb83b4bc668ae0448370ecc027107ca.ctex[39m[0m
[   6% ] [90m[1msavepack[22m | Storing File: res://assets/characters/colourways/palette-09.png.import[39m[0m
[   6% ] [90m[1msavepack[22m | Storing File: res://.godot/exported/133200997/export-5620a7cab73949ddbcaf15a81a0e476a-palette-09.res[39m[0m
[   6% ] [90m[1msavepack[22m | Storing File: res://.godot/imported/palette-10.png-1cff8e26628eded6f27a051c64e35eb1.ctex[39m[0m
[   6% ] [90m[1msavepack[22m | Storing File: res://assets/characters/colourways/palette-10.png.import[39m[0m
[   6% ] [90m[1msavepack[22m | Storing File: res://.godot/exported/133200997/export-cf18013f52367b020a6b07be37f6bcde-palette-10.res[39m[0m
[   6% ] [90m[1msavepack[22m | Storing File: res://.godot/imported/lwf_steward_bin_bag_v1.glb-f368ad3d0904c28bfd9bd29956dc2a99.scn[39m[0m
[   6% ] [90m[1msavepack[22m | Storing File: res://assets/characters/steward-cleanup-v1/lwf_steward_bin_bag_v1.glb.import[39m[0m
[   6% ] [90m[1msavepack[22m | Storing File: res://.godot/imported/lwf_steward_bin_bag_v1_lwf_cleanup_equipment_palette_v1.png-0252b6f3c9b245092155ef79ef4cc5b0.ctex[39m[0m
[   6% ] [90m[1msavepack[22m | Storing File: res://assets/characters/steward-cleanup-v1/lwf_steward_bin_bag_v1_lwf_cleanup_equipment_palette_v1.png.import[39m[0m
[   7% ] [90m[1msavepack[22m | Storing File: res://.godot/imported/lwf_steward_cleanup_female_v1.glb-a5f35a773b24007afd49f5f48c37d9bd.scn[39m[0m
[   7% ] [90m[1msavepack[22m | Storing File: res://assets/characters/steward-cleanup-v1/lwf_steward_cleanup_female_v1.glb.import[39m[0m
[   7% ] [90m[1msavepack[22m | Storing File: res://.godot/imported/lwf_steward_cleanup_female_v1_attendee-palette.png-20b2bfdf68fe679cc0064f105a5d9d6c.ctex[39m[0m
[   7% ] [90m[1msavepack[22m | Storing File: res://assets/characters/steward-cleanup-v1/lwf_steward_cleanup_female_v1_attendee-palette.png.import[39m[0m
[   7% ] [90m[1msavepack[22m | Storing File: res://.godot/imported/lwf_steward_cleanup_female_v1_lwf_crew_trim_palette_v1.png-488ff6999ea79fff6a984008bca0c7aa.ctex[39m[0m
[   7% ] [90m[1msavepack[22m | Storing File: res://assets/characters/steward-cleanup-v1/lwf_steward_cleanup_female_v1_lwf_crew_trim_palette_v1.png.import[39m[0m
[   7% ] [90m[1msavepack[22m | Storing File: res://.godot/imported/lwf_steward_cleanup_male_v1.glb-40874c25e13d7da30d1c74d6374e9048.scn[39m[0m
[   7% ] [90m[1msavepack[22m | Storing File: res://assets/characters/steward-cleanup-v1/lwf_steward_cleanup_male_v1.glb.import[39m[0m
[   7% ] [90m[1msavepack[22m | Storing File: res://.godot/imported/lwf_steward_cleanup_male_v1_attendee-palette.png-9324de541ee4842b46fb7bfa6789e01a.ctex[39m[0m
[   7% ] [90m[1msavepack[22m | Storing File: res://assets/characters/steward-cleanup-v1/lwf_steward_cleanup_male_v1_attendee-palette.png.import[39m[0m
[   7% ] [90m[1msavepack[22m | Storing File: res://.godot/imported/lwf_steward_cleanup_male_v1_lwf_crew_trim_palette_v1.png-9cc4a6ef61c2b88842653b3f9ecd5965.ctex[39m[0m
[   7% ] [90m[1msavepack[22m | Storing File: res://assets/characters/steward-cleanup-v1/lwf_steward_cleanup_male_v1_lwf_crew_trim_palette_v1.png.import[39m[0m
[   7% ] [90m[1msavepack[22m | Storing File: res://.godot/imported/lwf_steward_litter_picker_v1.glb-a1b473e6e3c53d2d1edd7a6032aebce7.scn[39m[0m
[   7% ] [90m[1msavepack[22m | Storing File: res://assets/characters/steward-cleanup-v1/lwf_steward_litter_picker_v1.glb.import[39m[0m
[   7% ] [90m[1msavepack[22m | Storing File: res://.godot/imported/lwf_steward_litter_picker_v1_lwf_cleanup_equipment_palette_v1.png-9495a945b3a25bd0336b3124f15b2d07.ctex[39m[0m
[   7% ] [90m[1msavepack[22m | Storing File: res://assets/characters/steward-cleanup-v1/lwf_steward_litter_picker_v1_lwf_cleanup_equipment_palette_v1.png.import[39m[0m
[   8% ] [90m[1msavepack[22m | Storing File: res://assets/characters/steward-cleanup-v1/manifest.json[39m[0m
[   8% ] [90m[1msavepack[22m | Storing File: res://assets/characters/attendee_palette_v1_contract.json[39m[0m
[   8% ] [90m[1msavepack[22m | Storing File: res://assets/characters/attendee_poses_v2_manifest.json[39m[0m
[   8% ] [90m[1msavepack[22m | Storing File: res://assets/characters/attendee_poses_v6_manifest.json[39m[0m
[   8% ] [90m[1msavepack[22m | Storing File: res://.godot/imported/lwf_accordionist_female_kit_v2.glb-f797665612f37d5d237f72665da1fbe3.scn[39m[0m
[   8% ] [90m[1msavepack[22m | Storing File: res://assets/characters/lwf_accordionist_female_kit_v2.glb.import[39m[0m
[   8% ] [90m[1msavepack[22m | Storing File: res://.godot/imported/lwf_accordionist_female_kit_v2_lwf_accordion_palette.png-b0479761a3ae8bbb3b7cc88dde36cf92.ctex[39m[0m
[   8% ] [90m[1msavepack[22m | Storing File: res://assets/characters/lwf_accordionist_female_kit_v2_lwf_accordion_palette.png.import[39m[0m
[   8% ] [90m[1msavepack[22m | Storing File: res://.godot/imported/lwf_accordionist_female_kit_v2_lwf_bassist_body_palette_v1.png-55cd9e895d0944951a5f6b3783a344d3.ctex[39m[0m
[   8% ] [90m[1msavepack[22m | Storing File: res://assets/characters/lwf_accordionist_female_kit_v2_lwf_bassist_body_palette_v1.png.import[39m[0m
[   9% ] [90m[1msavepack[22m | Storing File: res://.godot/imported/lwf_accordionist_male_kit_v2.glb-f1c4f989a80cfcebf8f996c6ac254102.scn[39m[0m
[   9% ] [90m[1msavepack[22m | Storing File: res://assets/characters/lwf_accordionist_male_kit_v2.glb.import[39m[0m
[   9% ] [90m[1msavepack[22m | Storing File: res://.godot/imported/lwf_accordionist_male_kit_v2_lwf_accordion_palette.png-56b04be83c502797271f53e6a6ec1a14.ctex[39m[0m
[   9% ] [90m[1msavepack[22m | Storing File: res://assets/characters/lwf_accordionist_male_kit_v2_lwf_accordion_palette.png.import[39m[0m
[   9% ] [90m[1msavepack[22m | Storing File: res://.godot/imported/lwf_accordionist_male_kit_v2_lwf_bassist_body_palette_v1.png-14237dd6f9742905fde390b3eccb6b8e.ctex[39m[0m
[   9% ] [90m[1msavepack[22m | Storing File: res://assets/characters/lwf_accordionist_male_kit_v2_lwf_bassist_body_palette_v1.png.import[39m[0m
[   9% ] [90m[1msavepack[22m | Storing File: res://.godot/imported/lwf_attendee_female_drinking_beer_v1.glb-01eaf59ec2d2f40dbf3d337afe6e52b3.scn[39m[0m
[   9% ] [90m[1msavepack[22m | Storing File: res://assets/characters/lwf_attendee_female_drinking_beer_v1.glb.import[39m[0m
[   9% ] [90m[1msavepack[22m | Storing File: res://.godot/imported/lwf_attendee_female_drinking_beer_v1_attendee-palette.png-205abed77f7b3d699a9024319c489a17.ctex[39m[0m
[   9% ] [90m[1msavepack[22m | Storing File: res://assets/characters/lwf_attendee_female_drinking_beer_v1_attendee-palette.png.import[39m[0m
[   9% ] [90m[1msavepack[22m | Storing File: res://.godot/imported/lwf_attendee_female_drinking_beer_v2.glb-7b1d78c00db056d961dfa983c7c8b11d.scn[39m[0m
[   9% ] [90m[1msavepack[22m | Storing File: res://assets/characters/lwf_attendee_female_drinking_beer_v2.glb.import[39m[0m
[   9% ] [90m[1msavepack[22m | Storing File: res://.godot/imported/lwf_attendee_female_drinking_beer_v2_attendee-palette.png-04e0db6e9fc7b715a17e25a3ea624cda.ctex[39m[0m
[   9% ] [90m[1msavepack[22m | Storing File: res://assets/characters/lwf_attendee_female_drinking_beer_v2_attendee-palette.png.import[39m[0m
[   9% ] [90m[1msavepack[22m | Storing File: res://.godot/imported/lwf_attendee_female_drinking_soft_v1.glb-8aea5cdd2b6410968fe4762ff72b2d0e.scn[39m[0m
[   9% ] [90m[1msavepack[22m | Storing File: res://assets/characters/lwf_attendee_female_drinking_soft_v1.glb.import[39m[0m
[  10% ] [90m[1msavepack[22m | Storing File: res://.godot/imported/lwf_attendee_female_drinking_soft_v1_attendee-palette.png-ffc2f20f006c1180715fdaf2a12dbf46.ctex[39m[0m
[  10% ] [90m[1msavepack[22m | Storing File: res://assets/characters/lwf_attendee_female_drinking_soft_v1_attendee-palette.png.import[39m[0m
[  10% ] [90m[1msavepack[22m | Storing File: res://.godot/imported/lwf_attendee_female_drinking_soft_v2.glb-e7d1ffa4ff79f57d358f656e3f20ff68.scn[39m[0m
[  10% ] [90m[1msavepack[22m | Storing File: res://assets/characters/lwf_attendee_female_drinking_soft_v2.glb.import[39m[0m
[  10% ] [90m[1msavepack[22m | Storing File: res://.godot/imported/lwf_attendee_female_drinking_soft_v2_attendee-palette.png-918930c4eb2ab1acb33489d469baf719.ctex[39m[0m
[  10% ] [90m[1msavepack[22m | Storing File: res://assets/characters/lwf_attendee_female_drinking_soft_v2_attendee-palette.png.import[39m[0m
[  10% ] [90m[1msavepack[22m | Storing File: res://.godot/imported/lwf_attendee_female_drink_hold_v1.glb-d7018e628382c9fab0864b669b38e271.scn[39m[0m
[  10% ] [90m[1msavepack[22m | Storing File: res://assets/characters/lwf_attendee_female_drink_hold_v1.glb.import[39m[0m
[  10% ] [90m[1msavepack[22m | Storing File: res://.godot/imported/lwf_attendee_female_drink_hold_v1_attendee-palette.png-149fd23456c955a4eeeb20eb69b4f57f.ctex[39m[0m
[  10% ] [90m[1msavepack[22m | Storing File: res://assets/characters/lwf_attendee_female_drink_hold_v1_attendee-palette.png.import[39m[0m
[  10% ] [90m[1msavepack[22m | Storing File: res://.godot/imported/lwf_attendee_female_drink_hold_v2.glb-a0fc61a371cf9403d4394df24ce94f77.scn[39m[0m
[  10% ] [90m[1msavepack[22m | Storing File: res://assets/characters/lwf_attendee_female_drink_hold_v2.glb.import[39m[0m
[  10% ] [90m[1msavepack[22m | Storing File: res://.godot/imported/lwf_attendee_female_drink_hold_v2_attendee-palette.png-8e2a5b89602f8d2936b8a1a214a84bce.ctex[39m[0m
[  10% ] [90m[1msavepack[22m | Storing File: res://assets/characters/lwf_attendee_female_drink_hold_v2_attendee-palette.png.import[39m[0m
[  11% ] [90m[1msavepack[22m | Storing File: res://.godot/imported/lwf_attendee_female_eating_v1.glb-6ad4b3b12d746baaf0e1d3c515d105c9.scn[39m[0m
[  11% ] [90m[1msavepack[22m | Storing File: res://assets/characters/lwf_attendee_female_eating_v1.glb.import[39m[0m
[  11% ] [90m[1msavepack[22m | Storing File: res://.godot/imported/lwf_attendee_female_eating_v1_attendee-palette.png-2e7e28babb957a592f33b97fc8471c92.ctex[39m[0m
[  11% ] [90m[1msavepack[22m | Storing File: res://assets/characters/lwf_attendee_female_eating_v1_attendee-palette.png.import[39m[0m
[  11% ] [90m[1msavepack[22m | Storing File: res://.godot/imported/lwf_attendee_female_eating_v2.glb-f3816a3f6c068b987c05af956cc929d0.scn[39m[0m
[  11% ] [90m[1msavepack[22m | Storing File: res://assets/characters/lwf_attendee_female_eating_v2.glb.import[39m[0m
[  11% ] [90m[1msavepack[22m | Storing File: res://.godot/imported/lwf_attendee_female_eating_v2_attendee-palette.png-3c4c4355470788404a5b3bc9352ddd34.ctex[39m[0m
[  11% ] [90m[1msavepack[22m | Storing File: res://assets/characters/lwf_attendee_female_eating_v2_attendee-palette.png.import[39m[0m
[  11% ] [90m[1msavepack[22m | Storing File: res://.godot/imported/lwf_attendee_female_food_hold_v1.glb-d26d97916b2271f172b4691e68aa3bf9.scn[39m[0m
[  11% ] [90m[1msavepack[22m | Storing File: res://assets/characters/lwf_attendee_female_food_hold_v1.glb.import[39m[0m
[  11% ] [90m[1msavepack[22m | Storing File: res://.godot/imported/lwf_attendee_female_food_hold_v1_attendee-palette.png-46b0de1983979203e8659761adfde7c9.ctex[39m[0m
[  11% ] [90m[1msavepack[22m | Storing File: res://assets/characters/lwf_attendee_female_food_hold_v1_attendee-palette.png.import[39m[0m
[  11% ] [90m[1msavepack[22m | Storing File: res://.godot/imported/lwf_attendee_female_food_hold_v2.glb-c81975c10efa9a3760754cd8cd604edd.scn[39m[0m
[  11% ] [90m[1msavepack[22m | Storing File: res://assets/characters/lwf_attendee_female_food_hold_v2.glb.import[39m[0m
[  11% ] [90m[1msavepack[22m | Storing File: res://.godot/imported/lwf_attendee_female_food_hold_v2_attendee-palette.png-d7ac6414c3a86d64907d657a62ac6171.ctex[39m[0m
[  11% ] [90m[1msavepack[22m | Storing File: res://assets/characters/lwf_attendee_female_food_hold_v2_attendee-palette.png.import[39m[0m
[  12% ] [90m[1msavepack[22m | Storing File: res://.godot/imported/lwf_attendee_female_relaxed_v1.glb-138c7ac4a9292ad06b9ef1d9b63f23e5.scn[39m[0m
[  12% ] [90m[1msavepack[22m | Storing File: res://assets/characters/lwf_attendee_female_relaxed_v1.glb.import[39m[0m
[  12% ] [90m[1msavepack[22m | Storing File: res://.godot/imported/lwf_attendee_female_relaxed_v1_attendee-palette.png-382d1d5c07d7e7743402f288a343d60b.ctex[39m[0m
[  12% ] [90m[1msavepack[22m | Storing File: res://assets/characters/lwf_attendee_female_relaxed_v1_attendee-palette.png.import[39m[0m
[  12% ] [90m[1msavepack[22m | Storing File: res://.godot/imported/lwf_attendee_female_relaxed_v2.glb-8a31b6cba9f6c9f3f971fe06ca8cf9e8.scn[39m[0m
[  12% ] [90m[1msavepack[22m | Storing File: res://assets/characters/lwf_attendee_female_relaxed_v2.glb.import[39m[0m
[  12% ] [90m[1msavepack[22m | Storing File: res://.godot/imported/lwf_attendee_female_relaxed_v2_attendee-palette.png-0632633b984708f76341ed8485003456.ctex[39m[0m
[  12% ] [90m[1msavepack[22m | Storing File: res://assets/characters/lwf_attendee_female_relaxed_v2_attendee-palette.png.import[39m[0m
[  12% ] [90m[1msavepack[22m | Storing File: res://.godot/imported/lwf_attendee_female_rigged_test_v1.glb-0bcd10609c7362751fdfd63b83e4bb52.scn[39m[0m
[  12% ] [90m[1msavepack[22m | Storing File: res://assets/characters/lwf_attendee_female_rigged_test_v1.glb.import[39m[0m
[  12% ] [90m[1msavepack[22m | Storing File: res://.godot/imported/lwf_attendee_female_rigged_test_v1_attendee-palette.png-0dffa427c25a8a45c12879f4e784de36.ctex[39m[0m
[  12% ] [90m[1msavepack[22m | Storing File: res://assets/characters/lwf_attendee_female_rigged_test_v1_attendee-palette.png.import[39m[0m
[  12% ] [90m[1msavepack[22m | Storing File: res://.godot/imported/lwf_attendee_male_drinking_beer_v1.glb-5bde290402ba71316912bd1b14420a3c.scn[39m[0m
[  12% ] [90m[1msavepack[22m | Storing File: res://assets/characters/lwf_attendee_male_drinking_beer_v1.glb.import[39m[0m
[  13% ] [90m[1msavepack[22m | Storing File: res://.godot/imported/lwf_attendee_male_drinking_beer_v1_attendee-palette.png-83be5817edc1a599992687f9b1a9f5ef.ctex[39m[0m
[  13% ] [90m[1msavepack[22m | Storing File: res://assets/characters/lwf_attendee_male_drinking_beer_v1_attendee-palette.png.import[39m[0m
[  13% ] [90m[1msavepack[22m | Storing File: res://.godot/imported/lwf_attendee_male_drinking_beer_v2.glb-070d66095ffba22555876afac5bf8823.scn[39m[0m
[  13% ] [90m[1msavepack[22m | Storing File: res://assets/characters/lwf_attendee_male_drinking_beer_v2.glb.import[39m[0m
[  13% ] [90m[1msavepack[22m | Storing File: res://.godot/imported/lwf_attendee_male_drinking_beer_v2_attendee-palette.png-d86fc760ae662131356cf39e22268a96.ctex[39m[0m
[  13% ] [90m[1msavepack[22m | Storing File: res://assets/characters/lwf_attendee_male_drinking_beer_v2_attendee-palette.png.import[39m[0m
[  13% ] [90m[1msavepack[22m | Storing File: res://.godot/imported/lwf_attendee_male_drinking_soft_v1.glb-407825df39ecd89b91b7eab43a47a82e.scn[39m[0m
[  13% ] [90m[1msavepack[22m | Storing File: res://assets/characters/lwf_attendee_male_drinking_soft_v1.glb.import[39m[0m
[  13% ] [90m[1msavepack[22m | Storing File: res://.godot/imported/lwf_attendee_male_drinking_soft_v1_attendee-palette.png-5e7f043bd9fa0dbb08651cfa91c3573a.ctex[39m[0m
[  13% ] [90m[1msavepack[22m | Storing File: res://assets/characters/lwf_attendee_male_drinking_soft_v1_attendee-palette.png.import[39m[0m
[  13% ] [90m[1msavepack[22m | Storing File: res://.godot/imported/lwf_attendee_male_drinking_soft_v2.glb-6e7c5e24f1dd2c51c66a6364e9a94a1f.scn[39m[0m
[  13% ] [90m[1msavepack[22m | Storing File: res://assets/characters/lwf_attendee_male_drinking_soft_v2.glb.import[39m[0m
[  13% ] [90m[1msavepack[22m | Storing File: res://.godot/imported/lwf_attendee_male_drinking_soft_v2_attendee-palette.png-85d85a4918da693c3afaf4995857079d.ctex[39m[0m
[  13% ] [90m[1msavepack[22m | Storing File: res://assets/characters/lwf_attendee_male_drinking_soft_v2_attendee-palette.png.import[39m[0m
[  13% ] [90m[1msavepack[22m | Storing File: res://.godot/imported/lwf_attendee_male_drink_hold_v1.glb-39a2718836cac9b0c4eaf05f9afcd9f0.scn[39m[0m
[  13% ] [90m[1msavepack[22m | Storing File: res://assets/characters/lwf_attendee_male_drink_hold_v1.glb.import[39m[0m
[  14% ] [90m[1msavepack[22m | Storing File: res://.godot/imported/lwf_attendee_male_drink_hold_v1_attendee-palette.png-61e1ddb04af01cb68d6335688b19335c.ctex[39m[0m
[  14% ] [90m[1msavepack[22m | Storing File: res://assets/characters/lwf_attendee_male_drink_hold_v1_attendee-palette.png.import[39m[0m
[  14% ] [90m[1msavepack[22m | Storing File: res://.godot/imported/lwf_attendee_male_drink_hold_v2.glb-d3dcc283df2ebe572779a4c36f93a8db.scn[39m[0m
[  14% ] [90m[1msavepack[22m | Storing File: res://assets/characters/lwf_attendee_male_drink_hold_v2.glb.import[39m[0m
[  14% ] [90m[1msavepack[22m | Storing File: res://.godot/imported/lwf_attendee_male_drink_hold_v2_attendee-palette.png-311177645e1ad72fa7ded3f7c6178af9.ctex[39m[0m
[  14% ] [90m[1msavepack[22m | Storing File: res://assets/characters/lwf_attendee_male_drink_hold_v2_attendee-palette.png.import[39m[0m
[  14% ] [90m[1msavepack[22m | Storing File: res://.godot/imported/lwf_attendee_male_eating_v1.glb-915ffedca054946e053066ff711d14f0.scn[39m[0m
[  14% ] [90m[1msavepack[22m | Storing File: res://assets/characters/lwf_attendee_male_eating_v1.glb.import[39m[0m
[  14% ] [90m[1msavepack[22m | Storing File: res://.godot/imported/lwf_attendee_male_eating_v1_attendee-palette.png-45c9057f270e0da2f9e53fdb19eed038.ctex[39m[0m
[  14% ] [90m[1msavepack[22m | Storing File: res://assets/characters/lwf_attendee_male_eating_v1_attendee-palette.png.import[39m[0m
[  14% ] [90m[1msavepack[22m | Storing File: res://.godot/imported/lwf_attendee_male_eating_v2.glb-155f7882bef126b7b29e32c56b51cdeb.scn[39m[0m
[  14% ] [90m[1msavepack[22m | Storing File: res://assets/characters/lwf_attendee_male_eating_v2.glb.import[39m[0m
[  14% ] [90m[1msavepack[22m | Storing File: res://.godot/imported/lwf_attendee_male_eating_v2_attendee-palette.png-8d9bd336bc8c4153253ec620ed752584.ctex[39m[0m
[  14% ] [90m[1msavepack[22m | Storing File: res://assets/characters/lwf_attendee_male_eating_v2_attendee-palette.png.import[39m[0m
[  15% ] [90m[1msavepack[22m | Storing File: res://.godot/imported/lwf_attendee_male_food_hold_v1.glb-90d432883217d7c920dc0496e3f307ae.scn[39m[0m
[  15% ] [90m[1msavepack[22m | Storing File: res://assets/characters/lwf_attendee_male_food_hold_v1.glb.import[39m[0m
[  15% ] [90m[1msavepack[22m | Storing File: res://.godot/imported/lwf_attendee_male_food_hold_v1_attendee-palette.png-0c73b758e0b8dcf5a07dbe51bdeedf02.ctex[39m[0m
[  15% ] [90m[1msavepack[22m | Storing File: res://assets/characters/lwf_attendee_male_food_hold_v1_attendee-palette.png.import[39m[0m
[  15% ] [90m[1msavepack[22m | Storing File: res://.godot/imported/lwf_attendee_male_food_hold_v2.glb-813c4f3175336db439125f20de17f397.scn[39m[0m
[  15% ] [90m[1msavepack[22m | Storing File: res://assets/characters/lwf_attendee_male_food_hold_v2.glb.import[39m[0m
[  15% ] [90m[1msavepack[22m | Storing File: res://.godot/imported/lwf_attendee_male_food_hold_v2_attendee-palette.png-3ddb8b693b2110533fbdf06e1428acf4.ctex[39m[0m
[  15% ] [90m[1msavepack[22m | Storing File: res://assets/characters/lwf_attendee_male_food_hold_v2_attendee-palette.png.import[39m[0m
[  15% ] [90m[1msavepack[22m | Storing File: res://.godot/imported/lwf_attendee_male_relaxed_v1.glb-8a2add3416e039bc46441a220df2c8d2.scn[39m[0m
[  15% ] [90m[1msavepack[22m | Storing File: res://assets/characters/lwf_attendee_male_relaxed_v1.glb.import[39m[0m
[  15% ] [90m[1msavepack[22m | Storing File: res://.godot/imported/lwf_attendee_male_relaxed_v1_attendee-palette.png-cbfab00c400c8459912173687bbd6281.ctex[39m[0m
[  15% ] [90m[1msavepack[22m | Storing File: res://assets/characters/lwf_attendee_male_relaxed_v1_attendee-palette.png.import[39m[0m
[  15% ] [90m[1msavepack[22m | Storing File: res://.godot/imported/lwf_attendee_male_relaxed_v2.glb-513af65e4b322d233d1e6cccdc307ec5.scn[39m[0m
[  15% ] [90m[1msavepack[22m | Storing File: res://assets/characters/lwf_attendee_male_relaxed_v2.glb.import[39m[0m
[  15% ] [90m[1msavepack[22m | Storing File: res://.godot/imported/lwf_attendee_male_relaxed_v2_attendee-palette.png-27d75dd5d000ccef08fe52b689e90697.ctex[39m[0m
[  15% ] [90m[1msavepack[22m | Storing File: res://assets/characters/lwf_attendee_male_relaxed_v2_attendee-palette.png.import[39m[0m
[  16% ] [90m[1msavepack[22m | Storing File: res://.godot/imported/lwf_attendee_male_rigged_test_v1.glb-12435aad94b194663dc9afef67954d0f.scn[39m[0m
[  16% ] [90m[1msavepack[22m | Storing File: res://assets/characters/lwf_attendee_male_rigged_test_v1.glb.import[39m[0m
[  16% ] [90m[1msavepack[22m | Storing File: res://.godot/imported/lwf_attendee_male_rigged_test_v1_attendee-palette.png-7b8fd369da40c8261920f32cc1f74ee3.ctex[39m[0m
[  16% ] [90m[1msavepack[22m | Storing File: res://assets/characters/lwf_attendee_male_rigged_test_v1_attendee-palette.png.import[39m[0m
[  16% ] [90m[1msavepack[22m | Storing File: res://.godot/imported/lwf_bassist_body_palette_v1.png-151813259f1595d79e322fb9ed70aa77.ctex[39m[0m
[  16% ] [90m[1msavepack[22m | Storing File: res://assets/characters/lwf_bassist_body_palette_v1.png.import[39m[0m
[  16% ] [90m[1msavepack[22m | Storing File: res://.godot/imported/lwf_bassist_female_kit_v1.glb-ca3e3db1f4ec0f44fcc50b7095968991.scn[39m[0m
[  16% ] [90m[1msavepack[22m | Storing File: res://assets/characters/lwf_bassist_female_kit_v1.glb.import[39m[0m
[  16% ] [90m[1msavepack[22m | Storing File: res://.godot/imported/lwf_bassist_female_kit_v1_lwf_bassist_body_palette_v1.png-e617b70da1e02de08f8002fecb23342e.ctex[39m[0m
[  16% ] [90m[1msavepack[22m | Storing File: res://assets/characters/lwf_bassist_female_kit_v1_lwf_bassist_body_palette_v1.png.import[39m[0m
[  16% ] [90m[1msavepack[22m | Storing File: res://.godot/imported/lwf_bassist_female_kit_v1_lwf_bassist_palette.png-0faf123e5f26627dec8a3cfba5a05baa.ctex[39m[0m
[  16% ] [90m[1msavepack[22m | Storing File: res://assets/characters/lwf_bassist_female_kit_v1_lwf_bassist_palette.png.import[39m[0m
[  16% ] [90m[1msavepack[22m | Storing File: res://.godot/imported/lwf_bassist_female_kit_v1_lwf_crew_trim_palette_v1.png-44b2e642ecbe65a74d25917c1a223e39.ctex[39m[0m
[  16% ] [90m[1msavepack[22m | Storing File: res://assets/characters/lwf_bassist_female_kit_v1_lwf_crew_trim_palette_v1.png.import[39m[0m
[  17% ] [90m[1msavepack[22m | Storing File: res://.godot/imported/lwf_bassist_female_kit_v2.glb-97797a6391c2b6d0b762c6e88d0677eb.scn[39m[0m
[  17% ] [90m[1msavepack[22m | Storing File: res://assets/characters/lwf_bassist_female_kit_v2.glb.import[39m[0m
[  17% ] [90m[1msavepack[22m | Storing File: res://.godot/imported/lwf_bassist_female_kit_v2_lwf_bassist_body_palette_v1.png-84a1888b42e63a1bd56dfa356aa4f462.ctex[39m[0m
[  17% ] [90m[1msavepack[22m | Storing File: res://assets/characters/lwf_bassist_female_kit_v2_lwf_bassist_body_palette_v1.png.import[39m[0m
[  17% ] [90m[1msavepack[22m | Storing File: res://.godot/imported/lwf_bassist_female_kit_v2_lwf_bassist_palette.png-39a51f2a9698f9392b3e962564203776.ctex[39m[0m
[  17% ] [90m[1msavepack[22m | Storing File: res://assets/characters/lwf_bassist_female_kit_v2_lwf_bassist_palette.png.import[39m[0m
[  17% ] [90m[1msavepack[22m | Storing File: res://.godot/imported/lwf_bassist_female_kit_v2_lwf_crew_trim_palette_v1.png-ace2168bd3bf237fc70fd975bfcd302f.ctex[39m[0m
[  17% ] [90m[1msavepack[22m | Storing File: res://assets/characters/lwf_bassist_female_kit_v2_lwf_crew_trim_palette_v1.png.import[39m[0m
[  17% ] [90m[1msavepack[22m | Storing File: res://.godot/imported/lwf_bassist_male_kit_v1.glb-c497b64ff6f49ce3e70675bf3ac8da1f.scn[39m[0m
[  17% ] [90m[1msavepack[22m | Storing File: res://assets/characters/lwf_bassist_male_kit_v1.glb.import[39m[0m
[  17% ] [90m[1msavepack[22m | Storing File: res://.godot/imported/lwf_bassist_male_kit_v1_lwf_bassist_body_palette_v1.png-8bfced78450272a6d0bd9d9885245470.ctex[39m[0m
[  17% ] [90m[1msavepack[22m | Storing File: res://assets/characters/lwf_bassist_male_kit_v1_lwf_bassist_body_palette_v1.png.import[39m[0m
[  17% ] [90m[1msavepack[22m | Storing File: res://.godot/imported/lwf_bassist_male_kit_v1_lwf_bassist_palette.png-0de471f6c29bf19493d78146933c2fb5.ctex[39m[0m
[  17% ] [90m[1msavepack[22m | Storing File: res://assets/characters/lwf_bassist_male_kit_v1_lwf_bassist_palette.png.import[39m[0m
[  17% ] [90m[1msavepack[22m | Storing File: res://.godot/imported/lwf_bassist_male_kit_v1_lwf_crew_trim_palette_v1.png-4355a96ffd806d21e9438860e945b114.ctex[39m[0m
[  17% ] [90m[1msavepack[22m | Storing File: res://assets/characters/lwf_bassist_male_kit_v1_lwf_crew_trim_palette_v1.png.import[39m[0m
[  18% ] [90m[1msavepack[22m | Storing File: res://.godot/imported/lwf_bassist_male_kit_v2.glb-302beb42fd5afd4f2b7bef09d7dec731.scn[39m[0m
[  18% ] [90m[1msavepack[22m | Storing File: res://assets/characters/lwf_bassist_male_kit_v2.glb.import[39m[0m
[  18% ] [90m[1msavepack[22m | Storing File: res://.godot/imported/lwf_bassist_male_kit_v2_lwf_bassist_body_palette_v1.png-bdb8d23b8c9b49793053f839766beac5.ctex[39m[0m
[  18% ] [90m[1msavepack[22m | Storing File: res://assets/characters/lwf_bassist_male_kit_v2_lwf_bassist_body_palette_v1.png.import[39m[0m
[  18% ] [90m[1msavepack[22m | Storing File: res://.godot/imported/lwf_bassist_male_kit_v2_lwf_bassist_palette.png-0a61be7b79bd2a43737ac6348bfe019c.ctex[39m[0m
[  18% ] [90m[1msavepack[22m | Storing File: res://assets/characters/lwf_bassist_male_kit_v2_lwf_bassist_palette.png.import[39m[0m
[  18% ] [90m[1msavepack[22m | Storing File: res://.godot/imported/lwf_bassist_male_kit_v2_lwf_crew_trim_palette_v1.png-31d17a4f4dcbb89dbfcfb1481c102ef1.ctex[39m[0m
[  18% ] [90m[1msavepack[22m | Storing File: res://assets/characters/lwf_bassist_male_kit_v2_lwf_crew_trim_palette_v1.png.import[39m[0m
[  18% ] [90m[1msavepack[22m | Storing File: res://.godot/imported/lwf_beard_male_v1.glb-08d7ac40b51dcf35aeea4f47ed50ea3f.scn[39m[0m
[  18% ] [90m[1msavepack[22m | Storing File: res://assets/characters/lwf_beard_male_v1.glb.import[39m[0m
[  18% ] [90m[1msavepack[22m | Storing File: res://.godot/imported/lwf_beard_male_v1_attendee-palette.png-b81bd1d26387dfb895b5cb83a7854766.ctex[39m[0m
[  18% ] [90m[1msavepack[22m | Storing File: res://assets/characters/lwf_beard_male_v1_attendee-palette.png.import[39m[0m
[  18% ] [90m[1msavepack[22m | Storing File: res://.godot/imported/lwf_crew_trim_palette_v1.png-23e928af27cf1581de5f03d8ae944097.ctex[39m[0m
[  18% ] [90m[1msavepack[22m | Storing File: res://assets/characters/lwf_crew_trim_palette_v1.png.import[39m[0m
[  19% ] [90m[1msavepack[22m | Storing File: res://.godot/imported/lwf_drummer_body_palette_v1.png-9c34224b6a1e5e58b749bac86574369c.ctex[39m[0m
[  19% ] [90m[1msavepack[22m | Storing File: res://assets/characters/lwf_drummer_body_palette_v1.png.import[39m[0m
[  19% ] [90m[1msavepack[22m | Storing File: res://.godot/imported/lwf_drummer_female_kit_v1.glb-dfe38a1b01ceeb5187b5d55aaa511fb7.scn[39m[0m
[  19% ] [90m[1msavepack[22m | Storing File: res://assets/characters/lwf_drummer_female_kit_v1.glb.import[39m[0m
[  19% ] [90m[1msavepack[22m | Storing File: res://.godot/imported/lwf_drummer_female_kit_v1_lwf_crew_trim_palette_v1.png-a65b297c8f01f6f5559da05b9b30b978.ctex[39m[0m
[  19% ] [90m[1msavepack[22m | Storing File: res://assets/characters/lwf_drummer_female_kit_v1_lwf_crew_trim_palette_v1.png.import[39m[0m
[  19% ] [90m[1msavepack[22m | Storing File: res://.godot/imported/lwf_drummer_female_kit_v1_lwf_drummer_body_palette_v1.png-fa89d90a9444e5cb9e5d7b91d5e9b323.ctex[39m[0m
[  19% ] [90m[1msavepack[22m | Storing File: res://assets/characters/lwf_drummer_female_kit_v1_lwf_drummer_body_palette_v1.png.import[39m[0m
[  19% ] [90m[1msavepack[22m | Storing File: res://.godot/imported/lwf_drummer_female_kit_v2.glb-7dbb454ee95d32e8dca0d1fa73705765.scn[39m[0m
[  19% ] [90m[1msavepack[22m | Storing File: res://assets/characters/lwf_drummer_female_kit_v2.glb.import[39m[0m
[  19% ] [90m[1msavepack[22m | Storing File: res://.godot/imported/lwf_drummer_female_kit_v2_lwf_crew_trim_palette_v1.png-d92766581b7817afb9ce8c544e860693.ctex[39m[0m
[  19% ] [90m[1msavepack[22m | Storing File: res://assets/characters/lwf_drummer_female_kit_v2_lwf_crew_trim_palette_v1.png.import[39m[0m
[  19% ] [90m[1msavepack[22m | Storing File: res://.godot/imported/lwf_drummer_female_kit_v2_lwf_drummer_body_palette_v1.png-5a6de2e6c33ad031e5d5f3360b500044.ctex[39m[0m
[  19% ] [90m[1msavepack[22m | Storing File: res://assets/characters/lwf_drummer_female_kit_v2_lwf_drummer_body_palette_v1.png.import[39m[0m
[  19% ] [90m[1msavepack[22m | Storing File: res://.godot/imported/lwf_drummer_male_kit_v1.glb-57c5c191f117b1b3a233426e40032c7e.scn[39m[0m
[  19% ] [90m[1msavepack[22m | Storing File: res://assets/characters/lwf_drummer_male_kit_v1.glb.import[39m[0m
[  20% ] [90m[1msavepack[22m | Storing File: res://.godot/imported/lwf_drummer_male_kit_v1_lwf_crew_trim_palette_v1.png-44f4a558c355944b1915b0e54a1b5864.ctex[39m[0m
[  20% ] [90m[1msavepack[22m | Storing File: res://assets/characters/lwf_drummer_male_kit_v1_lwf_crew_trim_palette_v1.png.import[39m[0m
[  20% ] [90m[1msavepack[22m | Storing File: res://.godot/imported/lwf_drummer_male_kit_v1_lwf_drummer_body_palette_v1.png-b91d73601b091f963013008e18c863e6.ctex[39m[0m
[  20% ] [90m[1msavepack[22m | Storing File: res://assets/characters/lwf_drummer_male_kit_v1_lwf_drummer_body_palette_v1.png.import[39m[0m
[  20% ] [90m[1msavepack[22m | Storing File: res://.godot/imported/lwf_drummer_male_kit_v2.glb-b175181ebf40639de88e63adb1a9947f.scn[39m[0m
[  20% ] [90m[1msavepack[22m | Storing File: res://assets/characters/lwf_drummer_male_kit_v2.glb.import[39m[0m
[  20% ] [90m[1msavepack[22m | Storing File: res://.godot/imported/lwf_drummer_male_kit_v2_lwf_crew_trim_palette_v1.png-09deaacccc1c71487fbe488a88f1c971.ctex[39m[0m
[  20% ] [90m[1msavepack[22m | Storing File: res://assets/characters/lwf_drummer_male_kit_v2_lwf_crew_trim_palette_v1.png.import[39m[0m
[  20% ] [90m[1msavepack[22m | Storing File: res://.godot/imported/lwf_drummer_male_kit_v2_lwf_drummer_body_palette_v1.png-d15067b594f810c3e11648541e93959c.ctex[39m[0m
[  20% ] [90m[1msavepack[22m | Storing File: res://assets/characters/lwf_drummer_male_kit_v2_lwf_drummer_body_palette_v1.png.import[39m[0m
[  20% ] [90m[1msavepack[22m | Storing File: res://.godot/imported/lwf_drum_hardware_compact_v1.glb-675e83912e1e2dcb9906ed1ee769f385.scn[39m[0m
[  20% ] [90m[1msavepack[22m | Storing File: res://assets/characters/lwf_drum_hardware_compact_v1.glb.import[39m[0m
[  20% ] [90m[1msavepack[22m | Storing File: res://.godot/imported/lwf_drum_hardware_compact_v1_lwf_drummer_palette.png-bf64f9ad584cc66e6c0e150bba715208.ctex[39m[0m
[  20% ] [90m[1msavepack[22m | Storing File: res://assets/characters/lwf_drum_hardware_compact_v1_lwf_drummer_palette.png.import[39m[0m
[  21% ] [90m[1msavepack[22m | Storing File: res://.godot/imported/lwf_drum_hardware_double_kick_v1.glb-6147233796b490f733510d54f6fb0f72.scn[39m[0m
[  21% ] [90m[1msavepack[22m | Storing File: res://assets/characters/lwf_drum_hardware_double_kick_v1.glb.import[39m[0m
[  21% ] [90m[1msavepack[22m | Storing File: res://.godot/imported/lwf_drum_hardware_double_kick_v1_lwf_drummer_palette.png-01037c89a5f1e40412f78681e4fa0783.ctex[39m[0m
[  21% ] [90m[1msavepack[22m | Storing File: res://assets/characters/lwf_drum_hardware_double_kick_v1_lwf_drummer_palette.png.import[39m[0m
[  21% ] [90m[1msavepack[22m | Storing File: res://.godot/imported/lwf_drum_hardware_electronic_v1.glb-63bd8561b9e4d203968501cea83458af.scn[39m[0m
[  21% ] [90m[1msavepack[22m | Storing File: res://assets/characters/lwf_drum_hardware_electronic_v1.glb.import[39m[0m
[  21% ] [90m[1msavepack[22m | Storing File: res://.godot/imported/lwf_drum_hardware_electronic_v1_lwf_drummer_palette.png-a51c1c2cfba13e0564ce4cf5106ad648.ctex[39m[0m
[  21% ] [90m[1msavepack[22m | Storing File: res://assets/characters/lwf_drum_hardware_electronic_v1_lwf_drummer_palette.png.import[39m[0m
[  21% ] [90m[1msavepack[22m | Storing File: res://.godot/imported/lwf_drum_hardware_only_v1.glb-4253d7f837e06c9f6bbd879a790be62e.scn[39m[0m
[  21% ] [90m[1msavepack[22m | Storing File: res://assets/characters/lwf_drum_hardware_only_v1.glb.import[39m[0m
[  21% ] [90m[1msavepack[22m | Storing File: res://.godot/imported/lwf_drum_hardware_only_v1_lwf_drummer_palette.png-552403e5d3e849dd2906979e124bc651.ctex[39m[0m
[  21% ] [90m[1msavepack[22m | Storing File: res://assets/characters/lwf_drum_hardware_only_v1_lwf_drummer_palette.png.import[39m[0m
[  21% ] [90m[1msavepack[22m | Storing File: res://.godot/imported/lwf_drum_hardware_only_v2.glb-423943424ed2da2746853beaadd847b2.scn[39m[0m
[  21% ] [90m[1msavepack[22m | Storing File: res://assets/characters/lwf_drum_hardware_only_v2.glb.import[39m[0m
[  21% ] [90m[1msavepack[22m | Storing File: res://.godot/imported/lwf_drum_hardware_only_v2_lwf_drummer_palette.png-17c0c3e415f9333f71e259a14283478c.ctex[39m[0m
[  21% ] [90m[1msavepack[22m | Storing File: res://assets/characters/lwf_drum_hardware_only_v2_lwf_drummer_palette.png.import[39m[0m
[  22% ] [90m[1msavepack[22m | Storing File: res://.godot/imported/lwf_electronic_female_desk_kit_v2.glb-a51469b1ef90fd789811dbe40b8ae2fd.scn[39m[0m
[  22% ] [90m[1msavepack[22m | Storing File: res://assets/characters/lwf_electronic_female_desk_kit_v2.glb.import[39m[0m
[  22% ] [90m[1msavepack[22m | Storing File: res://.godot/imported/lwf_electronic_female_desk_kit_v2_lwf_drummer_body_palette_v1.png-f13cb9b0671340d32e227c994d9cb7be.ctex[39m[0m
[  22% ] [90m[1msavepack[22m | Storing File: res://assets/characters/lwf_electronic_female_desk_kit_v2_lwf_drummer_body_palette_v1.png.import[39m[0m
[  22% ] [90m[1msavepack[22m | Storing File: res://.godot/imported/lwf_electronic_male_desk_kit_v2.glb-8d6b79931ba7ebe08c921bdba061188b.scn[39m[0m
[  22% ] [90m[1msavepack[22m | Storing File: res://assets/characters/lwf_electronic_male_desk_kit_v2.glb.import[39m[0m
[  22% ] [90m[1msavepack[22m | Storing File: res://.godot/imported/lwf_electronic_male_desk_kit_v2_lwf_drummer_body_palette_v1.png-77f7df9a52c64ce9a42120833585b3b2.ctex[39m[0m
[  22% ] [90m[1msavepack[22m | Storing File: res://assets/characters/lwf_electronic_male_desk_kit_v2_lwf_drummer_body_palette_v1.png.import[39m[0m
[  22% ] [90m[1msavepack[22m | Storing File: res://.godot/imported/lwf_generic_attendee_v1.glb-5242934b779cc50c8356b689f648e4a2.scn[39m[0m
[  22% ] [90m[1msavepack[22m | Storing File: res://assets/characters/lwf_generic_attendee_v1.glb.import[39m[0m
[  22% ] [90m[1msavepack[22m | Storing File: res://.godot/imported/lwf_generic_attendee_v1_attendee_palette.png-428fcea7bd9a6fde179bcd5e363ba225.ctex[39m[0m
[  22% ] [90m[1msavepack[22m | Storing File: res://assets/characters/lwf_generic_attendee_v1_attendee_palette.png.import[39m[0m
[  22% ] [90m[1msavepack[22m | Storing File: res://.godot/imported/lwf_guitarist_body_palette_v1.png-6d965315f387c3ebc6146bb9c363d79b.ctex[39m[0m
[  22% ] [90m[1msavepack[22m | Storing File: res://assets/characters/lwf_guitarist_body_palette_v1.png.import[39m[0m
[  23% ] [90m[1msavepack[22m | Storing File: res://.godot/imported/lwf_guitarist_female_acoustic_kit_v2.glb-39e40717462cb8af4e2fb555fbe962da.scn[39m[0m
[  23% ] [90m[1msavepack[22m | Storing File: res://assets/characters/lwf_guitarist_female_acoustic_kit_v2.glb.import[39m[0m
[  23% ] [90m[1msavepack[22m | Storing File: res://.godot/imported/lwf_guitarist_female_acoustic_kit_v2_lwf_crew_trim_palette_v1.png-8ad758b5a76c84e521d30413fb397c31.ctex[39m[0m
[  23% ] [90m[1msavepack[22m | Storing File: res://assets/characters/lwf_guitarist_female_acoustic_kit_v2_lwf_crew_trim_palette_v1.png.import[39m[0m
[  23% ] [90m[1msavepack[22m | Storing File: res://.godot/imported/lwf_guitarist_female_acoustic_kit_v2_lwf_guitarist_body_palette_v1.png-29a3a51e77a888ef2c4efd74688c250e.ctex[39m[0m
[  23% ] [90m[1msavepack[22m | Storing File: res://assets/characters/lwf_guitarist_female_acoustic_kit_v2_lwf_guitarist_body_palette_v1.png.import[39m[0m
[  23% ] [90m[1msavepack[22m | Storing File: res://.godot/imported/lwf_guitarist_female_acoustic_kit_v2_lwf_guitarist_palette.png-454531bbf3f31d8f4814c11e97f72784.ctex[39m[0m
[  23% ] [90m[1msavepack[22m | Storing File: res://assets/characters/lwf_guitarist_female_acoustic_kit_v2_lwf_guitarist_palette.png.import[39m[0m
[  23% ] [90m[1msavepack[22m | Storing File: res://.godot/imported/lwf_guitarist_female_electric_kit_v2.glb-1108aba06bdeb8c849c8edb2a5f06c02.scn[39m[0m
[  23% ] [90m[1msavepack[22m | Storing File: res://assets/characters/lwf_guitarist_female_electric_kit_v2.glb.import[39m[0m
[  23% ] [90m[1msavepack[22m | Storing File: res://.godot/imported/lwf_guitarist_female_electric_kit_v2_lwf_crew_trim_palette_v1.png-dfb88a4e8854f012f1883d59b358f49d.ctex[39m[0m
[  23% ] [90m[1msavepack[22m | Storing File: res://assets/characters/lwf_guitarist_female_electric_kit_v2_lwf_crew_trim_palette_v1.png.import[39m[0m
[  23% ] [90m[1msavepack[22m | Storing File: res://.godot/imported/lwf_guitarist_female_electric_kit_v2_lwf_guitarist_body_palette_v1.png-2061b198fabffe53dbc1716e14680084.ctex[39m[0m
[  23% ] [90m[1msavepack[22m | Storing File: res://assets/characters/lwf_guitarist_female_electric_kit_v2_lwf_guitarist_body_palette_v1.png.import[39m[0m
[  23% ] [90m[1msavepack[22m | Storing File: res://.godot/imported/lwf_guitarist_female_electric_kit_v2_lwf_guitarist_palette.png-1ba2526cf45016f91f06acd19c5dac5e.ctex[39m[0m
[  23% ] [90m[1msavepack[22m | Storing File: res://assets/characters/lwf_guitarist_female_electric_kit_v2_lwf_guitarist_palette.png.import[39m[0m
[  24% ] [90m[1msavepack[22m | Storing File: res://.godot/imported/lwf_guitarist_female_flyingv_kit_v2.glb-525c53afdc9049800643470319c899e4.scn[39m[0m
[  24% ] [90m[1msavepack[22m | Storing File: res://assets/characters/lwf_guitarist_female_flyingv_kit_v2.glb.import[39m[0m
[  24% ] [90m[1msavepack[22m | Storing File: res://.godot/imported/lwf_guitarist_female_flyingv_kit_v2_lwf_crew_trim_palette_v1.png-58ea30643ff36e7a7e22507a6603a59d.ctex[39m[0m
[  24% ] [90m[1msavepack[22m | Storing File: res://assets/characters/lwf_guitarist_female_flyingv_kit_v2_lwf_crew_trim_palette_v1.png.import[39m[0m
[  24% ] [90m[1msavepack[22m | Storing File: res://.godot/imported/lwf_guitarist_female_flyingv_kit_v2_lwf_guitarist_body_palette_v1.png-cecdf144b9c46689b362c1a9cd17f0c5.ctex[39m[0m
[  24% ] [90m[1msavepack[22m | Storing File: res://assets/characters/lwf_guitarist_female_flyingv_kit_v2_lwf_guitarist_body_palette_v1.png.import[39m[0m
[  24% ] [90m[1msavepack[22m | Storing File: res://.godot/imported/lwf_guitarist_female_flyingv_kit_v2_lwf_guitarist_palette.png-77398cf738beb70c2c738ea937152ca7.ctex[39m[0m
[  24% ] [90m[1msavepack[22m | Storing File: res://assets/characters/lwf_guitarist_female_flyingv_kit_v2_lwf_guitarist_palette.png.import[39m[0m
[  24% ] [90m[1msavepack[22m | Storing File: res://.godot/imported/lwf_guitarist_female_kit_v1.glb-a51c659b7864463f8b626413f0b1907f.scn[39m[0m
[  24% ] [90m[1msavepack[22m | Storing File: res://assets/characters/lwf_guitarist_female_kit_v1.glb.import[39m[0m
[  24% ] [90m[1msavepack[22m | Storing File: res://.godot/imported/lwf_guitarist_female_kit_v1_lwf_crew_trim_palette_v1.png-416511dbfa46475bb5981fd88e0c96a7.ctex[39m[0m
[  24% ] [90m[1msavepack[22m | Storing File: res://assets/characters/lwf_guitarist_female_kit_v1_lwf_crew_trim_palette_v1.png.import[39m[0m
[  24% ] [90m[1msavepack[22m | Storing File: res://.godot/imported/lwf_guitarist_female_kit_v1_lwf_guitarist_body_palette_v1.png-12668597294e79b926560db77487b099.ctex[39m[0m
[  24% ] [90m[1msavepack[22m | Storing File: res://assets/characters/lwf_guitarist_female_kit_v1_lwf_guitarist_body_palette_v1.png.import[39m[0m
[  25% ] [90m[1msavepack[22m | Storing File: res://.godot/imported/lwf_guitarist_female_kit_v1_lwf_guitarist_palette.png-263eb67a844ef8cb859f4fb45ac92cc5.ctex[39m[0m
[  25% ] [90m[1msavepack[22m | Storing File: res://assets/characters/lwf_guitarist_female_kit_v1_lwf_guitarist_palette.png.import[39m[0m
[  25% ] [90m[1msavepack[22m | Storing File: res://.godot/imported/lwf_guitarist_female_kit_v2.glb-51d6cb11b895c2f3cc655dc4549a312a.scn[39m[0m
[  25% ] [90m[1msavepack[22m | Storing File: res://assets/characters/lwf_guitarist_female_kit_v2.glb.import[39m[0m
[  25% ] [90m[1msavepack[22m | Storing File: res://.godot/imported/lwf_guitarist_female_kit_v2_lwf_crew_trim_palette_v1.png-4b57377f417bf8ff1c08cf00332eca9b.ctex[39m[0m
[  25% ] [90m[1msavepack[22m | Storing File: res://assets/characters/lwf_guitarist_female_kit_v2_lwf_crew_trim_palette_v1.png.import[39m[0m
[  25% ] [90m[1msavepack[22m | Storing File: res://.godot/imported/lwf_guitarist_female_kit_v2_lwf_guitarist_body_palette_v1.png-f38b10809e005ce12ed7598d151c8bb9.ctex[39m[0m
[  25% ] [90m[1msavepack[22m | Storing File: res://assets/characters/lwf_guitarist_female_kit_v2_lwf_guitarist_body_palette_v1.png.import[39m[0m
[  25% ] [90m[1msavepack[22m | Storing File: res://.godot/imported/lwf_guitarist_female_kit_v2_lwf_guitarist_palette.png-f2c67617f33b3c1130c1e3fdaaaeb94f.ctex[39m[0m
[  25% ] [90m[1msavepack[22m | Storing File: res://assets/characters/lwf_guitarist_female_kit_v2_lwf_guitarist_palette.png.import[39m[0m
[  25% ] [90m[1msavepack[22m | Storing File: res://.godot/imported/lwf_guitarist_male_acoustic_kit_v2.glb-0414cbd9ba6e8660a676159836e4e395.scn[39m[0m
[  25% ] [90m[1msavepack[22m | Storing File: res://assets/characters/lwf_guitarist_male_acoustic_kit_v2.glb.import[39m[0m
[  25% ] [90m[1msavepack[22m | Storing File: res://.godot/imported/lwf_guitarist_male_acoustic_kit_v2_lwf_crew_trim_palette_v1.png-5b8255d5784a075b01fa66c90e9d6368.ctex[39m[0m
[  25% ] [90m[1msavepack[22m | Storing File: res://assets/characters/lwf_guitarist_male_acoustic_kit_v2_lwf_crew_trim_palette_v1.png.import[39m[0m
[  26% ] [90m[1msavepack[22m | Storing File: res://.godot/imported/lwf_guitarist_male_acoustic_kit_v2_lwf_guitarist_body_palette_v1.png-ca30fa35a8c2953f19bd65162d011180.ctex[39m[0m
[  26% ] [90m[1msavepack[22m | Storing File: res://assets/characters/lwf_guitarist_male_acoustic_kit_v2_lwf_guitarist_body_palette_v1.png.import[39m[0m
[  26% ] [90m[1msavepack[22m | Storing File: res://.godot/imported/lwf_guitarist_male_acoustic_kit_v2_lwf_guitarist_palette.png-704461c0aabb79145d725fd0257d5442.ctex[39m[0m
[  26% ] [90m[1msavepack[22m | Storing File: res://assets/characters/lwf_guitarist_male_acoustic_kit_v2_lwf_guitarist_palette.png.import[39m[0m
[  26% ] [90m[1msavepack[22m | Storing File: res://.godot/imported/lwf_guitarist_male_electric_kit_v2.glb-fcfd27c9f0231391ec3498eb90604967.scn[39m[0m
[  26% ] [90m[1msavepack[22m | Storing File: res://assets/characters/lwf_guitarist_male_electric_kit_v2.glb.import[39m[0m
[  26% ] [90m[1msavepack[22m | Storing File: res://.godot/imported/lwf_guitarist_male_electric_kit_v2_lwf_crew_trim_palette_v1.png-d59160a8f9645ab5a8c7d648e274255a.ctex[39m[0m
[  26% ] [90m[1msavepack[22m | Storing File: res://assets/characters/lwf_guitarist_male_electric_kit_v2_lwf_crew_trim_palette_v1.png.import[39m[0m
[  26% ] [90m[1msavepack[22m | Storing File: res://.godot/imported/lwf_guitarist_male_electric_kit_v2_lwf_guitarist_body_palette_v1.png-9b4977599dc9411140095ea8a3629fc0.ctex[39m[0m
[  26% ] [90m[1msavepack[22m | Storing File: res://assets/characters/lwf_guitarist_male_electric_kit_v2_lwf_guitarist_body_palette_v1.png.import[39m[0m
[  26% ] [90m[1msavepack[22m | Storing File: res://.godot/imported/lwf_guitarist_male_electric_kit_v2_lwf_guitarist_palette.png-5d3946bead2bce22cc9b38335780e39b.ctex[39m[0m
[  26% ] [90m[1msavepack[22m | Storing File: res://assets/characters/lwf_guitarist_male_electric_kit_v2_lwf_guitarist_palette.png.import[39m[0m
[  26% ] [90m[1msavepack[22m | Storing File: res://.godot/imported/lwf_guitarist_male_flyingv_kit_v2.glb-904eefe487f99665048487ef08db5a64.scn[39m[0m
[  26% ] [90m[1msavepack[22m | Storing File: res://assets/characters/lwf_guitarist_male_flyingv_kit_v2.glb.import[39m[0m
[  26% ] [90m[1msavepack[22m | Storing File: res://.godot/imported/lwf_guitarist_male_flyingv_kit_v2_lwf_crew_trim_palette_v1.png-07515cf1af2d6018cbd6530c67917f1b.ctex[39m[0m
[  26% ] [90m[1msavepack[22m | Storing File: res://assets/characters/lwf_guitarist_male_flyingv_kit_v2_lwf_crew_trim_palette_v1.png.import[39m[0m
[  27% ] [90m[1msavepack[22m | Storing File: res://.godot/imported/lwf_guitarist_male_flyingv_kit_v2_lwf_guitarist_body_palette_v1.png-a9cd80fa7433c8d838af337ee42bfb4b.ctex[39m[0m
[  27% ] [90m[1msavepack[22m | Storing File: res://assets/characters/lwf_guitarist_male_flyingv_kit_v2_lwf_guitarist_body_palette_v1.png.import[39m[0m
[  27% ] [90m[1msavepack[22m | Storing File: res://.godot/imported/lwf_guitarist_male_flyingv_kit_v2_lwf_guitarist_palette.png-7bfafbadfd7636ab1a0a150a6c754500.ctex[39m[0m
[  27% ] [90m[1msavepack[22m | Storing File: res://assets/characters/lwf_guitarist_male_flyingv_kit_v2_lwf_guitarist_palette.png.import[39m[0m
[  27% ] [90m[1msavepack[22m | Storing File: res://.godot/imported/lwf_guitarist_male_kit_v1.glb-9d5726ab0a171d5ac4920b99b8421006.scn[39m[0m
[  27% ] [90m[1msavepack[22m | Storing File: res://assets/characters/lwf_guitarist_male_kit_v1.glb.import[39m[0m
[  27% ] [90m[1msavepack[22m | Storing File: res://.godot/imported/lwf_guitarist_male_kit_v1_lwf_crew_trim_palette_v1.png-f6ea0a5856a3ab815a8601cd8aa3bc0c.ctex[39m[0m
[  27% ] [90m[1msavepack[22m | Storing File: res://assets/characters/lwf_guitarist_male_kit_v1_lwf_crew_trim_palette_v1.png.import[39m[0m
[  27% ] [90m[1msavepack[22m | Storing File: res://.godot/imported/lwf_guitarist_male_kit_v1_lwf_guitarist_body_palette_v1.png-d8f4333186c571cba2055040f44fb13b.ctex[39m[0m
[  27% ] [90m[1msavepack[22m | Storing File: res://assets/characters/lwf_guitarist_male_kit_v1_lwf_guitarist_body_palette_v1.png.import[39m[0m
[  27% ] [90m[1msavepack[22m | Storing File: res://.godot/imported/lwf_guitarist_male_kit_v1_lwf_guitarist_palette.png-b501924755ff6f338a9d1b04c24484b8.ctex[39m[0m
[  27% ] [90m[1msavepack[22m | Storing File: res://assets/characters/lwf_guitarist_male_kit_v1_lwf_guitarist_palette.png.import[39m[0m
[  27% ] [90m[1msavepack[22m | Storing File: res://.godot/imported/lwf_guitarist_male_kit_v2.glb-783d8423d8f57e72c25eff25cb196415.scn[39m[0m
[  27% ] [90m[1msavepack[22m | Storing File: res://assets/characters/lwf_guitarist_male_kit_v2.glb.import[39m[0m
[  28% ] [90m[1msavepack[22m | Storing File: res://.godot/imported/lwf_guitarist_male_kit_v2_lwf_crew_trim_palette_v1.png-7030347dfdec88a5ceb0ee3d293250d8.ctex[39m[0m
[  28% ] [90m[1msavepack[22m | Storing File: res://assets/characters/lwf_guitarist_male_kit_v2_lwf_crew_trim_palette_v1.png.import[39m[0m
[  28% ] [90m[1msavepack[22m | Storing File: res://.godot/imported/lwf_guitarist_male_kit_v2_lwf_guitarist_body_palette_v1.png-cc61866441093b18689acc8d2561ebeb.ctex[39m[0m
[  28% ] [90m[1msavepack[22m | Storing File: res://assets/characters/lwf_guitarist_male_kit_v2_lwf_guitarist_body_palette_v1.png.import[39m[0m
[  28% ] [90m[1msavepack[22m | Storing File: res://.godot/imported/lwf_guitarist_male_kit_v2_lwf_guitarist_palette.png-fbbaa81b7f7bc204ded63429703ce4e3.ctex[39m[0m
[  28% ] [90m[1msavepack[22m | Storing File: res://assets/characters/lwf_guitarist_male_kit_v2_lwf_guitarist_palette.png.import[39m[0m
[  28% ] [90m[1msavepack[22m | Storing File: res://.godot/imported/lwf_hair_female_default_under_cap_v1.glb-0398711a1f255f447fc74fe3b94e1130.scn[39m[0m
[  28% ] [90m[1msavepack[22m | Storing File: res://assets/characters/lwf_hair_female_default_under_cap_v1.glb.import[39m[0m
[  28% ] [90m[1msavepack[22m | Storing File: res://.godot/imported/lwf_hair_female_default_under_cap_v1_attendee-palette.png-20be6168cccc4a05e5e21e779361f4a7.ctex[39m[0m
[  28% ] [90m[1msavepack[22m | Storing File: res://assets/characters/lwf_hair_female_default_under_cap_v1_attendee-palette.png.import[39m[0m
[  28% ] [90m[1msavepack[22m | Storing File: res://.godot/imported/lwf_hair_female_default_v1.glb-e11b109e9f4e45af60d83d8d7348bf60.scn[39m[0m
[  28% ] [90m[1msavepack[22m | Storing File: res://assets/characters/lwf_hair_female_default_v1.glb.import[39m[0m
[  28% ] [90m[1msavepack[22m | Storing File: res://.godot/imported/lwf_hair_female_default_v1_attendee-palette.png-62d0de1d5ef173ad4948acf4e21a7ff8.ctex[39m[0m
[  28% ] [90m[1msavepack[22m | Storing File: res://assets/characters/lwf_hair_female_default_v1_attendee-palette.png.import[39m[0m
[  28% ] [90m[1msavepack[22m | Storing File: res://.godot/imported/lwf_hair_female_mohawk_v1.glb-afc7c92537eb52cddb3fb12763e6bc79.scn[39m[0m
[  28% ] [90m[1msavepack[22m | Storing File: res://assets/characters/lwf_hair_female_mohawk_v1.glb.import[39m[0m
[  29% ] [90m[1msavepack[22m | Storing File: res://.godot/imported/lwf_hair_female_mohawk_v1_attendee-palette.png-a03268e8df235f2f897409244eb1714c.ctex[39m[0m
[  29% ] [90m[1msavepack[22m | Storing File: res://assets/characters/lwf_hair_female_mohawk_v1_attendee-palette.png.import[39m[0m
[  29% ] [90m[1msavepack[22m | Storing File: res://.godot/imported/lwf_hair_male_default_under_cap_v1.glb-77adc6aef80ac0ac823165962838f88e.scn[39m[0m
[  29% ] [90m[1msavepack[22m | Storing File: res://assets/characters/lwf_hair_male_default_under_cap_v1.glb.import[39m[0m
[  29% ] [90m[1msavepack[22m | Storing File: res://.godot/imported/lwf_hair_male_default_under_cap_v1_attendee-palette.png-951ccf0cc958486b7b6f70c010b1b6e0.ctex[39m[0m
[  29% ] [90m[1msavepack[22m | Storing File: res://assets/characters/lwf_hair_male_default_under_cap_v1_attendee-palette.png.import[39m[0m
[  29% ] [90m[1msavepack[22m | Storing File: res://.godot/imported/lwf_hair_male_default_v1.glb-83cdbc8d8850917ca4bc62232640ff89.scn[39m[0m
[  29% ] [90m[1msavepack[22m | Storing File: res://assets/characters/lwf_hair_male_default_v1.glb.import[39m[0m
[  29% ] [90m[1msavepack[22m | Storing File: res://.godot/imported/lwf_hair_male_default_v1_attendee-palette.png-34e83c9c751ed38a7d12bd0a36226da3.ctex[39m[0m
[  29% ] [90m[1msavepack[22m | Storing File: res://assets/characters/lwf_hair_male_default_v1_attendee-palette.png.import[39m[0m
[  29% ] [90m[1msavepack[22m | Storing File: res://.godot/imported/lwf_hair_male_mohawk_v1.glb-20736e24063a783669626df308915c9f.scn[39m[0m
[  29% ] [90m[1msavepack[22m | Storing File: res://assets/characters/lwf_hair_male_mohawk_v1.glb.import[39m[0m
[  29% ] [90m[1msavepack[22m | Storing File: res://.godot/imported/lwf_hair_male_mohawk_v1_attendee-palette.png-718c6f3aa44b9594b15ac9714aa66503.ctex[39m[0m
[  29% ] [90m[1msavepack[22m | Storing File: res://assets/characters/lwf_hair_male_mohawk_v1_attendee-palette.png.import[39m[0m
[  30% ] [90m[1msavepack[22m | Storing File: res://.godot/imported/lwf_hat_cap_female_v1.glb-4a771157f82fc3ba8ad134314b21a8b5.scn[39m[0m
[  30% ] [90m[1msavepack[22m | Storing File: res://assets/characters/lwf_hat_cap_female_v1.glb.import[39m[0m
[  30% ] [90m[1msavepack[22m | Storing File: res://.godot/imported/lwf_hat_cap_female_v1_lwf_crowd_accessory_palette.png-d41c98c86a3b7d514e321d1598374cc2.ctex[39m[0m
[  30% ] [90m[1msavepack[22m | Storing File: res://assets/characters/lwf_hat_cap_female_v1_lwf_crowd_accessory_palette.png.import[39m[0m
[  30% ] [90m[1msavepack[22m | Storing File: res://.godot/imported/lwf_hat_cap_male_v1.glb-45771a724b5a1c6dcae5ae4d2ba6f58e.scn[39m[0m
[  30% ] [90m[1msavepack[22m | Storing File: res://assets/characters/lwf_hat_cap_male_v1.glb.import[39m[0m
[  30% ] [90m[1msavepack[22m | Storing File: res://.godot/imported/lwf_hat_cap_male_v1_lwf_crowd_accessory_palette.png-4125a3c1fbe6a7f6138e1c4f0d70bd1a.ctex[39m[0m
[  30% ] [90m[1msavepack[22m | Storing File: res://assets/characters/lwf_hat_cap_male_v1_lwf_crowd_accessory_palette.png.import[39m[0m
[  30% ] [90m[1msavepack[22m | Storing File: res://.godot/imported/lwf_hat_flower_crown_female_v1.glb-513d4a2b9b23a259602b4aec873f2e17.scn[39m[0m
[  30% ] [90m[1msavepack[22m | Storing File: res://assets/characters/lwf_hat_flower_crown_female_v1.glb.import[39m[0m
[  30% ] [90m[1msavepack[22m | Storing File: res://.godot/imported/lwf_hat_flower_crown_female_v1_lwf_crowd_accessory_palette.png-4494be61ec8d2cb9057201910b66afcc.ctex[39m[0m
[  30% ] [90m[1msavepack[22m | Storing File: res://assets/characters/lwf_hat_flower_crown_female_v1_lwf_crowd_accessory_palette.png.import[39m[0m
[  30% ] [90m[1msavepack[22m | Storing File: res://.godot/imported/lwf_hat_flower_crown_male_v1.glb-eefcccd197be3c46081899bb60247c33.scn[39m[0m
[  30% ] [90m[1msavepack[22m | Storing File: res://assets/characters/lwf_hat_flower_crown_male_v1.glb.import[39m[0m
[  30% ] [90m[1msavepack[22m | Storing File: res://.godot/imported/lwf_hat_flower_crown_male_v1_lwf_crowd_accessory_palette.png-7e5ccdd8033dea7bbacbbc17003b94ce.ctex[39m[0m
[  30% ] [90m[1msavepack[22m | Storing File: res://assets/characters/lwf_hat_flower_crown_male_v1_lwf_crowd_accessory_palette.png.import[39m[0m
[  31% ] [90m[1msavepack[22m | Storing File: res://.godot/imported/lwf_keyboardist_female_kit_v2.glb-08d549111374124472862215c2094861.scn[39m[0m
[  31% ] [90m[1msavepack[22m | Storing File: res://assets/characters/lwf_keyboardist_female_kit_v2.glb.import[39m[0m
[  31% ] [90m[1msavepack[22m | Storing File: res://.godot/imported/lwf_keyboardist_female_kit_v2_lwf_drummer_body_palette_v1.png-f2ac3d6846322b3398a0351d689f01f9.ctex[39m[0m
[  31% ] [90m[1msavepack[22m | Storing File: res://assets/characters/lwf_keyboardist_female_kit_v2_lwf_drummer_body_palette_v1.png.import[39m[0m
[  31% ] [90m[1msavepack[22m | Storing File: res://.godot/imported/lwf_keyboardist_female_kit_v2_lwf_keyboard_palette.png-dd6b913ba3ca3d8d74a9e5e6b1bfdc0d.ctex[39m[0m
[  31% ] [90m[1msavepack[22m | Storing File: res://assets/characters/lwf_keyboardist_female_kit_v2_lwf_keyboard_palette.png.import[39m[0m
[  31% ] [90m[1msavepack[22m | Storing File: res://.godot/imported/lwf_keyboardist_male_kit_v2.glb-15b3a075663b860e77272f841cff59ef.scn[39m[0m
[  31% ] [90m[1msavepack[22m | Storing File: res://assets/characters/lwf_keyboardist_male_kit_v2.glb.import[39m[0m
[  31% ] [90m[1msavepack[22m | Storing File: res://.godot/imported/lwf_keyboardist_male_kit_v2_lwf_drummer_body_palette_v1.png-7e2ae958737ed004218b66591a7055ea.ctex[39m[0m
[  31% ] [90m[1msavepack[22m | Storing File: res://assets/characters/lwf_keyboardist_male_kit_v2_lwf_drummer_body_palette_v1.png.import[39m[0m
[  31% ] [90m[1msavepack[22m | Storing File: res://.godot/imported/lwf_keyboardist_male_kit_v2_lwf_keyboard_palette.png-929d8eb5f458c75f8e65a69b33bd046c.ctex[39m[0m
[  31% ] [90m[1msavepack[22m | Storing File: res://assets/characters/lwf_keyboardist_male_kit_v2_lwf_keyboard_palette.png.import[39m[0m
[  31% ] [90m[1msavepack[22m | Storing File: res://.godot/imported/lwf_maintenance_body_palette_v1.png-df6874378bac44e867c75caeae33abb7.ctex[39m[0m
[  31% ] [90m[1msavepack[22m | Storing File: res://assets/characters/lwf_maintenance_body_palette_v1.png.import[39m[0m
[  32% ] [90m[1msavepack[22m | Storing File: res://.godot/imported/lwf_maintenance_female_overlay_v1.glb-d8a15a58ba69fa91cd0de33c81368ea6.scn[39m[0m
[  32% ] [90m[1msavepack[22m | Storing File: res://assets/characters/lwf_maintenance_female_overlay_v1.glb.import[39m[0m
[  32% ] [90m[1msavepack[22m | Storing File: res://.godot/imported/lwf_maintenance_female_overlay_v1_lwf_crew_trim_palette_v1.png-6f5a7631b8382a79e976519bd690f30b.ctex[39m[0m
[  32% ] [90m[1msavepack[22m | Storing File: res://assets/characters/lwf_maintenance_female_overlay_v1_lwf_crew_trim_palette_v1.png.import[39m[0m
[  32% ] [90m[1msavepack[22m | Storing File: res://.godot/imported/lwf_maintenance_female_overlay_v2.glb-8cc364eac9ed2489c1abb3446ef5562a.scn[39m[0m
[  32% ] [90m[1msavepack[22m | Storing File: res://assets/characters/lwf_maintenance_female_overlay_v2.glb.import[39m[0m
[  32% ] [90m[1msavepack[22m | Storing File: res://.godot/imported/lwf_maintenance_female_overlay_v2_lwf_crew_trim_palette_v1.png-dc94cae95199f87f9f67e908a260689f.ctex[39m[0m
[  32% ] [90m[1msavepack[22m | Storing File: res://assets/characters/lwf_maintenance_female_overlay_v2_lwf_crew_trim_palette_v1.png.import[39m[0m
[  32% ] [90m[1msavepack[22m | Storing File: res://.godot/imported/lwf_maintenance_female_rigged_test_v1.glb-fefb12913a7ed159efc00953f6ea153a.scn[39m[0m
[  32% ] [90m[1msavepack[22m | Storing File: res://assets/characters/lwf_maintenance_female_rigged_test_v1.glb.import[39m[0m
[  32% ] [90m[1msavepack[22m | Storing File: res://.godot/imported/lwf_maintenance_female_rigged_test_v1_attendee-palette.png-21f2d35d43aea2d79138e8b378e7d0fd.ctex[39m[0m
[  32% ] [90m[1msavepack[22m | Storing File: res://assets/characters/lwf_maintenance_female_rigged_test_v1_attendee-palette.png.import[39m[0m
[  32% ] [90m[1msavepack[22m | Storing File: res://.godot/imported/lwf_maintenance_female_rigged_test_v1_lwf_crew_trim_palette_v1.png-70de436fffd8725e9e3bb609a610acb1.ctex[39m[0m
[  32% ] [90m[1msavepack[22m | Storing File: res://assets/characters/lwf_maintenance_female_rigged_test_v1_lwf_crew_trim_palette_v1.png.import[39m[0m
[  32% ] [90m[1msavepack[22m | Storing File: res://.godot/imported/lwf_maintenance_male_overlay_v1.glb-494ddc8c0e0040ae212e8e9116176499.scn[39m[0m
[  32% ] [90m[1msavepack[22m | Storing File: res://assets/characters/lwf_maintenance_male_overlay_v1.glb.import[39m[0m
[  33% ] [90m[1msavepack[22m | Storing File: res://.godot/imported/lwf_maintenance_male_overlay_v1_lwf_crew_trim_palette_v1.png-fbcfdffd29c7fa8e8416d6bb33e72574.ctex[39m[0m
[  33% ] [90m[1msavepack[22m | Storing File: res://assets/characters/lwf_maintenance_male_overlay_v1_lwf_crew_trim_palette_v1.png.import[39m[0m
[  33% ] [90m[1msavepack[22m | Storing File: res://.godot/imported/lwf_maintenance_male_overlay_v2.glb-4bdfe53ffef8f78a09bcb8e30e7ecf83.scn[39m[0m
[  33% ] [90m[1msavepack[22m | Storing File: res://assets/characters/lwf_maintenance_male_overlay_v2.glb.import[39m[0m
[  33% ] [90m[1msavepack[22m | Storing File: res://.godot/imported/lwf_maintenance_male_overlay_v2_lwf_crew_trim_palette_v1.png-30aeebee604ae8c92c57d2ebcee06725.ctex[39m[0m
[  33% ] [90m[1msavepack[22m | Storing File: res://assets/characters/lwf_maintenance_male_overlay_v2_lwf_crew_trim_palette_v1.png.import[39m[0m
[  33% ] [90m[1msavepack[22m | Storing File: res://.godot/imported/lwf_maintenance_male_rigged_test_v1.glb-0caffde2c817fdc02a8701347069c21f.scn[39m[0m
[  33% ] [90m[1msavepack[22m | Storing File: res://assets/characters/lwf_maintenance_male_rigged_test_v1.glb.import[39m[0m
[  33% ] [90m[1msavepack[22m | Storing File: res://.godot/imported/lwf_maintenance_male_rigged_test_v1_attendee-palette.png-19e708f6df947d062b834a26c1ddd787.ctex[39m[0m
[  33% ] [90m[1msavepack[22m | Storing File: res://assets/characters/lwf_maintenance_male_rigged_test_v1_attendee-palette.png.import[39m[0m
[  33% ] [90m[1msavepack[22m | Storing File: res://.godot/imported/lwf_maintenance_male_rigged_test_v1_lwf_crew_trim_palette_v1.png-7b6e86d6b508897901d6edb36aeafbc1.ctex[39m[0m
[  33% ] [90m[1msavepack[22m | Storing File: res://assets/characters/lwf_maintenance_male_rigged_test_v1_lwf_crew_trim_palette_v1.png.import[39m[0m
[  33% ] [90m[1msavepack[22m | Storing File: res://.godot/imported/lwf_medic_body_palette_v1.png-1f34fb50334b44589a9c6f3f57560e8a.ctex[39m[0m
[  33% ] [90m[1msavepack[22m | Storing File: res://assets/characters/lwf_medic_body_palette_v1.png.import[39m[0m
[  33% ] [90m[1msavepack[22m | Storing File: res://.godot/imported/lwf_medic_female_overlay_v1.glb-1079179cde8d9912fe72618779a27bbe.scn[39m[0m
[  33% ] [90m[1msavepack[22m | Storing File: res://assets/characters/lwf_medic_female_overlay_v1.glb.import[39m[0m
[  33% ] [90m[1msavepack[22m | Storing File: res://.godot/imported/lwf_medic_female_overlay_v1_lwf_crew_trim_palette_v1.png-c43be9a653e65e9d3148caedb6ad6967.ctex[39m[0m
[  33% ] [90m[1msavepack[22m | Storing File: res://assets/characters/lwf_medic_female_overlay_v1_lwf_crew_trim_palette_v1.png.import[39m[0m
[  33% ] [90m[1msavepack[22m | Storing File: res://.godot/imported/lwf_medic_female_overlay_v2.glb-da872289d4fb49cc454a8a9ad1be5a2c.scn[39m[0m
[  33% ] [90m[1msavepack[22m | Storing File: res://assets/characters/lwf_medic_female_overlay_v2.glb.import[39m[0m
[  33% ] [90m[1msavepack[22m | Storing File: res://.godot/imported/lwf_medic_female_overlay_v2_lwf_crew_trim_palette_v1.png-abf6804511630ac0c7ecd05470724ec4.ctex[39m[0m
[  33% ] [90m[1msavepack[22m | Storing File: res://assets/characters/lwf_medic_female_overlay_v2_lwf_crew_trim_palette_v1.png.import[39m[0m
[  33% ] [90m[1msavepack[22m | Storing File: res://.godot/imported/lwf_medic_female_rigged_test_v1.glb-76f4d2daa2a32456a097c05036f2f9f6.scn[39m[0m
[  33% ] [90m[1msavepack[22m | Storing File: res://assets/characters/lwf_medic_female_rigged_test_v1.glb.import[39m[0m
[  33% ] [90m[1msavepack[22m | Storing File: res://.godot/imported/lwf_medic_female_rigged_test_v1_attendee-palette.png-938c6f59f71ac69c0744b7ef94428a6d.ctex[39m[0m
[  33% ] [90m[1msavepack[22m | Storing File: res://assets/characters/lwf_medic_female_rigged_test_v1_attendee-palette.png.import[39m[0m
[  33% ] [90m[1msavepack[22m | Storing File: res://.godot/imported/lwf_medic_female_rigged_test_v1_lwf_crew_trim_palette_v1.png-eb1e74aba7c5ba07371d5286842c7a84.ctex[39m[0m
[  33% ] [90m[1msavepack[22m | Storing File: res://assets/characters/lwf_medic_female_rigged_test_v1_lwf_crew_trim_palette_v1.png.import[39m[0m
[  33% ] [90m[1msavepack[22m | Storing File: res://.godot/imported/lwf_medic_male_overlay_v1.glb-ecb2e8b134b20b38f063c69a0fe48982.scn[39m[0m
[  33% ] [90m[1msavepack[22m | Storing File: res://assets/characters/lwf_medic_male_overlay_v1.glb.import[39m[0m
[  34% ] [90m[1msavepack[22m | Storing File: res://.godot/imported/lwf_medic_male_overlay_v1_lwf_crew_trim_palette_v1.png-53b7fda7e98d570d6c86d2bd8f4a6672.ctex[39m[0m
[  34% ] [90m[1msavepack[22m | Storing File: res://assets/characters/lwf_medic_male_overlay_v1_lwf_crew_trim_palette_v1.png.import[39m[0m
[  34% ] [90m[1msavepack[22m | Storing File: res://.godot/imported/lwf_medic_male_overlay_v2.glb-743105462a90e67096ed18900b08e01f.scn[39m[0m
[  34% ] [90m[1msavepack[22m | Storing File: res://assets/characters/lwf_medic_male_overlay_v2.glb.import[39m[0m
[  34% ] [90m[1msavepack[22m | Storing File: res://.godot/imported/lwf_medic_male_overlay_v2_lwf_crew_trim_palette_v1.png-0e1f7831226bc2083cde93f44a343993.ctex[39m[0m
[  34% ] [90m[1msavepack[22m | Storing File: res://assets/characters/lwf_medic_male_overlay_v2_lwf_crew_trim_palette_v1.png.import[39m[0m
[  34% ] [90m[1msavepack[22m | Storing File: res://.godot/imported/lwf_medic_male_rigged_test_v1.glb-e03429a989743f34e3f93314c8d99d79.scn[39m[0m
[  34% ] [90m[1msavepack[22m | Storing File: res://assets/characters/lwf_medic_male_rigged_test_v1.glb.import[39m[0m
[  34% ] [90m[1msavepack[22m | Storing File: res://.godot/imported/lwf_medic_male_rigged_test_v1_attendee-palette.png-51e9ab4b6d0960fe08b135c48cc13827.ctex[39m[0m
[  34% ] [90m[1msavepack[22m | Storing File: res://assets/characters/lwf_medic_male_rigged_test_v1_attendee-palette.png.import[39m[0m
[  34% ] [90m[1msavepack[22m | Storing File: res://.godot/imported/lwf_medic_male_rigged_test_v1_lwf_crew_trim_palette_v1.png-26d054437993a597ff82512d316f1197.ctex[39m[0m
[  34% ] [90m[1msavepack[22m | Storing File: res://assets/characters/lwf_medic_male_rigged_test_v1_lwf_crew_trim_palette_v1.png.import[39m[0m
[  34% ] [90m[1msavepack[22m | Storing File: res://.godot/imported/lwf_medic_vest_cue_v1.glb-3df35bed8c8cee567133bf264b2149d6.scn[39m[0m
[  34% ] [90m[1msavepack[22m | Storing File: res://assets/characters/lwf_medic_vest_cue_v1.glb.import[39m[0m
[  35% ] [90m[1msavepack[22m | Storing File: res://.godot/imported/lwf_medic_vest_cue_v1_lwf_medic_vest_palette.png-186ccf1a75d5ffae36a2e01fb70a0692.ctex[39m[0m
[  35% ] [90m[1msavepack[22m | Storing File: res://assets/characters/lwf_medic_vest_cue_v1_lwf_medic_vest_palette.png.import[39m[0m
[  35% ] [90m[1msavepack[22m | Storing File: res://.godot/imported/lwf_performer_acoustic_guitar_kit_v1.glb-6445bd47b2d656fd977b4a9c1d0be86b.scn[39m[0m
[  35% ] [90m[1msavepack[22m | Storing File: res://assets/characters/lwf_performer_acoustic_guitar_kit_v1.glb.import[39m[0m
[  35% ] [90m[1msavepack[22m | Storing File: res://.godot/imported/lwf_performer_acoustic_guitar_kit_v1_lwf_guitarist_palette.png-494acbaae2efc58f172e6c0dd5051deb.ctex[39m[0m
[  35% ] [90m[1msavepack[22m | Storing File: res://assets/characters/lwf_performer_acoustic_guitar_kit_v1_lwf_guitarist_palette.png.import[39m[0m
[  35% ] [90m[1msavepack[22m | Storing File: res://.godot/imported/lwf_performer_bassist_body_v1.glb-8b14c39937519e88d8491e23e341f7c3.scn[39m[0m
[  35% ] [90m[1msavepack[22m | Storing File: res://assets/characters/lwf_performer_bassist_body_v1.glb.import[39m[0m
[  35% ] [90m[1msavepack[22m | Storing File: res://.godot/imported/lwf_performer_bassist_body_v1_lwf_bassist_palette.png-7d7aa04e06fb33769591f7d22070c3e9.ctex[39m[0m
[  35% ] [90m[1msavepack[22m | Storing File: res://assets/characters/lwf_performer_bassist_body_v1_lwf_bassist_palette.png.import[39m[0m
[  35% ] [90m[1msavepack[22m | Storing File: res://.godot/imported/lwf_performer_compact_drum_kit_v1.glb-57d1c10f92644fd124688ad776eb5b82.scn[39m[0m
[  35% ] [90m[1msavepack[22m | Storing File: res://assets/characters/lwf_performer_compact_drum_kit_v1.glb.import[39m[0m
[  35% ] [90m[1msavepack[22m | Storing File: res://.godot/imported/lwf_performer_compact_drum_kit_v1_lwf_drummer_palette.png-194ff36349a349c5fc00efd787fad7e3.ctex[39m[0m
[  35% ] [90m[1msavepack[22m | Storing File: res://assets/characters/lwf_performer_compact_drum_kit_v1_lwf_drummer_palette.png.import[39m[0m
[  35% ] [90m[1msavepack[22m | Storing File: res://.godot/imported/lwf_performer_drummer_body_v1.glb-96384f03aada57615e017b43eea54033.scn[39m[0m
[  35% ] [90m[1msavepack[22m | Storing File: res://assets/characters/lwf_performer_drummer_body_v1.glb.import[39m[0m
[  36% ] [90m[1msavepack[22m | Storing File: res://.godot/imported/lwf_performer_drummer_body_v1_lwf_drummer_palette.png-5235703362ff014828f4666e60f3c5d4.ctex[39m[0m
[  36% ] [90m[1msavepack[22m | Storing File: res://assets/characters/lwf_performer_drummer_body_v1_lwf_drummer_palette.png.import[39m[0m
[  36% ] [90m[1msavepack[22m | Storing File: res://.godot/imported/lwf_performer_female_body_v1.glb-8d7eaaecc9c57f9635927cf9a5e4aa36.scn[39m[0m
[  36% ] [90m[1msavepack[22m | Storing File: res://assets/characters/lwf_performer_female_body_v1.glb.import[39m[0m
[  36% ] [90m[1msavepack[22m | Storing File: res://.godot/imported/lwf_performer_female_body_v1_lwf_guitarist_body_palette_v1.png-2502544748afb486ce25bb7cd252d5f7.ctex[39m[0m
[  36% ] [90m[1msavepack[22m | Storing File: res://assets/characters/lwf_performer_female_body_v1_lwf_guitarist_body_palette_v1.png.import[39m[0m
[  36% ] [90m[1msavepack[22m | Storing File: res://.godot/imported/lwf_performer_female_body_v2.glb-c7592ed3745c5795d925d5e862cf8d18.scn[39m[0m
[  36% ] [90m[1msavepack[22m | Storing File: res://assets/characters/lwf_performer_female_body_v2.glb.import[39m[0m
[  36% ] [90m[1msavepack[22m | Storing File: res://.godot/imported/lwf_performer_female_body_v2_lwf_guitarist_body_palette_v1.png-7eb11b041372eddf56e8c7299a4e0652.ctex[39m[0m
[  36% ] [90m[1msavepack[22m | Storing File: res://assets/characters/lwf_performer_female_body_v2_lwf_guitarist_body_palette_v1.png.import[39m[0m
[  36% ] [90m[1msavepack[22m | Storing File: res://.godot/imported/lwf_performer_frontperson_body_v1.glb-063dbea5180d25f4869a1146a01f9348.scn[39m[0m
[  36% ] [90m[1msavepack[22m | Storing File: res://assets/characters/lwf_performer_frontperson_body_v1.glb.import[39m[0m
[  36% ] [90m[1msavepack[22m | Storing File: res://.godot/imported/lwf_performer_frontperson_body_v1_lwf_guitarist_palette.png-5ab303f504c5ac37c45fd28bc263d8df.ctex[39m[0m
[  36% ] [90m[1msavepack[22m | Storing File: res://assets/characters/lwf_performer_frontperson_body_v1_lwf_guitarist_palette.png.import[39m[0m
[  37% ] [90m[1msavepack[22m | Storing File: res://.godot/imported/lwf_performer_male_body_v1.glb-3c7ef44b5c9a9dd260e5b1a130c481df.scn[39m[0m
[  37% ] [90m[1msavepack[22m | Storing File: res://assets/characters/lwf_performer_male_body_v1.glb.import[39m[0m
[  37% ] [90m[1msavepack[22m | Storing File: res://.godot/imported/lwf_performer_male_body_v1_lwf_guitarist_body_palette_v1.png-33316ffebacff99e85d317417b3c93a0.ctex[39m[0m
[  37% ] [90m[1msavepack[22m | Storing File: res://assets/characters/lwf_performer_male_body_v1_lwf_guitarist_body_palette_v1.png.import[39m[0m
[  37% ] [90m[1msavepack[22m | Storing File: res://.godot/imported/lwf_performer_male_body_v2.glb-5198afd135f0e411e6b3b25e46ccf6d0.scn[39m[0m
[  37% ] [90m[1msavepack[22m | Storing File: res://assets/characters/lwf_performer_male_body_v2.glb.import[39m[0m
[  37% ] [90m[1msavepack[22m | Storing File: res://.godot/imported/lwf_performer_male_body_v2_lwf_guitarist_body_palette_v1.png-09579c75efc5baceb54d9b48471e897c.ctex[39m[0m
[  37% ] [90m[1msavepack[22m | Storing File: res://assets/characters/lwf_performer_male_body_v2_lwf_guitarist_body_palette_v1.png.import[39m[0m
[  37% ] [90m[1msavepack[22m | Storing File: res://.godot/imported/lwf_performer_solid_bass_kit_v1.glb-084fd76fef2547847faaa5c268622cb2.scn[39m[0m
[  37% ] [90m[1msavepack[22m | Storing File: res://assets/characters/lwf_performer_solid_bass_kit_v1.glb.import[39m[0m
[  37% ] [90m[1msavepack[22m | Storing File: res://.godot/imported/lwf_performer_solid_bass_kit_v1_lwf_bassist_palette.png-9feeea819749f76928b8a49382b6fa95.ctex[39m[0m
[  37% ] [90m[1msavepack[22m | Storing File: res://assets/characters/lwf_performer_solid_bass_kit_v1_lwf_bassist_palette.png.import[39m[0m
[  37% ] [90m[1msavepack[22m | Storing File: res://.godot/imported/lwf_singer_female_kit_v2.glb-d4d8b594155f90075f30441c8db5e426.scn[39m[0m
[  37% ] [90m[1msavepack[22m | Storing File: res://assets/characters/lwf_singer_female_kit_v2.glb.import[39m[0m
[  37% ] [90m[1msavepack[22m | Storing File: res://.godot/imported/lwf_singer_female_kit_v2_lwf_guitarist_body_palette_v1.png-48676d69cbb194b67bed53397dd44af2.ctex[39m[0m
[  37% ] [90m[1msavepack[22m | Storing File: res://assets/characters/lwf_singer_female_kit_v2_lwf_guitarist_body_palette_v1.png.import[39m[0m
[  38% ] [90m[1msavepack[22m | Storing File: res://.godot/imported/lwf_singer_male_kit_v2.glb-94b75301a116288f21b0dfebe865ae43.scn[39m[0m
[  38% ] [90m[1msavepack[22m | Storing File: res://assets/characters/lwf_singer_male_kit_v2.glb.import[39m[0m
[  38% ] [90m[1msavepack[22m | Storing File: res://.godot/imported/lwf_singer_male_kit_v2_lwf_guitarist_body_palette_v1.png-8489117bcaeaca6458e24154fd8ed97f.ctex[39m[0m
[  38% ] [90m[1msavepack[22m | Storing File: res://assets/characters/lwf_singer_male_kit_v2_lwf_guitarist_body_palette_v1.png.import[39m[0m
[  38% ] [90m[1msavepack[22m | Storing File: res://.godot/imported/lwf_sound_body_palette_v1.png-ed5097f3feed84954171046dcbb2a04a.ctex[39m[0m
[  38% ] [90m[1msavepack[22m | Storing File: res://assets/characters/lwf_sound_body_palette_v1.png.import[39m[0m
[  38% ] [90m[1msavepack[22m | Storing File: res://.godot/imported/lwf_sound_female_overlay_v1.glb-7e58b6e2833dab631bf2a0cb8dece2cc.scn[39m[0m
[  38% ] [90m[1msavepack[22m | Storing File: res://assets/characters/lwf_sound_female_overlay_v1.glb.import[39m[0m
[  38% ] [90m[1msavepack[22m | Storing File: res://.godot/imported/lwf_sound_female_overlay_v1_lwf_crew_trim_palette_v1.png-e7bf6f23666d7d8fb7c7fedac1fa72bf.ctex[39m[0m
[  38% ] [90m[1msavepack[22m | Storing File: res://assets/characters/lwf_sound_female_overlay_v1_lwf_crew_trim_palette_v1.png.import[39m[0m
[  38% ] [90m[1msavepack[22m | Storing File: res://.godot/imported/lwf_sound_female_overlay_v2.glb-58937d76d0667c4f93f93660c72febf3.scn[39m[0m
[  38% ] [90m[1msavepack[22m | Storing File: res://assets/characters/lwf_sound_female_overlay_v2.glb.import[39m[0m
[  38% ] [90m[1msavepack[22m | Storing File: res://.godot/imported/lwf_sound_female_overlay_v2_lwf_crew_trim_palette_v1.png-4bdee21ac82c040603a147e1cb2f234d.ctex[39m[0m
[  38% ] [90m[1msavepack[22m | Storing File: res://assets/characters/lwf_sound_female_overlay_v2_lwf_crew_trim_palette_v1.png.import[39m[0m
[  39% ] [90m[1msavepack[22m | Storing File: res://.godot/imported/lwf_sound_female_rigged_test_v1.glb-95246f5f9ffb2becfda5cfd3cdfaeded.scn[39m[0m
[  39% ] [90m[1msavepack[22m | Storing File: res://assets/characters/lwf_sound_female_rigged_test_v1.glb.import[39m[0m
[  39% ] [90m[1msavepack[22m | Storing File: res://.godot/imported/lwf_sound_female_rigged_test_v1_attendee-palette.png-37cc761179817a198a60e906a1511cab.ctex[39m[0m
[  39% ] [90m[1msavepack[22m | Storing File: res://assets/characters/lwf_sound_female_rigged_test_v1_attendee-palette.png.import[39m[0m
[  39% ] [90m[1msavepack[22m | Storing File: res://.godot/imported/lwf_sound_female_rigged_test_v1_lwf_crew_trim_palette_v1.png-2b2b9047b36dd0b6709942449f03cf2f.ctex[39m[0m
[  39% ] [90m[1msavepack[22m | Storing File: res://assets/characters/lwf_sound_female_rigged_test_v1_lwf_crew_trim_palette_v1.png.import[39m[0m
[  39% ] [90m[1msavepack[22m | Storing File: res://.godot/imported/lwf_sound_male_overlay_v1.glb-8587cd16086e0021ddfb91045cb35421.scn[39m[0m
[  39% ] [90m[1msavepack[22m | Storing File: res://assets/characters/lwf_sound_male_overlay_v1.glb.import[39m[0m
[  39% ] [90m[1msavepack[22m | Storing File: res://.godot/imported/lwf_sound_male_overlay_v1_lwf_crew_trim_palette_v1.png-8d7bff684898a115e46c9cb95778ad38.ctex[39m[0m
[  39% ] [90m[1msavepack[22m | Storing File: res://assets/characters/lwf_sound_male_overlay_v1_lwf_crew_trim_palette_v1.png.import[39m[0m
[  39% ] [90m[1msavepack[22m | Storing File: res://.godot/imported/lwf_sound_male_overlay_v2.glb-b8f9e692492666fc522cb08f039b80f9.scn[39m[0m
[  39% ] [90m[1msavepack[22m | Storing File: res://assets/characters/lwf_sound_male_overlay_v2.glb.import[39m[0m
[  39% ] [90m[1msavepack[22m | Storing File: res://.godot/imported/lwf_sound_male_overlay_v2_lwf_crew_trim_palette_v1.png-d81b28e8ddedfca7b1a099080eba24bb.ctex[39m[0m
[  39% ] [90m[1msavepack[22m | Storing File: res://assets/characters/lwf_sound_male_overlay_v2_lwf_crew_trim_palette_v1.png.import[39m[0m
[  39% ] [90m[1msavepack[22m | Storing File: res://.godot/imported/lwf_sound_male_rigged_test_v1.glb-ec4d7f5bb798f585e5fa5243ed10c379.scn[39m[0m
[  39% ] [90m[1msavepack[22m | Storing File: res://assets/characters/lwf_sound_male_rigged_test_v1.glb.import[39m[0m
[  40% ] [90m[1msavepack[22m | Storing File: res://.godot/imported/lwf_sound_male_rigged_test_v1_attendee-palette.png-1662164eb224560f7f36afac773c04f9.ctex[39m[0m
[  40% ] [90m[1msavepack[22m | Storing File: res://assets/characters/lwf_sound_male_rigged_test_v1_attendee-palette.png.import[39m[0m
[  40% ] [90m[1msavepack[22m | Storing File: res://.godot/imported/lwf_sound_male_rigged_test_v1_lwf_crew_trim_palette_v1.png-fabb691729afcafc3ae70f53d644599a.ctex[39m[0m
[  40% ] [90m[1msavepack[22m | Storing File: res://assets/characters/lwf_sound_male_rigged_test_v1_lwf_crew_trim_palette_v1.png.import[39m[0m
[  40% ] [90m[1msavepack[22m | Storing File: res://.godot/imported/lwf_steward_body_palette_v1.png-20d8c408193410f0adb3c26a7f24a296.ctex[39m[0m
[  40% ] [90m[1msavepack[22m | Storing File: res://assets/characters/lwf_steward_body_palette_v1.png.import[39m[0m
[  40% ] [90m[1msavepack[22m | Storing File: res://.godot/imported/lwf_steward_female_overlay_v1.glb-0f4e8b779cc112be19a06f0b94ee2773.scn[39m[0m
[  40% ] [90m[1msavepack[22m | Storing File: res://assets/characters/lwf_steward_female_overlay_v1.glb.import[39m[0m
[  40% ] [90m[1msavepack[22m | Storing File: res://.godot/imported/lwf_steward_female_overlay_v1_lwf_crew_trim_palette_v1.png-dd4c049c1206ac37b60a255bc6533dde.ctex[39m[0m
[  40% ] [90m[1msavepack[22m | Storing File: res://assets/characters/lwf_steward_female_overlay_v1_lwf_crew_trim_palette_v1.png.import[39m[0m
[  40% ] [90m[1msavepack[22m | Storing File: res://.godot/imported/lwf_steward_female_overlay_v2.glb-c395df520ce92a76b8cb3cdffc362a4a.scn[39m[0m
[  40% ] [90m[1msavepack[22m | Storing File: res://assets/characters/lwf_steward_female_overlay_v2.glb.import[39m[0m
[  40% ] [90m[1msavepack[22m | Storing File: res://.godot/imported/lwf_steward_female_overlay_v2_lwf_crew_trim_palette_v1.png-7eca0c350a05c8dc40fc8db0f47a3346.ctex[39m[0m
[  40% ] [90m[1msavepack[22m | Storing File: res://assets/characters/lwf_steward_female_overlay_v2_lwf_crew_trim_palette_v1.png.import[39m[0m
[  41% ] [90m[1msavepack[22m | Storing File: res://.godot/imported/lwf_steward_female_rigged_test_v1.glb-437165063193bac7789a309411439f68.scn[39m[0m
[  41% ] [90m[1msavepack[22m | Storing File: res://assets/characters/lwf_steward_female_rigged_test_v1.glb.import[39m[0m
[  41% ] [90m[1msavepack[22m | Storing File: res://.godot/imported/lwf_steward_female_rigged_test_v1_attendee-palette.png-dabf024df453e7cf3abbdcf9de24f1f1.ctex[39m[0m
[  41% ] [90m[1msavepack[22m | Storing File: res://assets/characters/lwf_steward_female_rigged_test_v1_attendee-palette.png.import[39m[0m
[  41% ] [90m[1msavepack[22m | Storing File: res://.godot/imported/lwf_steward_female_rigged_test_v1_lwf_crew_trim_palette_v1.png-f3d73838649578bc5b6d277f8e93804c.ctex[39m[0m
[  41% ] [90m[1msavepack[22m | Storing File: res://assets/characters/lwf_steward_female_rigged_test_v1_lwf_crew_trim_palette_v1.png.import[39m[0m
[  41% ] [90m[1msavepack[22m | Storing File: res://.godot/imported/lwf_steward_male_overlay_v1.glb-953e262e271c9a65e92f531b91d0bbf0.scn[39m[0m
[  41% ] [90m[1msavepack[22m | Storing File: res://assets/characters/lwf_steward_male_overlay_v1.glb.import[39m[0m
[  41% ] [90m[1msavepack[22m | Storing File: res://.godot/imported/lwf_steward_male_overlay_v1_lwf_crew_trim_palette_v1.png-f9fe16c5e28401a0ef0763aa3ebea654.ctex[39m[0m
[  41% ] [90m[1msavepack[22m | Storing File: res://assets/characters/lwf_steward_male_overlay_v1_lwf_crew_trim_palette_v1.png.import[39m[0m
[  41% ] [90m[1msavepack[22m | Storing File: res://.godot/imported/lwf_steward_male_overlay_v2.glb-b672806f1b15fe8e66be3c02e7cc8679.scn[39m[0m
[  41% ] [90m[1msavepack[22m | Storing File: res://assets/characters/lwf_steward_male_overlay_v2.glb.import[39m[0m
[  41% ] [90m[1msavepack[22m | Storing File: res://.godot/imported/lwf_steward_male_overlay_v2_lwf_crew_trim_palette_v1.png-9b4bb23b7e6cd253a9bbd076e364c613.ctex[39m[0m
[  41% ] [90m[1msavepack[22m | Storing File: res://assets/characters/lwf_steward_male_overlay_v2_lwf_crew_trim_palette_v1.png.import[39m[0m
[  41% ] [90m[1msavepack[22m | Storing File: res://.godot/imported/lwf_steward_male_rigged_test_v1.glb-e61bb113892ab67dd0e59c790b4f0278.scn[39m[0m
[  41% ] [90m[1msavepack[22m | Storing File: res://assets/characters/lwf_steward_male_rigged_test_v1.glb.import[39m[0m
[  42% ] [90m[1msavepack[22m | Storing File: res://.godot/imported/lwf_steward_male_rigged_test_v1_attendee-palette.png-45e80c5a4178873049c439f974274c09.ctex[39m[0m
[  42% ] [90m[1msavepack[22m | Storing File: res://assets/characters/lwf_steward_male_rigged_test_v1_attendee-palette.png.import[39m[0m
[  42% ] [90m[1msavepack[22m | Storing File: res://.godot/imported/lwf_steward_male_rigged_test_v1_lwf_crew_trim_palette_v1.png-ef57a763b19a73570382760f2c705fb0.ctex[39m[0m
[  42% ] [90m[1msavepack[22m | Storing File: res://assets/characters/lwf_steward_male_rigged_test_v1_lwf_crew_trim_palette_v1.png.import[39m[0m
[  42% ] [90m[1msavepack[22m | Storing File: res://.godot/imported/lwf_steward_yoke_cue_v1.glb-616e09d968a54a10fb85e2d2454ad733.scn[39m[0m
[  42% ] [90m[1msavepack[22m | Storing File: res://assets/characters/lwf_steward_yoke_cue_v1.glb.import[39m[0m
[  42% ] [90m[1msavepack[22m | Storing File: res://.godot/imported/lwf_steward_yoke_cue_v1_lwf_steward_yoke_v1_palette.png-1ae7791a34c03dd397908b2a60150629.ctex[39m[0m
[  42% ] [90m[1msavepack[22m | Storing File: res://assets/characters/lwf_steward_yoke_cue_v1_lwf_steward_yoke_v1_palette.png.import[39m[0m
[  42% ] [90m[1msavepack[22m | Storing File: res://.godot/imported/lwf_sunglasses_female_v1.glb-483e29f1347fe5f413a9f03cbc4eb5fa.scn[39m[0m
[  42% ] [90m[1msavepack[22m | Storing File: res://assets/characters/lwf_sunglasses_female_v1.glb.import[39m[0m
[  42% ] [90m[1msavepack[22m | Storing File: res://.godot/imported/lwf_sunglasses_female_v1_lwf_crowd_accessory_palette.png-14df92dd2788da534527f96fa9b8bf91.ctex[39m[0m
[  42% ] [90m[1msavepack[22m | Storing File: res://assets/characters/lwf_sunglasses_female_v1_lwf_crowd_accessory_palette.png.import[39m[0m
[  42% ] [90m[1msavepack[22m | Storing File: res://.godot/imported/lwf_sunglasses_male_v1.glb-bbf927a4b18291b60695574e833f1228.scn[39m[0m
[  42% ] [90m[1msavepack[22m | Storing File: res://assets/characters/lwf_sunglasses_male_v1.glb.import[39m[0m
[  43% ] [90m[1msavepack[22m | Storing File: res://.godot/imported/lwf_sunglasses_male_v1_lwf_crowd_accessory_palette.png-4d73a35dc48263dad06c16762ee721cc.ctex[39m[0m
[  43% ] [90m[1msavepack[22m | Storing File: res://assets/characters/lwf_sunglasses_male_v1_lwf_crowd_accessory_palette.png.import[39m[0m
[  43% ] [90m[1msavepack[22m | Storing File: res://.godot/imported/lwf_bin_rubbish_full_v1.glb-ac7addab2dc90cd59f09d94102f5b7d7.scn[39m[0m
[  43% ] [90m[1msavepack[22m | Storing File: res://assets/environment/bin-slatted-asset-v1/lwf_bin_rubbish_full_v1.glb.import[39m[0m
[  43% ] [90m[1msavepack[22m | Storing File: res://.godot/imported/lwf_bin_rubbish_full_v1_lwf_bin_palette_v1.png-ddd868c4495a94cb681ff4215a20a71e.ctex[39m[0m
[  43% ] [90m[1msavepack[22m | Storing File: res://assets/environment/bin-slatted-asset-v1/lwf_bin_rubbish_full_v1_lwf_bin_palette_v1.png.import[39m[0m
[  43% ] [90m[1msavepack[22m | Storing File: res://.godot/imported/lwf_bin_rubbish_partfull_v1.glb-ecc7922bddc4db77551579d29e209829.scn[39m[0m
[  43% ] [90m[1msavepack[22m | Storing File: res://assets/environment/bin-slatted-asset-v1/lwf_bin_rubbish_partfull_v1.glb.import[39m[0m
[  43% ] [90m[1msavepack[22m | Storing File: res://.godot/imported/lwf_bin_rubbish_partfull_v1_lwf_bin_palette_v1.png-1d37b44e770e65643c549f1cd0f1c8e6.ctex[39m[0m
[  43% ] [90m[1msavepack[22m | Storing File: res://assets/environment/bin-slatted-asset-v1/lwf_bin_rubbish_partfull_v1_lwf_bin_palette_v1.png.import[39m[0m
[  43% ] [90m[1msavepack[22m | Storing File: res://.godot/imported/lwf_bin_slatted_shell_v1.glb-e4d78d6f24542f9c8146c9b8766e663d.scn[39m[0m
[  43% ] [90m[1msavepack[22m | Storing File: res://assets/environment/bin-slatted-asset-v1/lwf_bin_slatted_shell_v1.glb.import[39m[0m
[  43% ] [90m[1msavepack[22m | Storing File: res://.godot/imported/lwf_bin_slatted_shell_v1_lwf_bin_palette_v1.png-7f04279f39b3776c6bfefabaf3c220b7.ctex[39m[0m
[  43% ] [90m[1msavepack[22m | Storing File: res://assets/environment/bin-slatted-asset-v1/lwf_bin_slatted_shell_v1_lwf_bin_palette_v1.png.import[39m[0m
[  43% ] [90m[1msavepack[22m | Storing File: res://.godot/imported/lwf_litter_beer_cup_v1.glb-68bf9d2d32ac838bd93e9d9daac9d444.scn[39m[0m
[  43% ] [90m[1msavepack[22m | Storing File: res://assets/environment/litter-assets-v1/lwf_litter_beer_cup_v1.glb.import[39m[0m
[  44% ] [90m[1msavepack[22m | Storing File: res://.godot/imported/lwf_litter_beer_cup_v1_lwf_litter_palette_v1.png-05cf10239a47c16e911254be1eb020f1.ctex[39m[0m
[  44% ] [90m[1msavepack[22m | Storing File: res://assets/environment/litter-assets-v1/lwf_litter_beer_cup_v1_lwf_litter_palette_v1.png.import[39m[0m
[  44% ] [90m[1msavepack[22m | Storing File: res://.godot/imported/lwf_litter_chips_tray_v1.glb-61b84b1cb8244e0bb7d3849893a4c29b.scn[39m[0m
[  44% ] [90m[1msavepack[22m | Storing File: res://assets/environment/litter-assets-v1/lwf_litter_chips_tray_v1.glb.import[39m[0m
[  44% ] [90m[1msavepack[22m | Storing File: res://.godot/imported/lwf_litter_chips_tray_v1_lwf_litter_palette_v1.png-aabf651f484331daca81529982fe36f8.ctex[39m[0m
[  44% ] [90m[1msavepack[22m | Storing File: res://assets/environment/litter-assets-v1/lwf_litter_chips_tray_v1_lwf_litter_palette_v1.png.import[39m[0m
[  44% ] [90m[1msavepack[22m | Storing File: res://.godot/imported/lwf_litter_pizza_plate_v1.glb-bea06859a495afe5beb2650cc6046211.scn[39m[0m
[  44% ] [90m[1msavepack[22m | Storing File: res://assets/environment/litter-assets-v1/lwf_litter_pizza_plate_v1.glb.import[39m[0m
[  44% ] [90m[1msavepack[22m | Storing File: res://.godot/imported/lwf_litter_pizza_plate_v1_lwf_litter_palette_v1.png-0f75a8b3f37c2c53b70af78776793820.ctex[39m[0m
[  44% ] [90m[1msavepack[22m | Storing File: res://assets/environment/litter-assets-v1/lwf_litter_pizza_plate_v1_lwf_litter_palette_v1.png.import[39m[0m
[  44% ] [90m[1msavepack[22m | Storing File: res://.godot/imported/lwf_litter_soft_cup_v1.glb-469ede29f7bd9ba1513a0ecc722e86e4.scn[39m[0m
[  44% ] [90m[1msavepack[22m | Storing File: res://assets/environment/litter-assets-v1/lwf_litter_soft_cup_v1.glb.import[39m[0m
[  44% ] [90m[1msavepack[22m | Storing File: res://.godot/imported/lwf_litter_soft_cup_v1_lwf_litter_palette_v1.png-0c18603db0622041cb3034202673db61.ctex[39m[0m
[  44% ] [90m[1msavepack[22m | Storing File: res://assets/environment/litter-assets-v1/lwf_litter_soft_cup_v1_lwf_litter_palette_v1.png.import[39m[0m
[  45% ] [90m[1msavepack[22m | Storing File: res://.godot/imported/lwf_wasp_v1.glb-950f78d5c437043e396a70280155716a.scn[39m[0m
[  45% ] [90m[1msavepack[22m | Storing File: res://assets/environment/litter-assets-v1/lwf_wasp_v1.glb.import[39m[0m
[  45% ] [90m[1msavepack[22m | Storing File: res://.godot/imported/lwf_wasp_v1_lwf_litter_palette_v1.png-92dee8705e45911cc5536d84fcf106a9.ctex[39m[0m
[  45% ] [90m[1msavepack[22m | Storing File: res://assets/environment/litter-assets-v1/lwf_wasp_v1_lwf_litter_palette_v1.png.import[39m[0m
[  45% ] [90m[1msavepack[22m | Storing File: res://.godot/imported/lwf_modular_riser_speaker_v1.glb-31563bad35509b55e764bf85807bb046.scn[39m[0m
[  45% ] [90m[1msavepack[22m | Storing File: res://assets/environment/modular-riser-v1/lwf_modular_riser_speaker_v1.glb.import[39m[0m
[  45% ] [90m[1msavepack[22m | Storing File: res://.godot/imported/lwf_modular_riser_speaker_v1_lwf_modular_riser_palette_v1.png-f9ad451709d26c3f5df6db41a20b16f0.ctex[39m[0m
[  45% ] [90m[1msavepack[22m | Storing File: res://assets/environment/modular-riser-v1/lwf_modular_riser_speaker_v1_lwf_modular_riser_palette_v1.png.import[39m[0m
[  45% ] [90m[1msavepack[22m | Storing File: res://.godot/imported/lwf_modular_riser_stage_v1.glb-c172c84aa7149e70854785b2ba26e2cd.scn[39m[0m
[  45% ] [90m[1msavepack[22m | Storing File: res://assets/environment/modular-riser-v1/lwf_modular_riser_stage_v1.glb.import[39m[0m
[  45% ] [90m[1msavepack[22m | Storing File: res://.godot/imported/lwf_modular_riser_stage_v1_lwf_modular_riser_palette_v1.png-4976ca505e6580129d7a1fbc1c69d6d0.ctex[39m[0m
[  45% ] [90m[1msavepack[22m | Storing File: res://assets/environment/modular-riser-v1/lwf_modular_riser_stage_v1_lwf_modular_riser_palette_v1.png.import[39m[0m
[  45% ] [90m[1msavepack[22m | Storing File: res://.godot/imported/lwf_duck_brown_v1.glb-adacafbf480f7219aede9c81ec4ee2c1.scn[39m[0m
[  45% ] [90m[1msavepack[22m | Storing File: res://assets/environment/pond-polish-v1/lwf_duck_brown_v1.glb.import[39m[0m
[  45% ] [90m[1msavepack[22m | Storing File: res://.godot/imported/lwf_duck_brown_v1_lwf_pond_polish_palette_v1.png-7a82de6e5d6ae8ac7883b4cf8cbd3c71.ctex[39m[0m
[  45% ] [90m[1msavepack[22m | Storing File: res://assets/environment/pond-polish-v1/lwf_duck_brown_v1_lwf_pond_polish_palette_v1.png.import[39m[0m
[  46% ] [90m[1msavepack[22m | Storing File: res://.godot/imported/lwf_duck_drake_v1.glb-4ec572b280a47fb80a11ad2025f4da2a.scn[39m[0m
[  46% ] [90m[1msavepack[22m | Storing File: res://assets/environment/pond-polish-v1/lwf_duck_drake_v1.glb.import[39m[0m
[  46% ] [90m[1msavepack[22m | Storing File: res://.godot/imported/lwf_duck_drake_v1_lwf_pond_polish_palette_v1.png-71243cbeac39d94aac310cee6fa7d7e3.ctex[39m[0m
[  46% ] [90m[1msavepack[22m | Storing File: res://assets/environment/pond-polish-v1/lwf_duck_drake_v1_lwf_pond_polish_palette_v1.png.import[39m[0m
[  46% ] [90m[1msavepack[22m | Storing File: res://.godot/imported/lwf_pond_polish_static_v1.glb-7326d52465410d2a9a0a79b30e740b27.scn[39m[0m
[  46% ] [90m[1msavepack[22m | Storing File: res://assets/environment/pond-polish-v1/lwf_pond_polish_static_v1.glb.import[39m[0m
[  46% ] [90m[1msavepack[22m | Storing File: res://.godot/imported/lwf_pond_polish_static_v1_lwf_pond_polish_palette_v1.png-9edc4d88d487d4f4f9b5a1c0f73d00e4.ctex[39m[0m
[  46% ] [90m[1msavepack[22m | Storing File: res://assets/environment/pond-polish-v1/lwf_pond_polish_static_v1_lwf_pond_polish_palette_v1.png.import[39m[0m
[  46% ] [90m[1msavepack[22m | Storing File: res://.godot/imported/lwf_pond_willow_v1.glb-5897a1ca544268adc3106ad373761717.scn[39m[0m
[  46% ] [90m[1msavepack[22m | Storing File: res://assets/environment/pond-willow-v1/lwf_pond_willow_v1.glb.import[39m[0m
[  46% ] [90m[1msavepack[22m | Storing File: res://.godot/imported/lwf_pond_willow_v1_lwf_willow_palette_v1.png-2766200a4d2ab4100596afca28cc5010.ctex[39m[0m
[  46% ] [90m[1msavepack[22m | Storing File: res://assets/environment/pond-willow-v1/lwf_pond_willow_v1_lwf_willow_palette_v1.png.import[39m[0m
[  46% ] [90m[1msavepack[22m | Storing File: res://.godot/imported/lwf_portaloo_indicator_free_v1.glb-4770c1a209f6a54fd0e3cbf16b4451a2.scn[39m[0m
[  46% ] [90m[1msavepack[22m | Storing File: res://assets/environment/portaloo/lwf_portaloo_indicator_free_v1.glb.import[39m[0m
[  47% ] [90m[1msavepack[22m | Storing File: res://.godot/imported/lwf_portaloo_indicator_free_v1_lwf_portaloo_palette_v1.png-bcbe2b10f3c5b93d55c31d581a938ff2.ctex[39m[0m
[  47% ] [90m[1msavepack[22m | Storing File: res://assets/environment/portaloo/lwf_portaloo_indicator_free_v1_lwf_portaloo_palette_v1.png.import[39m[0m
[  47% ] [90m[1msavepack[22m | Storing File: res://.godot/imported/lwf_portaloo_indicator_occupied_v1.glb-b866f6f00c047d3921607f700dfaee76.scn[39m[0m
[  47% ] [90m[1msavepack[22m | Storing File: res://assets/environment/portaloo/lwf_portaloo_indicator_occupied_v1.glb.import[39m[0m
[  47% ] [90m[1msavepack[22m | Storing File: res://.godot/imported/lwf_portaloo_indicator_occupied_v1_lwf_portaloo_palette_v1.png-2ed4da52a1468dac2538e0f082388306.ctex[39m[0m
[  47% ] [90m[1msavepack[22m | Storing File: res://assets/environment/portaloo/lwf_portaloo_indicator_occupied_v1_lwf_portaloo_palette_v1.png.import[39m[0m
[  47% ] [90m[1msavepack[22m | Storing File: res://.godot/imported/lwf_portaloo_out_of_order_sign_v1.glb-b84ddbf675a6b4bbeb2e1304b37f409a.scn[39m[0m
[  47% ] [90m[1msavepack[22m | Storing File: res://assets/environment/portaloo/lwf_portaloo_out_of_order_sign_v1.glb.import[39m[0m
[  47% ] [90m[1msavepack[22m | Storing File: res://.godot/imported/lwf_portaloo_out_of_order_sign_v1_lwf_portaloo_out_of_order_sign_v1.png-f65519ec851b936ed59ceca53ab3e20f.ctex[39m[0m
[  47% ] [90m[1msavepack[22m | Storing File: res://assets/environment/portaloo/lwf_portaloo_out_of_order_sign_v1_lwf_portaloo_out_of_order_sign_v1.png.import[39m[0m
[  47% ] [90m[1msavepack[22m | Storing File: res://.godot/imported/lwf_portaloo_palette_v1.png-463980874aff3167eaa75eec500e0586.ctex[39m[0m
[  47% ] [90m[1msavepack[22m | Storing File: res://assets/environment/portaloo/lwf_portaloo_palette_v1.png.import[39m[0m
[  47% ] [90m[1msavepack[22m | Storing File: res://.godot/imported/lwf_portaloo_v1.glb-95b1f78cae6cee7b8ed50574cbfa8f4f.scn[39m[0m
[  47% ] [90m[1msavepack[22m | Storing File: res://assets/environment/portaloo/lwf_portaloo_v1.glb.import[39m[0m
[  47% ] [90m[1msavepack[22m | Storing File: res://.godot/imported/lwf_portaloo_v1_lwf_portaloo_palette_v1.png-679a7f9e99e24bbfc813220583279c79.ctex[39m[0m
[  47% ] [90m[1msavepack[22m | Storing File: res://assets/environment/portaloo/lwf_portaloo_v1_lwf_portaloo_palette_v1.png.import[39m[0m
[  48% ] [90m[1msavepack[22m | Storing File: res://.godot/imported/lwf_backstage_crate_pile_v1.glb-6ba9675ee8f4d7195b56cbc77c1e7287.scn[39m[0m
[  48% ] [90m[1msavepack[22m | Storing File: res://assets/environment/lwf_backstage_crate_pile_v1.glb.import[39m[0m
[  48% ] [90m[1msavepack[22m | Storing File: res://.godot/imported/lwf_backstage_crate_pile_v1_lwf_backstage_palette.png-7aa53efd67922d1e044a9c01850199bb.ctex[39m[0m
[  48% ] [90m[1msavepack[22m | Storing File: res://assets/environment/lwf_backstage_crate_pile_v1_lwf_backstage_palette.png.import[39m[0m
[  48% ] [90m[1msavepack[22m | Storing File: res://.godot/imported/lwf_backstage_flight_case_stack_v1.glb-21597d4b3b72841f3a3811055ab542eb.scn[39m[0m
[  48% ] [90m[1msavepack[22m | Storing File: res://assets/environment/lwf_backstage_flight_case_stack_v1.glb.import[39m[0m
[  48% ] [90m[1msavepack[22m | Storing File: res://.godot/imported/lwf_backstage_flight_case_stack_v1_lwf_backstage_palette.png-4d4d30b0607ba20cec48d4b6f39a60ac.ctex[39m[0m
[  48% ] [90m[1msavepack[22m | Storing File: res://assets/environment/lwf_backstage_flight_case_stack_v1_lwf_backstage_palette.png.import[39m[0m
[  48% ] [90m[1msavepack[22m | Storing File: res://.godot/imported/lwf_backstage_flight_case_tall_v1.glb-54e8554c7b0f3a9f0f4dbfeba10d3a83.scn[39m[0m
[  48% ] [90m[1msavepack[22m | Storing File: res://assets/environment/lwf_backstage_flight_case_tall_v1.glb.import[39m[0m
[  48% ] [90m[1msavepack[22m | Storing File: res://.godot/imported/lwf_backstage_flight_case_tall_v1_lwf_backstage_palette.png-eac22524132030c5694e70e3274ff88e.ctex[39m[0m
[  48% ] [90m[1msavepack[22m | Storing File: res://assets/environment/lwf_backstage_flight_case_tall_v1_lwf_backstage_palette.png.import[39m[0m
[  48% ] [90m[1msavepack[22m | Storing File: res://.godot/imported/lwf_barn_v2.glb-54db6d569f079688c5db100cf1495e66.scn[39m[0m
[  48% ] [90m[1msavepack[22m | Storing File: res://assets/environment/lwf_barn_v2.glb.import[39m[0m
[  49% ] [90m[1msavepack[22m | Storing File: res://.godot/imported/lwf_barn_v2_barn_v2_palette.png-8414ad25e7731febfe243bdd77dca0d1.ctex[39m[0m
[  49% ] [90m[1msavepack[22m | Storing File: res://assets/environment/lwf_barn_v2_barn_v2_palette.png.import[39m[0m
[  49% ] [90m[1msavepack[22m | Storing File: res://.godot/imported/lwf_cow_pasture_fence_v1.glb-e73a846321b6e8dbcd40faa6847efb2a.scn[39m[0m
[  49% ] [90m[1msavepack[22m | Storing File: res://assets/environment/lwf_cow_pasture_fence_v1.glb.import[39m[0m
[  49% ] [90m[1msavepack[22m | Storing File: res://.godot/imported/lwf_cow_pasture_fence_v1_lwf_cow_pasture_palette.png-7c6b304225b0c9aa198f9112b040949c.ctex[39m[0m
[  49% ] [90m[1msavepack[22m | Storing File: res://assets/environment/lwf_cow_pasture_fence_v1_lwf_cow_pasture_palette.png.import[39m[0m
[  49% ] [90m[1msavepack[22m | Storing File: res://.godot/imported/lwf_cow_pasture_ground_v1.glb-6d3b35a2c3fd472990b27dc8513efd05.scn[39m[0m
[  49% ] [90m[1msavepack[22m | Storing File: res://assets/environment/lwf_cow_pasture_ground_v1.glb.import[39m[0m
[  49% ] [90m[1msavepack[22m | Storing File: res://.godot/imported/lwf_cow_pasture_ground_v1_lwf_cow_pasture_palette.png-35ae65b9bd46c5842181d71026394b2a.ctex[39m[0m
[  49% ] [90m[1msavepack[22m | Storing File: res://assets/environment/lwf_cow_pasture_ground_v1_lwf_cow_pasture_palette.png.import[39m[0m
[  49% ] [90m[1msavepack[22m | Storing File: res://.godot/imported/lwf_crowd_barrier_v1.glb-f4ee6ef0b6e0a6a5d229c7f0a45edfb3.scn[39m[0m
[  49% ] [90m[1msavepack[22m | Storing File: res://assets/environment/lwf_crowd_barrier_v1.glb.import[39m[0m
[  49% ] [90m[1msavepack[22m | Storing File: res://.godot/imported/lwf_crowd_barrier_v1_lwf_backstage_palette.png-01f7bb433a2a15c11be93cae603f17cb.ctex[39m[0m
[  49% ] [90m[1msavepack[22m | Storing File: res://assets/environment/lwf_crowd_barrier_v1_lwf_backstage_palette.png.import[39m[0m
[  50% ] [90m[1msavepack[22m | Storing File: res://.godot/imported/lwf_drinks_stall_prototype_v1.glb-5c599901ffadd0c7b2e0de7e68471cf4.scn[39m[0m
[  50% ] [90m[1msavepack[22m | Storing File: res://assets/environment/lwf_drinks_stall_prototype_v1.glb.import[39m[0m
[  50% ] [90m[1msavepack[22m | Storing File: res://.godot/imported/lwf_drinks_stall_prototype_v1_drinks-sign.png-bbf8d23996ea58cb7304bd590247e16a.ctex[39m[0m
[  50% ] [90m[1msavepack[22m | Storing File: res://assets/environment/lwf_drinks_stall_prototype_v1_drinks-sign.png.import[39m[0m
[  50% ] [90m[1msavepack[22m | Storing File: res://.godot/imported/lwf_farmhouse_v1.glb-fdb90eecdd289ea875c6b81140b3aea5.scn[39m[0m
[  50% ] [90m[1msavepack[22m | Storing File: res://assets/environment/lwf_farmhouse_v1.glb.import[39m[0m
[  50% ] [90m[1msavepack[22m | Storing File: res://.godot/imported/lwf_farmhouse_v1_farmhouse_palette.png-ae8c428015726334a8ac17037eb481e9.ctex[39m[0m
[  50% ] [90m[1msavepack[22m | Storing File: res://assets/environment/lwf_farmhouse_v1_farmhouse_palette.png.import[39m[0m
[  50% ] [90m[1msavepack[22m | Storing File: res://.godot/imported/lwf_farm_gate_leaf_v1.glb-6a71adb9ffa5510a1e859544ec5cbf5f.scn[39m[0m
[  50% ] [90m[1msavepack[22m | Storing File: res://assets/environment/lwf_farm_gate_leaf_v1.glb.import[39m[0m
[  50% ] [90m[1msavepack[22m | Storing File: res://.godot/imported/lwf_farm_gate_leaf_v1_farm_gate_palette.png-0c5db1afa8c4a313e4688f7ddc02b255.ctex[39m[0m
[  50% ] [90m[1msavepack[22m | Storing File: res://assets/environment/lwf_farm_gate_leaf_v1_farm_gate_palette.png.import[39m[0m
[  50% ] [90m[1msavepack[22m | Storing File: res://.godot/imported/lwf_farm_gate_posts_v1.glb-8c495f6c7d5b610ed9f66ba45014af30.scn[39m[0m
[  50% ] [90m[1msavepack[22m | Storing File: res://assets/environment/lwf_farm_gate_posts_v1.glb.import[39m[0m
[  50% ] [90m[1msavepack[22m | Storing File: res://.godot/imported/lwf_farm_gate_posts_v1_farm_gate_palette.png-f0746410a0f04c4f8d9406067ecd7d12.ctex[39m[0m
[  50% ] [90m[1msavepack[22m | Storing File: res://assets/environment/lwf_farm_gate_posts_v1_farm_gate_palette.png.import[39m[0m
[  51% ] [90m[1msavepack[22m | Storing File: res://.godot/imported/lwf_farm_pond_v1.glb-1080bcd92de6628e84bbc66d93981392.scn[39m[0m
[  51% ] [90m[1msavepack[22m | Storing File: res://assets/environment/lwf_farm_pond_v1.glb.import[39m[0m
[  51% ] [90m[1msavepack[22m | Storing File: res://.godot/imported/lwf_farm_pond_v1_farm_beauty_palette.png-28cf0941bc16e4fe6fd2f3b6b101c6dc.ctex[39m[0m
[  51% ] [90m[1msavepack[22m | Storing File: res://assets/environment/lwf_farm_pond_v1_farm_beauty_palette.png.import[39m[0m
[  51% ] [90m[1msavepack[22m | Storing File: res://.godot/imported/lwf_field_gate_oak_v1.glb-f19637c60a0a5fd69316b6f846afa9e2.scn[39m[0m
[  51% ] [90m[1msavepack[22m | Storing File: res://assets/environment/lwf_field_gate_oak_v1.glb.import[39m[0m
[  51% ] [90m[1msavepack[22m | Storing File: res://.godot/imported/lwf_field_gate_oak_v1_lwf_cow_pasture_palette.png-fd139adeeed6182e41af3b7cd26ce0bf.ctex[39m[0m
[  51% ] [90m[1msavepack[22m | Storing File: res://assets/environment/lwf_field_gate_oak_v1_lwf_cow_pasture_palette.png.import[39m[0m
[  51% ] [90m[1msavepack[22m | Storing File: res://.godot/imported/lwf_field_grass_tile_8m_v1.glb-f86d02f030cfe1ce62aaccdbedfd43e6.scn[39m[0m
[  51% ] [90m[1msavepack[22m | Storing File: res://assets/environment/lwf_field_grass_tile_8m_v1.glb.import[39m[0m
[  51% ] [90m[1msavepack[22m | Storing File: res://.godot/imported/lwf_field_grass_tile_8m_v1_field_track_palette.png-05b71b221612753a8ff9b6205d9c17b3.ctex[39m[0m
[  51% ] [90m[1msavepack[22m | Storing File: res://assets/environment/lwf_field_grass_tile_8m_v1_field_track_palette.png.import[39m[0m
[  51% ] [90m[1msavepack[22m | Storing File: res://.godot/imported/lwf_first_aid_point_v2.glb-3bba30e9b6b697cee5668c92e165037f.scn[39m[0m
[  51% ] [90m[1msavepack[22m | Storing File: res://assets/environment/lwf_first_aid_point_v2.glb.import[39m[0m
[  52% ] [90m[1msavepack[22m | Storing File: res://.godot/imported/lwf_first_aid_point_v2_lwf_first_aid_v2_palette.png-0f8903c1e7f02ef89af2495d1abbd7d7.ctex[39m[0m
[  52% ] [90m[1msavepack[22m | Storing File: res://assets/environment/lwf_first_aid_point_v2_lwf_first_aid_v2_palette.png.import[39m[0m
[  52% ] [90m[1msavepack[22m | Storing File: res://.godot/imported/lwf_folding_chair_v1.glb-dce8bc7fbcb80b6608f447f064443085.scn[39m[0m
[  52% ] [90m[1msavepack[22m | Storing File: res://assets/environment/lwf_folding_chair_v1.glb.import[39m[0m
[  52% ] [90m[1msavepack[22m | Storing File: res://.godot/imported/lwf_folding_chair_v1_lwf_backstage_palette.png-0a432608e950615ce344c6f2ecbce698.ctex[39m[0m
[  52% ] [90m[1msavepack[22m | Storing File: res://assets/environment/lwf_folding_chair_v1_lwf_backstage_palette.png.import[39m[0m
[  52% ] [90m[1msavepack[22m | Storing File: res://.godot/imported/lwf_food_van_chassis_v1.glb-eabe233efa3452a059a0c8e439cde4f3.scn[39m[0m
[  52% ] [90m[1msavepack[22m | Storing File: res://assets/environment/lwf_food_van_chassis_v1.glb.import[39m[0m
[  52% ] [90m[1msavepack[22m | Storing File: res://.godot/imported/lwf_food_van_chassis_v1_food_van_palette.png-133aff5130eb11d0aba7dc5c6d5ccfd0.ctex[39m[0m
[  52% ] [90m[1msavepack[22m | Storing File: res://assets/environment/lwf_food_van_chassis_v1_food_van_palette.png.import[39m[0m
[  52% ] [90m[1msavepack[22m | Storing File: res://.godot/imported/lwf_food_van_fascia_v1.glb-32018d7530f855b8cd02841ccd084cab.scn[39m[0m
[  52% ] [90m[1msavepack[22m | Storing File: res://assets/environment/lwf_food_van_fascia_v1.glb.import[39m[0m
[  52% ] [90m[1msavepack[22m | Storing File: res://.godot/imported/lwf_food_van_fascia_v1_food_van_palette.png-3fed807862b2279c3dd3b700296a0661.ctex[39m[0m
[  52% ] [90m[1msavepack[22m | Storing File: res://assets/environment/lwf_food_van_fascia_v1_food_van_palette.png.import[39m[0m
[  52% ] [90m[1msavepack[22m | Storing File: res://.godot/imported/lwf_food_van_name_panel_chip_block_v1.glb-43fd73b3ebbe211cb9ac918044efffd7.scn[39m[0m
[  52% ] [90m[1msavepack[22m | Storing File: res://assets/environment/lwf_food_van_name_panel_chip_block_v1.glb.import[39m[0m
[  53% ] [90m[1msavepack[22m | Storing File: res://.godot/imported/lwf_food_van_name_panel_chip_block_v1.png-6173541b20832a2371e60f161ad9a76e.ctex[39m[0m
[  53% ] [90m[1msavepack[22m | Storing File: res://assets/environment/lwf_food_van_name_panel_chip_block_v1.png.import[39m[0m
[  53% ] [90m[1msavepack[22m | Storing File: res://.godot/imported/lwf_food_van_name_panel_chip_block_v1_lwf_food_van_name_panel_chip_block_v1.png-19da3f5a380651ebc1144eeb7cdb019a.ctex[39m[0m
[  53% ] [90m[1msavepack[22m | Storing File: res://assets/environment/lwf_food_van_name_panel_chip_block_v1_lwf_food_van_name_panel_chip_block_v1.png.import[39m[0m
[  53% ] [90m[1msavepack[22m | Storing File: res://.godot/imported/lwf_food_van_name_panel_pizza_v1.glb-aa213d7ce2731811cb0479b8f7127566.scn[39m[0m
[  53% ] [90m[1msavepack[22m | Storing File: res://assets/environment/lwf_food_van_name_panel_pizza_v1.glb.import[39m[0m
[  53% ] [90m[1msavepack[22m | Storing File: res://.godot/imported/lwf_food_van_name_panel_pizza_v1.png-8e21f4392e4aa76faca08b5c0e61f999.ctex[39m[0m
[  53% ] [90m[1msavepack[22m | Storing File: res://assets/environment/lwf_food_van_name_panel_pizza_v1.png.import[39m[0m
[  53% ] [90m[1msavepack[22m | Storing File: res://.godot/imported/lwf_food_van_name_panel_pizza_v1_lwf_food_van_name_panel_pizza_v1.png-95420fdb5d108bce83d95efa8334c040.ctex[39m[0m
[  53% ] [90m[1msavepack[22m | Storing File: res://assets/environment/lwf_food_van_name_panel_pizza_v1_lwf_food_van_name_panel_pizza_v1.png.import[39m[0m
[  53% ] [90m[1msavepack[22m | Storing File: res://.godot/imported/lwf_food_van_palette_chip_block_v1.png-e40e36bfc391d859381f5a67c4ea2fc2.ctex[39m[0m
[  53% ] [90m[1msavepack[22m | Storing File: res://assets/environment/lwf_food_van_palette_chip_block_v1.png.import[39m[0m
[  53% ] [90m[1msavepack[22m | Storing File: res://.godot/imported/lwf_food_van_palette_pizza_v1.png-5646e7963fc3848b5d807f36f6c5c962.ctex[39m[0m
[  53% ] [90m[1msavepack[22m | Storing File: res://assets/environment/lwf_food_van_palette_pizza_v1.png.import[39m[0m
[  54% ] [90m[1msavepack[22m | Storing File: res://.godot/imported/lwf_food_van_serving_flap_v1.glb-33bee45c99cd1d5901ffa55746bc3906.scn[39m[0m
[  54% ] [90m[1msavepack[22m | Storing File: res://assets/environment/lwf_food_van_serving_flap_v1.glb.import[39m[0m
[  54% ] [90m[1msavepack[22m | Storing File: res://.godot/imported/lwf_food_van_serving_flap_v1_food_van_palette.png-0b63a7f68e15f3d83ad89017a3f98734.ctex[39m[0m
[  54% ] [90m[1msavepack[22m | Storing File: res://assets/environment/lwf_food_van_serving_flap_v1_food_van_palette.png.import[39m[0m
[  54% ] [90m[1msavepack[22m | Storing File: res://.godot/imported/lwf_food_van_sign_chips_v1.glb-72aae38ff1b0838259a52e195fc2f8b9.scn[39m[0m
[  54% ] [90m[1msavepack[22m | Storing File: res://assets/environment/lwf_food_van_sign_chips_v1.glb.import[39m[0m
[  54% ] [90m[1msavepack[22m | Storing File: res://.godot/imported/lwf_food_van_sign_chips_v1.png-43e4e4e6a1b22108ab33446084a6dfb3.ctex[39m[0m
[  54% ] [90m[1msavepack[22m | Storing File: res://assets/environment/lwf_food_van_sign_chips_v1.png.import[39m[0m
[  54% ] [90m[1msavepack[22m | Storing File: res://.godot/imported/lwf_food_van_sign_chips_v1_lwf_food_van_sign_chips_v1.png-bca9c8217f7bb6dd174023a4f90ce502.ctex[39m[0m
[  54% ] [90m[1msavepack[22m | Storing File: res://assets/environment/lwf_food_van_sign_chips_v1_lwf_food_van_sign_chips_v1.png.import[39m[0m
[  54% ] [90m[1msavepack[22m | Storing File: res://.godot/imported/lwf_food_van_sign_pizza_v1.glb-a3f98552dbadc1abcb93856cbad753bb.scn[39m[0m
[  54% ] [90m[1msavepack[22m | Storing File: res://assets/environment/lwf_food_van_sign_pizza_v1.glb.import[39m[0m
[  54% ] [90m[1msavepack[22m | Storing File: res://.godot/imported/lwf_food_van_sign_pizza_v1.png-5399edbf3e5c8a7115dbfc74ee9d01db.ctex[39m[0m
[  54% ] [90m[1msavepack[22m | Storing File: res://assets/environment/lwf_food_van_sign_pizza_v1.png.import[39m[0m
[  54% ] [90m[1msavepack[22m | Storing File: res://.godot/imported/lwf_food_van_sign_pizza_v1_lwf_food_van_sign_pizza_v1.png-4ba51bbfc7c628fc48c072c2cd56e13d.ctex[39m[0m
[  54% ] [90m[1msavepack[22m | Storing File: res://assets/environment/lwf_food_van_sign_pizza_v1_lwf_food_van_sign_pizza_v1.png.import[39m[0m
[  55% ] [90m[1msavepack[22m | Storing File: res://.godot/imported/lwf_free_water_point_v1.glb-522a5b90c14d719c23ac1586ebd0fa38.scn[39m[0m
[  55% ] [90m[1msavepack[22m | Storing File: res://assets/environment/lwf_free_water_point_v1.glb.import[39m[0m
[  55% ] [90m[1msavepack[22m | Storing File: res://.godot/imported/lwf_free_water_point_v1_lwf_water_palette.png-0b182c6032633c43e94459df44a344dd.ctex[39m[0m
[  55% ] [90m[1msavepack[22m | Storing File: res://assets/environment/lwf_free_water_point_v1_lwf_water_palette.png.import[39m[0m
[  55% ] [90m[1msavepack[22m | Storing File: res://.godot/imported/lwf_free_water_point_v3.glb-9862d3841f9bd0190ef64d9f67045494.scn[39m[0m
[  55% ] [90m[1msavepack[22m | Storing File: res://assets/environment/lwf_free_water_point_v3.glb.import[39m[0m
[  55% ] [90m[1msavepack[22m | Storing File: res://.godot/imported/lwf_free_water_point_v3_lwf_water_v3_palette.png-9075aced0ff102e4c08a4120264fb141.ctex[39m[0m
[  55% ] [90m[1msavepack[22m | Storing File: res://assets/environment/lwf_free_water_point_v3_lwf_water_v3_palette.png.import[39m[0m
[  55% ] [90m[1msavepack[22m | Storing File: res://.godot/imported/lwf_free_water_point_v4.glb-41d5650b6639f4d4accfd56b508d2e5f.scn[39m[0m
[  55% ] [90m[1msavepack[22m | Storing File: res://assets/environment/lwf_free_water_point_v4.glb.import[39m[0m
[  55% ] [90m[1msavepack[22m | Storing File: res://.godot/imported/lwf_free_water_point_v4_lwf_water_v3_palette.png-4db3c4b4c002a1eb5f231684269a9ce0.ctex[39m[0m
[  55% ] [90m[1msavepack[22m | Storing File: res://assets/environment/lwf_free_water_point_v4_lwf_water_v3_palette.png.import[39m[0m
[  55% ] [90m[1msavepack[22m | Storing File: res://.godot/imported/lwf_free_water_point_v4_water-painted-sign.png-3777cb273843a4d08ef4c3fff418aec7.ctex[39m[0m
[  55% ] [90m[1msavepack[22m | Storing File: res://assets/environment/lwf_free_water_point_v4_water-painted-sign.png.import[39m[0m
[  56% ] [90m[1msavepack[22m | Storing File: res://.godot/imported/lwf_garden_gate_iron_v1.glb-49038876ea69e92421bad9ad32e8af3c.scn[39m[0m
[  56% ] [90m[1msavepack[22m | Storing File: res://assets/environment/lwf_garden_gate_iron_v1.glb.import[39m[0m
[  56% ] [90m[1msavepack[22m | Storing File: res://.godot/imported/lwf_garden_gate_iron_v1_lwf_hedge_gate_palette.png-04936092c1c2e74354621100f9501816.ctex[39m[0m
[  56% ] [90m[1msavepack[22m | Storing File: res://assets/environment/lwf_garden_gate_iron_v1_lwf_hedge_gate_palette.png.import[39m[0m
[  56% ] [90m[1msavepack[22m | Storing File: res://.godot/imported/lwf_garden_path_flagstones_v1.glb-ca576d25bacbaabb8f44374a640c8d78.scn[39m[0m
[  56% ] [90m[1msavepack[22m | Storing File: res://assets/environment/lwf_garden_path_flagstones_v1.glb.import[39m[0m
[  56% ] [90m[1msavepack[22m | Storing File: res://.godot/imported/lwf_garden_path_flagstones_v1_lwf_hedge_gate_palette.png-96a35f867da327175748ae3b55de8669.ctex[39m[0m
[  56% ] [90m[1msavepack[22m | Storing File: res://assets/environment/lwf_garden_path_flagstones_v1_lwf_hedge_gate_palette.png.import[39m[0m
[  56% ] [90m[1msavepack[22m | Storing File: res://.godot/imported/lwf_garden_pot_flowers_v1.glb-e224d591b2bd04f76f9a58ebb1e560ee.scn[39m[0m
[  56% ] [90m[1msavepack[22m | Storing File: res://assets/environment/lwf_garden_pot_flowers_v1.glb.import[39m[0m
[  56% ] [90m[1msavepack[22m | Storing File: res://.godot/imported/lwf_garden_pot_flowers_v1_lwf_hedge_gate_palette.png-27b0534bc21c3a8303400d487d41e65b.ctex[39m[0m
[  56% ] [90m[1msavepack[22m | Storing File: res://assets/environment/lwf_garden_pot_flowers_v1_lwf_hedge_gate_palette.png.import[39m[0m
[  56% ] [90m[1msavepack[22m | Storing File: res://.godot/imported/lwf_gate_apron_v1.glb-1bc5f2af83339683303efa6051af5f83.scn[39m[0m
[  56% ] [90m[1msavepack[22m | Storing File: res://assets/environment/lwf_gate_apron_v1.glb.import[39m[0m
[  56% ] [90m[1msavepack[22m | Storing File: res://.godot/imported/lwf_gate_apron_v1_field_track_palette.png-2b8ff1f54a56d8a6e1d0247b9e56d61e.ctex[39m[0m
[  56% ] [90m[1msavepack[22m | Storing File: res://assets/environment/lwf_gate_apron_v1_field_track_palette.png.import[39m[0m
[  57% ] [90m[1msavepack[22m | Storing File: res://.godot/imported/lwf_gate_apron_v1_gate_sign_palette.png-57df7bda25102c2a817019321129eb01.ctex[39m[0m
[  57% ] [90m[1msavepack[22m | Storing File: res://assets/environment/lwf_gate_apron_v1_gate_sign_palette.png.import[39m[0m
[  57% ] [90m[1msavepack[22m | Storing File: res://.godot/imported/lwf_gate_sign_tier1_v1.glb-b24ee44b05e5b914e98ac5c55f058d7a.scn[39m[0m
[  57% ] [90m[1msavepack[22m | Storing File: res://assets/environment/lwf_gate_sign_tier1_v1.glb.import[39m[0m
[  57% ] [90m[1msavepack[22m | Storing File: res://.godot/imported/lwf_gate_sign_tier1_v1_gate_sign_palette.png-f052367037b2f4ede9cfc03ceb64f52f.ctex[39m[0m
[  57% ] [90m[1msavepack[22m | Storing File: res://assets/environment/lwf_gate_sign_tier1_v1_gate_sign_palette.png.import[39m[0m
[  57% ] [90m[1msavepack[22m | Storing File: res://.godot/imported/lwf_gate_sign_tier1_v1_t1_arrow.png-987f31fb59e57eed0b26461773370730.ctex[39m[0m
[  57% ] [90m[1msavepack[22m | Storing File: res://assets/environment/lwf_gate_sign_tier1_v1_t1_arrow.png.import[39m[0m
[  57% ] [90m[1msavepack[22m | Storing File: res://.godot/imported/lwf_gate_sign_tier1_v1_t1_door.png-e57fb7e4709819c946837e08596a152b.ctex[39m[0m
[  57% ] [90m[1msavepack[22m | Storing File: res://assets/environment/lwf_gate_sign_tier1_v1_t1_door.png.import[39m[0m
[  57% ] [90m[1msavepack[22m | Storing File: res://.godot/imported/lwf_gate_sign_tier2_v1.glb-42c9ec52e0cb7f1d3972b792de885cc8.scn[39m[0m
[  57% ] [90m[1msavepack[22m | Storing File: res://assets/environment/lwf_gate_sign_tier2_v1.glb.import[39m[0m
[  57% ] [90m[1msavepack[22m | Storing File: res://.godot/imported/lwf_gate_sign_tier2_v1_gate_sign_palette.png-c6343e03816a9a1d3ad45ded924cdebe.ctex[39m[0m
[  57% ] [90m[1msavepack[22m | Storing File: res://assets/environment/lwf_gate_sign_tier2_v1_gate_sign_palette.png.import[39m[0m
[  58% ] [90m[1msavepack[22m | Storing File: res://.godot/imported/lwf_gate_sign_tier2_v1_t2_board.png-44bcbc802275605113c66c05ed831070.ctex[39m[0m
[  58% ] [90m[1msavepack[22m | Storing File: res://assets/environment/lwf_gate_sign_tier2_v1_t2_board.png.import[39m[0m
[  58% ] [90m[1msavepack[22m | Storing File: res://.godot/imported/lwf_gate_sign_tier3_v1.glb-d628b7cdaa422a3eb33273bd3fc8e826.scn[39m[0m
[  58% ] [90m[1msavepack[22m | Storing File: res://assets/environment/lwf_gate_sign_tier3_v1.glb.import[39m[0m
[  58% ] [90m[1msavepack[22m | Storing File: res://.godot/imported/lwf_gate_sign_tier3_v1_gate_sign_palette.png-ba8e00cfe9e35445a61e104ecdfd0a50.ctex[39m[0m
[  58% ] [90m[1msavepack[22m | Storing File: res://assets/environment/lwf_gate_sign_tier3_v1_gate_sign_palette.png.import[39m[0m
[  58% ] [90m[1msavepack[22m | Storing File: res://.godot/imported/lwf_gate_sign_tier3_v1_t3_board.png-bd376c3ed2287698e952fd41ba931de7.ctex[39m[0m
[  58% ] [90m[1msavepack[22m | Storing File: res://assets/environment/lwf_gate_sign_tier3_v1_t3_board.png.import[39m[0m
[  58% ] [90m[1msavepack[22m | Storing File: res://.godot/imported/lwf_gate_sign_tier3_v1_t3_plate.png-512a07ee51d762397cc1dcf56760438c.ctex[39m[0m
[  58% ] [90m[1msavepack[22m | Storing File: res://assets/environment/lwf_gate_sign_tier3_v1_t3_plate.png.import[39m[0m
[  58% ] [90m[1msavepack[22m | Storing File: res://.godot/imported/lwf_hay_ring_feeder_v1.glb-68baf4eed0bd8426f43f5dcff151bc90.scn[39m[0m
[  58% ] [90m[1msavepack[22m | Storing File: res://assets/environment/lwf_hay_ring_feeder_v1.glb.import[39m[0m
[  58% ] [90m[1msavepack[22m | Storing File: res://.godot/imported/lwf_hay_ring_feeder_v1_lwf_cow_pasture_palette.png-a57ff6fc0e2ccbb3cb0b4699b6b4d7d7.ctex[39m[0m
[  58% ] [90m[1msavepack[22m | Storing File: res://assets/environment/lwf_hay_ring_feeder_v1_lwf_cow_pasture_palette.png.import[39m[0m
[  58% ] [90m[1msavepack[22m | Storing File: res://.godot/imported/lwf_hedge_gate_end_v1.glb-556338be16815187d152540f18eb47de.scn[39m[0m
[  58% ] [90m[1msavepack[22m | Storing File: res://assets/environment/lwf_hedge_gate_end_v1.glb.import[39m[0m
[  59% ] [90m[1msavepack[22m | Storing File: res://.godot/imported/lwf_hedge_gate_end_v1_farm_beauty_palette.png-55b642e2803ddc95c2d155939dd81caa.ctex[39m[0m
[  59% ] [90m[1msavepack[22m | Storing File: res://assets/environment/lwf_hedge_gate_end_v1_farm_beauty_palette.png.import[39m[0m
[  59% ] [90m[1msavepack[22m | Storing File: res://.godot/imported/lwf_hedge_gate_lane_v1.glb-a296f3f2fd0b683d4b2c0b6adc8d6ddc.scn[39m[0m
[  59% ] [90m[1msavepack[22m | Storing File: res://assets/environment/lwf_hedge_gate_lane_v1.glb.import[39m[0m
[  59% ] [90m[1msavepack[22m | Storing File: res://.godot/imported/lwf_hedge_gate_lane_v1_lwf_hedge_gate_palette.png-7fef49730e46b367e34307d352efb5c1.ctex[39m[0m
[  59% ] [90m[1msavepack[22m | Storing File: res://assets/environment/lwf_hedge_gate_lane_v1_lwf_hedge_gate_palette.png.import[39m[0m
[  59% ] [90m[1msavepack[22m | Storing File: res://.godot/imported/lwf_hedge_straight_4m_a_v1.glb-419851c5f63b5601a0e05d51456c1b1d.scn[39m[0m
[  59% ] [90m[1msavepack[22m | Storing File: res://assets/environment/lwf_hedge_straight_4m_a_v1.glb.import[39m[0m
[  59% ] [90m[1msavepack[22m | Storing File: res://.godot/imported/lwf_hedge_straight_4m_a_v1_farm_beauty_palette.png-125eb34c6a01bc0cbef9757aa3e6abb5.ctex[39m[0m
[  59% ] [90m[1msavepack[22m | Storing File: res://assets/environment/lwf_hedge_straight_4m_a_v1_farm_beauty_palette.png.import[39m[0m
[  59% ] [90m[1msavepack[22m | Storing File: res://.godot/imported/lwf_hedge_straight_8m_a_v1.glb-86a82be7ca4e16e9043a0aafd4094308.scn[39m[0m
[  59% ] [90m[1msavepack[22m | Storing File: res://assets/environment/lwf_hedge_straight_8m_a_v1.glb.import[39m[0m
[  59% ] [90m[1msavepack[22m | Storing File: res://.godot/imported/lwf_hedge_straight_8m_a_v1_farm_beauty_palette.png-2cf393f4e95f5c5baebcb5d06943b738.ctex[39m[0m
[  59% ] [90m[1msavepack[22m | Storing File: res://assets/environment/lwf_hedge_straight_8m_a_v1_farm_beauty_palette.png.import[39m[0m
[  60% ] [90m[1msavepack[22m | Storing File: res://.godot/imported/lwf_hedge_straight_8m_b_v1.glb-2d9310d6216493bcab90da467ebc6228.scn[39m[0m
[  60% ] [90m[1msavepack[22m | Storing File: res://assets/environment/lwf_hedge_straight_8m_b_v1.glb.import[39m[0m
[  60% ] [90m[1msavepack[22m | Storing File: res://.godot/imported/lwf_hedge_straight_8m_b_v1_farm_beauty_palette.png-f8edf5990bc193151693eeae50e17279.ctex[39m[0m
[  60% ] [90m[1msavepack[22m | Storing File: res://assets/environment/lwf_hedge_straight_8m_b_v1_farm_beauty_palette.png.import[39m[0m
[  60% ] [90m[1msavepack[22m | Storing File: res://.godot/imported/lwf_hedge_straight_8m_c_v1.glb-34f60dd47a934a7bca70643a99f348e2.scn[39m[0m
[  60% ] [90m[1msavepack[22m | Storing File: res://assets/environment/lwf_hedge_straight_8m_c_v1.glb.import[39m[0m
[  60% ] [90m[1msavepack[22m | Storing File: res://.godot/imported/lwf_hedge_straight_8m_c_v1_farm_beauty_palette.png-6c478e8356cdd3361c911e976cf06f45.ctex[39m[0m
[  60% ] [90m[1msavepack[22m | Storing File: res://assets/environment/lwf_hedge_straight_8m_c_v1_farm_beauty_palette.png.import[39m[0m
[  60% ] [90m[1msavepack[22m | Storing File: res://.godot/imported/lwf_hedge_straight_8m_d_v1.glb-eed961016d9bc80a097903a03fa33d09.scn[39m[0m
[  60% ] [90m[1msavepack[22m | Storing File: res://assets/environment/lwf_hedge_straight_8m_d_v1.glb.import[39m[0m
[  60% ] [90m[1msavepack[22m | Storing File: res://.godot/imported/lwf_hedge_straight_8m_d_v1_farm_beauty_palette.png-d8dacc722150c685feafd98c4724241a.ctex[39m[0m
[  60% ] [90m[1msavepack[22m | Storing File: res://assets/environment/lwf_hedge_straight_8m_d_v1_farm_beauty_palette.png.import[39m[0m
[  60% ] [90m[1msavepack[22m | Storing File: res://.godot/imported/lwf_honey_wagon_hose_v1.glb-05578bb03deff36ec7434cc10f8f4c5c.scn[39m[0m
[  60% ] [90m[1msavepack[22m | Storing File: res://assets/environment/lwf_honey_wagon_hose_v1.glb.import[39m[0m
[  60% ] [90m[1msavepack[22m | Storing File: res://.godot/imported/lwf_honey_wagon_hose_v1_lwf_honey_wagon_palette.png-90123d38e2eed0895402f4f44eaaf7bc.ctex[39m[0m
[  60% ] [90m[1msavepack[22m | Storing File: res://assets/environment/lwf_honey_wagon_hose_v1_lwf_honey_wagon_palette.png.import[39m[0m
[  61% ] [90m[1msavepack[22m | Storing File: res://.godot/imported/lwf_honey_wagon_v1.glb-58584280597c580fb38a79e2b107b2e2.scn[39m[0m
[  61% ] [90m[1msavepack[22m | Storing File: res://assets/environment/lwf_honey_wagon_v1.glb.import[39m[0m
[  61% ] [90m[1msavepack[22m | Storing File: res://.godot/imported/lwf_honey_wagon_v1_lwf_honey_wagon_name_board_v1.png-60e5e11d0d7f8f5ee0e6c15cbe1451c7.ctex[39m[0m
[  61% ] [90m[1msavepack[22m | Storing File: res://assets/environment/lwf_honey_wagon_v1_lwf_honey_wagon_name_board_v1.png.import[39m[0m
[  61% ] [90m[1msavepack[22m | Storing File: res://.godot/imported/lwf_honey_wagon_v1_lwf_honey_wagon_palette.png-e600619085466e88a062356e56529d92.ctex[39m[0m
[  61% ] [90m[1msavepack[22m | Storing File: res://assets/environment/lwf_honey_wagon_v1_lwf_honey_wagon_palette.png.import[39m[0m
[  61% ] [90m[1msavepack[22m | Storing File: res://.godot/imported/lwf_honey_wagon_v1_lwf_honey_wagon_rear_face_v1.png-abcf70cb091815ef9dde07811f563afc.ctex[39m[0m
[  61% ] [90m[1msavepack[22m | Storing File: res://assets/environment/lwf_honey_wagon_v1_lwf_honey_wagon_rear_face_v1.png.import[39m[0m
[  61% ] [90m[1msavepack[22m | Storing File: res://.godot/imported/lwf_honey_wagon_v1_lwf_honey_wagon_rear_plate_v1.png-2b20704389a6d9c8566996f21d836f41.ctex[39m[0m
[  61% ] [90m[1msavepack[22m | Storing File: res://assets/environment/lwf_honey_wagon_v1_lwf_honey_wagon_rear_plate_v1.png.import[39m[0m
[  61% ] [90m[1msavepack[22m | Storing File: res://.godot/imported/lwf_large_barn_v1.glb-f3b6f520be18f8c0dec671b86052e95d.scn[39m[0m
[  61% ] [90m[1msavepack[22m | Storing File: res://assets/environment/lwf_large_barn_v1.glb.import[39m[0m
[  61% ] [90m[1msavepack[22m | Storing File: res://.godot/imported/lwf_large_barn_v1_large_barn_v1_palette.png-600193aab8326dbb5c448d6cfeea2dd1.ctex[39m[0m
[  61% ] [90m[1msavepack[22m | Storing File: res://assets/environment/lwf_large_barn_v1_large_barn_v1_palette.png.import[39m[0m
[  62% ] [90m[1msavepack[22m | Storing File: res://.godot/imported/lwf_mic_stand_v1.glb-5a2a5bac400662894fc64d8b7b37ac55.scn[39m[0m
[  62% ] [90m[1msavepack[22m | Storing File: res://assets/environment/lwf_mic_stand_v1.glb.import[39m[0m
[  62% ] [90m[1msavepack[22m | Storing File: res://.godot/imported/lwf_mic_stand_v1_lwf_mic_stand_palette.png-cae8e6ef1c93f7e93f773ec5286ae4c0.ctex[39m[0m
[  62% ] [90m[1msavepack[22m | Storing File: res://assets/environment/lwf_mic_stand_v1_lwf_mic_stand_palette.png.import[39m[0m
[  62% ] [90m[1msavepack[22m | Storing File: res://.godot/imported/lwf_power_lead_chewed_v1.glb-c96922cea1a617e8b68c2b17d327b206.scn[39m[0m
[  62% ] [90m[1msavepack[22m | Storing File: res://assets/environment/lwf_power_lead_chewed_v1.glb.import[39m[0m
[  62% ] [90m[1msavepack[22m | Storing File: res://.godot/imported/lwf_power_lead_chewed_v1_lwf_cow_pasture_palette.png-04a19b7fbe134b087ffd415305ba57ac.ctex[39m[0m
[  62% ] [90m[1msavepack[22m | Storing File: res://assets/environment/lwf_power_lead_chewed_v1_lwf_cow_pasture_palette.png.import[39m[0m
[  62% ] [90m[1msavepack[22m | Storing File: res://.godot/imported/lwf_power_lead_v1.glb-998b158b9bcd11eb810976f605bbb146.scn[39m[0m
[  62% ] [90m[1msavepack[22m | Storing File: res://assets/environment/lwf_power_lead_v1.glb.import[39m[0m
[  62% ] [90m[1msavepack[22m | Storing File: res://.godot/imported/lwf_power_lead_v1_lwf_cow_pasture_palette.png-ace16d0fa6f807692c166c21b2209987.ctex[39m[0m
[  62% ] [90m[1msavepack[22m | Storing File: res://assets/environment/lwf_power_lead_v1_lwf_cow_pasture_palette.png.import[39m[0m
[  62% ] [90m[1msavepack[22m | Storing File: res://.godot/imported/lwf_security_post_v1.glb-3f2e27f2bb2ec2a2ecc0bfe407327890.scn[39m[0m
[  62% ] [90m[1msavepack[22m | Storing File: res://assets/environment/lwf_security_post_v1.glb.import[39m[0m
[  62% ] [90m[1msavepack[22m | Storing File: res://.godot/imported/lwf_security_post_v1_lwf_security_post_v1_palette.png-aa26655db60b758f97f8db1e6d8b3872.ctex[39m[0m
[  62% ] [90m[1msavepack[22m | Storing File: res://assets/environment/lwf_security_post_v1_lwf_security_post_v1_palette.png.import[39m[0m
[  63% ] [90m[1msavepack[22m | Storing File: res://.godot/imported/lwf_service_point_v2.glb-878e8a703ac694db6942837b9ab12ad2.scn[39m[0m
[  63% ] [90m[1msavepack[22m | Storing File: res://assets/environment/lwf_service_point_v2.glb.import[39m[0m
[  63% ] [90m[1msavepack[22m | Storing File: res://.godot/imported/lwf_service_point_v2_service_v2_palette.png-5b101942ab5a9dee6f7f00c5426b2bf4.ctex[39m[0m
[  63% ] [90m[1msavepack[22m | Storing File: res://assets/environment/lwf_service_point_v2_service_v2_palette.png.import[39m[0m
[  63% ] [90m[1msavepack[22m | Storing File: res://.godot/imported/lwf_stage_set_electronic_v1.glb-0b18fff3daa3f52acaa50dae0307f7cf.scn[39m[0m
[  63% ] [90m[1msavepack[22m | Storing File: res://assets/environment/lwf_stage_set_electronic_v1.glb.import[39m[0m
[  63% ] [90m[1msavepack[22m | Storing File: res://.godot/imported/lwf_stage_set_electronic_v1_stage_set_palette.png-59f10edd4d66d5d52bdf0f05c9cb69dd.ctex[39m[0m
[  63% ] [90m[1msavepack[22m | Storing File: res://assets/environment/lwf_stage_set_electronic_v1_stage_set_palette.png.import[39m[0m
[  63% ] [90m[1msavepack[22m | Storing File: res://.godot/imported/lwf_stage_set_folk_v1.glb-9fb3abf61362c48ce77eb134f43668f3.scn[39m[0m
[  63% ] [90m[1msavepack[22m | Storing File: res://assets/environment/lwf_stage_set_folk_v1.glb.import[39m[0m
[  63% ] [90m[1msavepack[22m | Storing File: res://.godot/imported/lwf_stage_set_folk_v1_stage_set_palette.png-d9cc21c2bdf6aef865621265899226bd.ctex[39m[0m
[  63% ] [90m[1msavepack[22m | Storing File: res://assets/environment/lwf_stage_set_folk_v1_stage_set_palette.png.import[39m[0m
[  63% ] [90m[1msavepack[22m | Storing File: res://.godot/imported/lwf_stage_set_indie_v1.glb-ae3cbf04615ad1e108e87934bb462496.scn[39m[0m
[  63% ] [90m[1msavepack[22m | Storing File: res://assets/environment/lwf_stage_set_indie_v1.glb.import[39m[0m
[  64% ] [90m[1msavepack[22m | Storing File: res://.godot/imported/lwf_stage_set_indie_v1_stage_set_palette.png-ff6d2257983ca7b4410f06022cb4f53b.ctex[39m[0m
[  64% ] [90m[1msavepack[22m | Storing File: res://assets/environment/lwf_stage_set_indie_v1_stage_set_palette.png.import[39m[0m
[  64% ] [90m[1msavepack[22m | Storing File: res://.godot/imported/lwf_stage_set_metal_v1.glb-fe3e993b9febba79c63483daa41d7506.scn[39m[0m
[  64% ] [90m[1msavepack[22m | Storing File: res://assets/environment/lwf_stage_set_metal_v1.glb.import[39m[0m
[  64% ] [90m[1msavepack[22m | Storing File: res://.godot/imported/lwf_stage_set_metal_v1_stage_set_palette.png-0a2ffcd9e0e32f6b62a09483d26ecb58.ctex[39m[0m
[  64% ] [90m[1msavepack[22m | Storing File: res://assets/environment/lwf_stage_set_metal_v1_stage_set_palette.png.import[39m[0m
[  64% ] [90m[1msavepack[22m | Storing File: res://.godot/imported/lwf_stage_set_pop_v1.glb-5b6120ce2ed5227b1dfe2c6dd2172e73.scn[39m[0m
[  64% ] [90m[1msavepack[22m | Storing File: res://assets/environment/lwf_stage_set_pop_v1.glb.import[39m[0m
[  64% ] [90m[1msavepack[22m | Storing File: res://.godot/imported/lwf_stage_set_pop_v1_stage_set_palette.png-ebafbd9ca9946d6b16ef1b7c03202652.ctex[39m[0m
[  64% ] [90m[1msavepack[22m | Storing File: res://assets/environment/lwf_stage_set_pop_v1_stage_set_palette.png.import[39m[0m
[  64% ] [90m[1msavepack[22m | Storing File: res://.godot/imported/lwf_stage_set_punk_v1.glb-42fe13beaa527e4beb07f7616553f079.scn[39m[0m
[  64% ] [90m[1msavepack[22m | Storing File: res://assets/environment/lwf_stage_set_punk_v1.glb.import[39m[0m
[  64% ] [90m[1msavepack[22m | Storing File: res://.godot/imported/lwf_stage_set_punk_v1_stage_set_palette.png-00159c3995de87d8aff506eafa5399ce.ctex[39m[0m
[  64% ] [90m[1msavepack[22m | Storing File: res://assets/environment/lwf_stage_set_punk_v1_stage_set_palette.png.import[39m[0m
[  64% ] [90m[1msavepack[22m | Storing File: res://.godot/imported/lwf_trailer_stage_v2.glb-7a21a2b87a42564e61c19701a2edef26.scn[39m[0m
[  64% ] [90m[1msavepack[22m | Storing File: res://assets/environment/lwf_trailer_stage_v2.glb.import[39m[0m
[  65% ] [90m[1msavepack[22m | Storing File: res://.godot/imported/lwf_trailer_stage_v2_trailer_palette.png-33971375007c664825af168d28daeaac.ctex[39m[0m
[  65% ] [90m[1msavepack[22m | Storing File: res://assets/environment/lwf_trailer_stage_v2_trailer_palette.png.import[39m[0m
[  65% ] [90m[1msavepack[22m | Storing File: res://.godot/imported/lwf_trailer_stage_v3.glb-a7f4e72996d1122ad3ce744da2e98e86.scn[39m[0m
[  65% ] [90m[1msavepack[22m | Storing File: res://assets/environment/lwf_trailer_stage_v3.glb.import[39m[0m
[  65% ] [90m[1msavepack[22m | Storing File: res://.godot/imported/lwf_trailer_stage_v3_trailer_palette.png-fd39237be95f19a13eba3cb55d3be27c.ctex[39m[0m
[  65% ] [90m[1msavepack[22m | Storing File: res://assets/environment/lwf_trailer_stage_v3_trailer_palette.png.import[39m[0m
[  65% ] [90m[1msavepack[22m | Storing File: res://.godot/imported/lwf_tree_field_maple_v1.glb-6a7a4e2936e1455269882c79a09d50a3.scn[39m[0m
[  65% ] [90m[1msavepack[22m | Storing File: res://assets/environment/lwf_tree_field_maple_v1.glb.import[39m[0m
[  65% ] [90m[1msavepack[22m | Storing File: res://.godot/imported/lwf_tree_field_maple_v1_farm_beauty_palette.png-b1e2178b09e79fa5da32001693e9bb79.ctex[39m[0m
[  65% ] [90m[1msavepack[22m | Storing File: res://assets/environment/lwf_tree_field_maple_v1_farm_beauty_palette.png.import[39m[0m
[  65% ] [90m[1msavepack[22m | Storing File: res://.godot/imported/lwf_tree_oak_v1.glb-5f9768db0e3921bd5dd32f7671ee9c1a.scn[39m[0m
[  65% ] [90m[1msavepack[22m | Storing File: res://assets/environment/lwf_tree_oak_v1.glb.import[39m[0m
[  65% ] [90m[1msavepack[22m | Storing File: res://.godot/imported/lwf_tree_oak_v1_farm_beauty_palette.png-f787e9fcee06b523ab1d4970338df6e9.ctex[39m[0m
[  65% ] [90m[1msavepack[22m | Storing File: res://assets/environment/lwf_tree_oak_v1_farm_beauty_palette.png.import[39m[0m
[  66% ] [90m[1msavepack[22m | Storing File: res://.godot/imported/lwf_tree_old_apple_v1.glb-51ec9ce023e9b0a7acfb9220301589f6.scn[39m[0m
[  66% ] [90m[1msavepack[22m | Storing File: res://assets/environment/lwf_tree_old_apple_v1.glb.import[39m[0m
[  66% ] [90m[1msavepack[22m | Storing File: res://.godot/imported/lwf_tree_old_apple_v1_farm_beauty_palette.png-f8d2ecfb11c1ed1e768c2e385bf9bd78.ctex[39m[0m
[  66% ] [90m[1msavepack[22m | Storing File: res://assets/environment/lwf_tree_old_apple_v1_farm_beauty_palette.png.import[39m[0m
[  66% ] [90m[1msavepack[22m | Storing File: res://.godot/imported/lwf_vehicle_track_straight_8x4m_v1.glb-a5c11d8d75787456c42c23f31024cb6c.scn[39m[0m
[  66% ] [90m[1msavepack[22m | Storing File: res://assets/environment/lwf_vehicle_track_straight_8x4m_v1.glb.import[39m[0m
[  66% ] [90m[1msavepack[22m | Storing File: res://.godot/imported/lwf_vehicle_track_straight_8x4m_v1_field_track_palette.png-f1394faf4f1097dba1cb55265eafb685.ctex[39m[0m
[  66% ] [90m[1msavepack[22m | Storing File: res://assets/environment/lwf_vehicle_track_straight_8x4m_v1_field_track_palette.png.import[39m[0m
[  66% ] [90m[1msavepack[22m | Storing File: res://.godot/imported/lwf_water_tower_prototype_v1.glb-a75c9de2ca06bdb30dc475525f973f67.scn[39m[0m
[  66% ] [90m[1msavepack[22m | Storing File: res://assets/environment/lwf_water_tower_prototype_v1.glb.import[39m[0m
[  66% ] [90m[1msavepack[22m | Storing File: res://.godot/imported/lwf_water_trough_v1.glb-a5708d1edb67e3d6eaa1f528a9cdfd00.scn[39m[0m
[  66% ] [90m[1msavepack[22m | Storing File: res://assets/environment/lwf_water_trough_v1.glb.import[39m[0m
[  66% ] [90m[1msavepack[22m | Storing File: res://.godot/imported/lwf_water_trough_v1_lwf_cow_pasture_palette.png-fd02504053ca7f2f29cb154832acfa86.ctex[39m[0m
[  66% ] [90m[1msavepack[22m | Storing File: res://assets/environment/lwf_water_trough_v1_lwf_cow_pasture_palette.png.import[39m[0m
[  66% ] [90m[1msavepack[22m | Storing File: res://.godot/imported/lwf_farm_diesel_fault_v1.glb-2439b2aba313db06b7aca12cc05bac46.scn[39m[0m
[  66% ] [90m[1msavepack[22m | Storing File: res://assets/equipment/lwf_farm_diesel_fault_v1.glb.import[39m[0m
[  66% ] [90m[1msavepack[22m | Storing File: res://.godot/imported/lwf_farm_diesel_fault_v1_lwf_farm_diesel_palette.png-5102910da678d5b8f39c2e31cbad8963.ctex[39m[0m
[  66% ] [90m[1msavepack[22m | Storing File: res://assets/equipment/lwf_farm_diesel_fault_v1_lwf_farm_diesel_palette.png.import[39m[0m
[  66% ] [90m[1msavepack[22m | Storing File: res://.godot/imported/lwf_farm_diesel_isolated_v1.glb-e343fca91fa32585669e8d35c0aa20e8.scn[39m[0m
[  66% ] [90m[1msavepack[22m | Storing File: res://assets/equipment/lwf_farm_diesel_isolated_v1.glb.import[39m[0m
[  66% ] [90m[1msavepack[22m | Storing File: res://.godot/imported/lwf_farm_diesel_isolated_v1_lwf_farm_diesel_palette.png-a29bc8a933ed36d3dc674d6f07487c88.ctex[39m[0m
[  66% ] [90m[1msavepack[22m | Storing File: res://assets/equipment/lwf_farm_diesel_isolated_v1_lwf_farm_diesel_palette.png.import[39m[0m
[  66% ] [90m[1msavepack[22m | Storing File: res://.godot/imported/lwf_farm_diesel_normal_v1.glb-be0e0ffce6e7dbb5a8696c45b947b553.scn[39m[0m
[  66% ] [90m[1msavepack[22m | Storing File: res://assets/equipment/lwf_farm_diesel_normal_v1.glb.import[39m[0m
[  66% ] [90m[1msavepack[22m | Storing File: res://.godot/imported/lwf_farm_diesel_normal_v1_lwf_farm_diesel_palette.png-97b39790f9d7eb8b65a43dbfe492d3aa.ctex[39m[0m
[  66% ] [90m[1msavepack[22m | Storing File: res://assets/equipment/lwf_farm_diesel_normal_v1_lwf_farm_diesel_palette.png.import[39m[0m
[  66% ] [90m[1msavepack[22m | Storing File: res://.godot/imported/lwf_farm_diesel_overloaded_v1.glb-88bc685bb5ab19eb5198f95d00ed0ed6.scn[39m[0m
[  66% ] [90m[1msavepack[22m | Storing File: res://assets/equipment/lwf_farm_diesel_overloaded_v1.glb.import[39m[0m
[  66% ] [90m[1msavepack[22m | Storing File: res://.godot/imported/lwf_farm_diesel_overloaded_v1_lwf_farm_diesel_palette.png-95e5374fbb53914d31c0e1abb3ef467f.ctex[39m[0m
[  66% ] [90m[1msavepack[22m | Storing File: res://assets/equipment/lwf_farm_diesel_overloaded_v1_lwf_farm_diesel_palette.png.import[39m[0m
[  67% ] [90m[1msavepack[22m | Storing File: res://.godot/imported/lwf_hire_generator_fault_v1.glb-f48c13f0dfa64fcadbcdbd580b2a641f.scn[39m[0m
[  67% ] [90m[1msavepack[22m | Storing File: res://assets/equipment/lwf_hire_generator_fault_v1.glb.import[39m[0m
[  67% ] [90m[1msavepack[22m | Storing File: res://.godot/imported/lwf_hire_generator_fault_v1_lwf_hire_generator_palette.png-3d65b0bb1090fd93656d5a9db38643db.ctex[39m[0m
[  67% ] [90m[1msavepack[22m | Storing File: res://assets/equipment/lwf_hire_generator_fault_v1_lwf_hire_generator_palette.png.import[39m[0m
[  67% ] [90m[1msavepack[22m | Storing File: res://.godot/imported/lwf_hire_generator_isolated_v1.glb-ea50e5db397f0eedf8846c6a25489a1c.scn[39m[0m
[  67% ] [90m[1msavepack[22m | Storing File: res://assets/equipment/lwf_hire_generator_isolated_v1.glb.import[39m[0m
[  67% ] [90m[1msavepack[22m | Storing File: res://.godot/imported/lwf_hire_generator_isolated_v1_lwf_hire_generator_palette.png-21d747248c391a3e24532d542a1e9ec5.ctex[39m[0m
[  67% ] [90m[1msavepack[22m | Storing File: res://assets/equipment/lwf_hire_generator_isolated_v1_lwf_hire_generator_palette.png.import[39m[0m
[  67% ] [90m[1msavepack[22m | Storing File: res://.godot/imported/lwf_hire_generator_normal_v1.glb-ce7e3ef232be1795cc7e21319dfabee0.scn[39m[0m
[  67% ] [90m[1msavepack[22m | Storing File: res://assets/equipment/lwf_hire_generator_normal_v1.glb.import[39m[0m
[  67% ] [90m[1msavepack[22m | Storing File: res://.godot/imported/lwf_hire_generator_normal_v1_lwf_hire_generator_palette.png-8be87acbeeb52a69db964aa35bd80f71.ctex[39m[0m
[  67% ] [90m[1msavepack[22m | Storing File: res://assets/equipment/lwf_hire_generator_normal_v1_lwf_hire_generator_palette.png.import[39m[0m
[  67% ] [90m[1msavepack[22m | Storing File: res://.godot/imported/lwf_hire_generator_overloaded_v1.glb-ed2d157c85ade3745e4df057edd044ac.scn[39m[0m
[  67% ] [90m[1msavepack[22m | Storing File: res://assets/equipment/lwf_hire_generator_overloaded_v1.glb.import[39m[0m
[  67% ] [90m[1msavepack[22m | Storing File: res://.godot/imported/lwf_hire_generator_overloaded_v1_lwf_hire_generator_palette.png-82fd726f616de57f1362c61b5dfbfea8.ctex[39m[0m
[  67% ] [90m[1msavepack[22m | Storing File: res://assets/equipment/lwf_hire_generator_overloaded_v1_lwf_hire_generator_palette.png.import[39m[0m
[  68% ] [90m[1msavepack[22m | Storing File: res://.godot/imported/lwf_towable_generator_fault_v1.glb-7aee9a95bb3d21b393b3c88a81598071.scn[39m[0m
[  68% ] [90m[1msavepack[22m | Storing File: res://assets/equipment/lwf_towable_generator_fault_v1.glb.import[39m[0m
[  68% ] [90m[1msavepack[22m | Storing File: res://.godot/imported/lwf_towable_generator_fault_v1_lwf_generator_palette.png-bd255fa64b43583b70d47a1cb0795d96.ctex[39m[0m
[  68% ] [90m[1msavepack[22m | Storing File: res://assets/equipment/lwf_towable_generator_fault_v1_lwf_generator_palette.png.import[39m[0m
[  68% ] [90m[1msavepack[22m | Storing File: res://.godot/imported/lwf_towable_generator_isolated_v1.glb-e892424beb76854b3a7a1d3a057e90b1.scn[39m[0m
[  68% ] [90m[1msavepack[22m | Storing File: res://assets/equipment/lwf_towable_generator_isolated_v1.glb.import[39m[0m
[  68% ] [90m[1msavepack[22m | Storing File: res://.godot/imported/lwf_towable_generator_isolated_v1_lwf_generator_palette.png-9cf05ade29ca9d2c066aa906937f5ac5.ctex[39m[0m
[  68% ] [90m[1msavepack[22m | Storing File: res://assets/equipment/lwf_towable_generator_isolated_v1_lwf_generator_palette.png.import[39m[0m
[  68% ] [90m[1msavepack[22m | Storing File: res://.godot/imported/lwf_towable_generator_normal_v1.glb-6b40e5c46c96fb315f280b538111a24c.scn[39m[0m
[  68% ] [90m[1msavepack[22m | Storing File: res://assets/equipment/lwf_towable_generator_normal_v1.glb.import[39m[0m
[  68% ] [90m[1msavepack[22m | Storing File: res://.godot/imported/lwf_towable_generator_normal_v1_lwf_generator_palette.png-f1817cdeebe3a03c1532c86fe89de9e4.ctex[39m[0m
[  68% ] [90m[1msavepack[22m | Storing File: res://assets/equipment/lwf_towable_generator_normal_v1_lwf_generator_palette.png.import[39m[0m
[  68% ] [90m[1msavepack[22m | Storing File: res://.godot/imported/lwf_towable_generator_overloaded_v1.glb-40de2eb269287fcbe7b8b7517bf5b1e3.scn[39m[0m
[  68% ] [90m[1msavepack[22m | Storing File: res://assets/equipment/lwf_towable_generator_overloaded_v1.glb.import[39m[0m
[  69% ] [90m[1msavepack[22m | Storing File: res://.godot/imported/lwf_towable_generator_overloaded_v1_lwf_generator_palette.png-00c6217e17612eb82c8daebd67b574c1.ctex[39m[0m
[  69% ] [90m[1msavepack[22m | Storing File: res://assets/equipment/lwf_towable_generator_overloaded_v1_lwf_generator_palette.png.import[39m[0m
[  69% ] [90m[1msavepack[22m | Storing File: res://.godot/imported/CaveatBrush-Regular.ttf-38bfbe8fe0899e68fdfe221bdc212bcb.fontdata[39m[0m
[  69% ] [90m[1msavepack[22m | Storing File: res://assets/fonts/sign/CaveatBrush-Regular.ttf.import[39m[0m
[  69% ] [90m[1msavepack[22m | Storing File: res://.godot/imported/Kalam-Bold.ttf-5e99288913355759705311688c33af03.fontdata[39m[0m
[  69% ] [90m[1msavepack[22m | Storing File: res://assets/fonts/sign/Kalam-Bold.ttf.import[39m[0m
[  69% ] [90m[1msavepack[22m | Storing File: res://.godot/imported/PlayfairDisplay-Variable.ttf-79e29025168f4b20a6579e8ffe23b71e.fontdata[39m[0m
[  69% ] [90m[1msavepack[22m | Storing File: res://assets/fonts/sign/PlayfairDisplay-Variable.ttf.import[39m[0m
[  69% ] [90m[1msavepack[22m | Storing File: res://.godot/imported/Yesteryear-Regular.ttf-d1e3c66d0b00cdd4d06bb923c061d9f7.fontdata[39m[0m
[  69% ] [90m[1msavepack[22m | Storing File: res://assets/fonts/sign/Yesteryear-Regular.ttf.import[39m[0m
[  69% ] [90m[1msavepack[22m | Storing File: res://.godot/imported/lwf_beer_cup_v2.glb-fa3959d05c00a6aadeb734ac2f5e6289.scn[39m[0m
[  69% ] [90m[1msavepack[22m | Storing File: res://assets/props/lwf_beer_cup_v2.glb.import[39m[0m
[  69% ] [90m[1msavepack[22m | Storing File: res://.godot/imported/lwf_chips_tray_v1.glb-be425cef07b43cd9216f2e5006eefb9d.scn[39m[0m
[  69% ] [90m[1msavepack[22m | Storing File: res://assets/props/lwf_chips_tray_v1.glb.import[39m[0m
[  69% ] [90m[1msavepack[22m | Storing File: res://.godot/imported/lwf_pizza_plate_v1.glb-3daeaf5f415f6d85d4dc35473e1c1578.scn[39m[0m
[  69% ] [90m[1msavepack[22m | Storing File: res://assets/props/lwf_pizza_plate_v1.glb.import[39m[0m
[  70% ] [90m[1msavepack[22m | Storing File: res://.godot/imported/lwf_soft_drink_cup_v1.glb-3842a589ce93a75b8d0efe58d7934b17.scn[39m[0m
[  70% ] [90m[1msavepack[22m | Storing File: res://assets/props/lwf_soft_drink_cup_v1.glb.import[39m[0m
[  70% ] [90m[1msavepack[22m | Storing File: res://.godot/imported/doodle_cows.png-bc90bcf0a886607ec714ddbbe6cc07d2.ctex[39m[0m
[  70% ] [90m[1msavepack[22m | Storing File: res://assets/ui/field-notes/doodle_cows.png.import[39m[0m
[  70% ] [90m[1msavepack[22m | Storing File: res://.godot/imported/doodle_drink.png-18658a8925348a8fae2c570988902fd3.ctex[39m[0m
[  70% ] [90m[1msavepack[22m | Storing File: res://assets/ui/field-notes/doodle_drink.png.import[39m[0m
[  70% ] [90m[1msavepack[22m | Storing File: res://.godot/imported/doodle_dusk.png-a73b4cb71672671f5411cab115aea801.ctex[39m[0m
[  70% ] [90m[1msavepack[22m | Storing File: res://assets/ui/field-notes/doodle_dusk.png.import[39m[0m
[  70% ] [90m[1msavepack[22m | Storing File: res://.godot/imported/doodle_heat.png-d37b0800eed3f259dd459b5a09bfe8b9.ctex[39m[0m
[  70% ] [90m[1msavepack[22m | Storing File: res://assets/ui/field-notes/doodle_heat.png.import[39m[0m
[  70% ] [90m[1msavepack[22m | Storing File: res://.godot/imported/doodle_late.png-1d4aeb8c179f8da03ed1ae174db8fb03.ctex[39m[0m
[  70% ] [90m[1msavepack[22m | Storing File: res://assets/ui/field-notes/doodle_late.png.import[39m[0m
[  70% ] [90m[1msavepack[22m | Storing File: res://.godot/imported/doodle_litter.png-24697fdb13404862407d25e6ac1a1898.ctex[39m[0m
[  70% ] [90m[1msavepack[22m | Storing File: res://assets/ui/field-notes/doodle_litter.png.import[39m[0m
[  71% ] [90m[1msavepack[22m | Storing File: res://.godot/imported/doodle_power.png-7d60710a1d25609be33cb9b49d05a067.ctex[39m[0m
[  71% ] [90m[1msavepack[22m | Storing File: res://assets/ui/field-notes/doodle_power.png.import[39m[0m
[  71% ] [90m[1msavepack[22m | Storing File: res://.godot/imported/doodle_queue.png-b84e94e684e9c95ca534a4cb94b8bf29.ctex[39m[0m
[  71% ] [90m[1msavepack[22m | Storing File: res://assets/ui/field-notes/doodle_queue.png.import[39m[0m
[  71% ] [90m[1msavepack[22m | Storing File: res://.godot/imported/doodle_stuck.png-9155dfecd2534c52d8c1ef919364faaf.ctex[39m[0m
[  71% ] [90m[1msavepack[22m | Storing File: res://assets/ui/field-notes/doodle_stuck.png.import[39m[0m
[  71% ] [90m[1msavepack[22m | Storing File: res://.godot/imported/doodle_tempers.png-ae075b700eef49bd8b94b1bd5da3ad56.ctex[39m[0m
[  71% ] [90m[1msavepack[22m | Storing File: res://assets/ui/field-notes/doodle_tempers.png.import[39m[0m
[  71% ] [90m[1msavepack[22m | Storing File: res://.godot/imported/doodle_toxic.png-d73bcdb63f462b64be92815ba107ded1.ctex[39m[0m
[  71% ] [90m[1msavepack[22m | Storing File: res://assets/ui/field-notes/doodle_toxic.png.import[39m[0m
[  71% ] [90m[1msavepack[22m | Storing File: res://.godot/imported/doodle_unknown.png-82257b66e096bfc9d97ea2a3305c178f.ctex[39m[0m
[  71% ] [90m[1msavepack[22m | Storing File: res://assets/ui/field-notes/doodle_unknown.png.import[39m[0m
[  71% ] [90m[1msavepack[22m | Storing File: res://.godot/imported/doodle_wasps.png-df9455f29d562aced4f8ed7b462842bc.ctex[39m[0m
[  71% ] [90m[1msavepack[22m | Storing File: res://assets/ui/field-notes/doodle_wasps.png.import[39m[0m
[  71% ] [90m[1msavepack[22m | Storing File: res://.godot/imported/guide_gutter.png-a3a60c659264c53264d9649c6377397b.ctex[39m[0m
[  71% ] [90m[1msavepack[22m | Storing File: res://assets/ui/field-notes/guide_gutter.png.import[39m[0m
[  72% ] [90m[1msavepack[22m | Storing File: res://.godot/imported/pin_chewed_cable.png-dcdb2675e03baa15f31edb1bbea4efb6.ctex[39m[0m
[  72% ] [90m[1msavepack[22m | Storing File: res://assets/ui/field-notes/pin_chewed_cable.png.import[39m[0m
[  72% ] [90m[1msavepack[22m | Storing File: res://.godot/imported/pin_cows.png-2e5c599f905c7dcc83c2c252300526bb.ctex[39m[0m
[  72% ] [90m[1msavepack[22m | Storing File: res://assets/ui/field-notes/pin_cows.png.import[39m[0m
[  72% ] [90m[1msavepack[22m | Storing File: res://.godot/imported/pin_drink.png-e4903627e531a25db72b98aea3c9c935.ctex[39m[0m
[  72% ] [90m[1msavepack[22m | Storing File: res://assets/ui/field-notes/pin_drink.png.import[39m[0m
[  72% ] [90m[1msavepack[22m | Storing File: res://.godot/imported/pin_dusk.png-1193b4bdea316911dfea294d698f8d0d.ctex[39m[0m
[  72% ] [90m[1msavepack[22m | Storing File: res://assets/ui/field-notes/pin_dusk.png.import[39m[0m
[  72% ] [90m[1msavepack[22m | Storing File: res://.godot/imported/pin_glow.png-40d9137ee4de848a1dcf7eaa751ea8fc.ctex[39m[0m
[  72% ] [90m[1msavepack[22m | Storing File: res://assets/ui/field-notes/pin_glow.png.import[39m[0m
[  72% ] [90m[1msavepack[22m | Storing File: res://.godot/imported/pin_heat.png-06e19aba706e63e8cbf4d66999cc16a1.ctex[39m[0m
[  72% ] [90m[1msavepack[22m | Storing File: res://assets/ui/field-notes/pin_heat.png.import[39m[0m
[  72% ] [90m[1msavepack[22m | Storing File: res://.godot/imported/pin_late.png-15851e06df458633700f4c4fc3186b97.ctex[39m[0m
[  72% ] [90m[1msavepack[22m | Storing File: res://assets/ui/field-notes/pin_late.png.import[39m[0m
[  73% ] [90m[1msavepack[22m | Storing File: res://.godot/imported/pin_litter.png-a96104da9ed1949ea81a602fb30bed2e.ctex[39m[0m
[  73% ] [90m[1msavepack[22m | Storing File: res://assets/ui/field-notes/pin_litter.png.import[39m[0m
[  73% ] [90m[1msavepack[22m | Storing File: res://.godot/imported/pin_power.png-5df236c5e274b3fd6aee86a301c2b1b8.ctex[39m[0m
[  73% ] [90m[1msavepack[22m | Storing File: res://assets/ui/field-notes/pin_power.png.import[39m[0m
[  73% ] [90m[1msavepack[22m | Storing File: res://.godot/imported/pin_queue.png-e3ad8db75c2e6eda6259c005f3d25987.ctex[39m[0m
[  73% ] [90m[1msavepack[22m | Storing File: res://assets/ui/field-notes/pin_queue.png.import[39m[0m
[  73% ] [90m[1msavepack[22m | Storing File: res://.godot/imported/pin_stuck.png-cad560a8e5acd489429de98dfb1b0992.ctex[39m[0m
[  73% ] [90m[1msavepack[22m | Storing File: res://assets/ui/field-notes/pin_stuck.png.import[39m[0m
[  73% ] [90m[1msavepack[22m | Storing File: res://.godot/imported/pin_tempers.png-859638c0271d7b3569b8e2abba7c51ce.ctex[39m[0m
[  73% ] [90m[1msavepack[22m | Storing File: res://assets/ui/field-notes/pin_tempers.png.import[39m[0m
[  73% ] [90m[1msavepack[22m | Storing File: res://.godot/imported/pin_toxic.png-adbc63a9047147319261a0a42fb1bd33.ctex[39m[0m
[  73% ] [90m[1msavepack[22m | Storing File: res://assets/ui/field-notes/pin_toxic.png.import[39m[0m
[  73% ] [90m[1msavepack[22m | Storing File: res://.godot/imported/pin_wasps.png-3dea5f28c38e52babaa448aebc7ff1c0.ctex[39m[0m
[  73% ] [90m[1msavepack[22m | Storing File: res://assets/ui/field-notes/pin_wasps.png.import[39m[0m
[  74% ] [90m[1msavepack[22m | Storing File: res://.godot/imported/ring.png-20f903b0a756554c09e4452043d87c65.ctex[39m[0m
[  74% ] [90m[1msavepack[22m | Storing File: res://assets/ui/field-notes/ring.png.import[39m[0m
[  74% ] [90m[1msavepack[22m | Storing File: res://.godot/imported/ring_blank.png-5499928dafe38edeae2675b1319767c4.ctex[39m[0m
[  74% ] [90m[1msavepack[22m | Storing File: res://assets/ui/field-notes/ring_blank.png.import[39m[0m
[  74% ] [90m[1msavepack[22m | Storing File: res://.godot/imported/tape.png-3f7d23738cd15a5a7216d173cb2f2a00.ctex[39m[0m
[  74% ] [90m[1msavepack[22m | Storing File: res://assets/ui/field-notes/tape.png.import[39m[0m
[  74% ] [90m[1msavepack[22m | Storing File: res://.godot/imported/torn_edge.png-3eadfc4ef689f672574057dcdac515fb.ctex[39m[0m
[  74% ] [90m[1msavepack[22m | Storing File: res://assets/ui/field-notes/torn_edge.png.import[39m[0m
[  74% ] [90m[1msavepack[22m | Storing File: res://.godot/imported/wasp_marker.png-09119f062733b7688867e53d1a98387d.ctex[39m[0m
[  74% ] [90m[1msavepack[22m | Storing File: res://assets/ui/field-notes/wasp_marker.png.import[39m[0m
[  74% ] [90m[1msavepack[22m | Storing File: res://.godot/imported/wasp_marker_16.png-b8150a5ced1049b74032b348d7fc169c.ctex[39m[0m
[  74% ] [90m[1msavepack[22m | Storing File: res://assets/ui/field-notes/wasp_marker_16.png.import[39m[0m
[  74% ] [90m[1msavepack[22m | Storing File: res://.godot/exported/133200997/export-e543710e30563bbcfdfd596f9ed3dc70-SourceSans3-Regular.res[39m[0m
[  74% ] [90m[1msavepack[22m | Storing File: res://.godot/imported/SourceSans3-Variable.ttf-8180a4d56e3d22df20c66e6dbc02e231.fontdata[39m[0m
[  74% ] [90m[1msavepack[22m | Storing File: res://assets/ui/fonts/SourceSans3-Variable.ttf.import[39m[0m
[  75% ] [90m[1msavepack[22m | Storing File: res://.godot/imported/ZillaSlab-Bold.ttf-b97826a13d9f227ae5381fa8105627c8.fontdata[39m[0m
[  75% ] [90m[1msavepack[22m | Storing File: res://assets/ui/fonts/ZillaSlab-Bold.ttf.import[39m[0m
[  75% ] [90m[1msavepack[22m | Storing File: res://.godot/imported/ZillaSlab-SemiBold.ttf-779e0902d33740b55ae3b913cebf021c.fontdata[39m[0m
[  75% ] [90m[1msavepack[22m | Storing File: res://assets/ui/fonts/ZillaSlab-SemiBold.ttf.import[39m[0m
[  75% ] [90m[1msavepack[22m | Storing File: res://.godot/imported/beer.svg-b15e3dabfd84cc08749a0583da96b187.ctex[39m[0m
[  75% ] [90m[1msavepack[22m | Storing File: res://assets/ui/icons/beer.svg.import[39m[0m
[  75% ] [90m[1msavepack[22m | Storing File: res://.godot/imported/bell.svg-ecf1f115329a6ad5e86f9f041569ce40.ctex[39m[0m
[  75% ] [90m[1msavepack[22m | Storing File: res://assets/ui/icons/bell.svg.import[39m[0m
[  75% ] [90m[1msavepack[22m | Storing File: res://.godot/imported/chart-column.svg-69ccb6a71b5e33de75237cfd07af52d5.ctex[39m[0m
[  75% ] [90m[1msavepack[22m | Storing File: res://assets/ui/icons/chart-column.svg.import[39m[0m
[  75% ] [90m[1msavepack[22m | Storing File: res://.godot/imported/check.svg-bc4df634615347a03e039b169bd26d95.ctex[39m[0m
[  75% ] [90m[1msavepack[22m | Storing File: res://assets/ui/icons/check.svg.import[39m[0m
[  75% ] [90m[1msavepack[22m | Storing File: res://.godot/imported/chevron-down.svg-c2ddb6e408e276e950d399edf2780cc7.ctex[39m[0m
[  75% ] [90m[1msavepack[22m | Storing File: res://assets/ui/icons/chevron-down.svg.import[39m[0m
[  76% ] [90m[1msavepack[22m | Storing File: res://.godot/imported/chevron-left.svg-0283bda4819c8f4a4e4e8be39e13c29c.ctex[39m[0m
[  76% ] [90m[1msavepack[22m | Storing File: res://assets/ui/icons/chevron-left.svg.import[39m[0m
[  76% ] [90m[1msavepack[22m | Storing File: res://.godot/imported/chevron-right.svg-0611fabe1181aca228d82445ac2e0012.ctex[39m[0m
[  76% ] [90m[1msavepack[22m | Storing File: res://assets/ui/icons/chevron-right.svg.import[39m[0m
[  76% ] [90m[1msavepack[22m | Storing File: res://.godot/imported/chevron-up.svg-1ce315f62e4ecdbc9315863b31bd9b31.ctex[39m[0m
[  76% ] [90m[1msavepack[22m | Storing File: res://assets/ui/icons/chevron-up.svg.import[39m[0m
[  76% ] [90m[1msavepack[22m | Storing File: res://.godot/imported/circle-check.svg-279870f693733e3b27db2a8b664ed7d5.ctex[39m[0m
[  76% ] [90m[1msavepack[22m | Storing File: res://assets/ui/icons/circle-check.svg.import[39m[0m
[  76% ] [90m[1msavepack[22m | Storing File: res://.godot/imported/clock.svg-06fe8472fca5d5d8667c7fd10bfd0c51.ctex[39m[0m
[  76% ] [90m[1msavepack[22m | Storing File: res://assets/ui/icons/clock.svg.import[39m[0m
[  76% ] [90m[1msavepack[22m | Storing File: res://.godot/imported/cloud-rain.svg-6e21cbc6e9ec2b3d639fcd1e834375d2.ctex[39m[0m
[  76% ] [90m[1msavepack[22m | Storing File: res://assets/ui/icons/cloud-rain.svg.import[39m[0m
[  76% ] [90m[1msavepack[22m | Storing File: res://.godot/imported/cloud-sun.svg-a88dfbcc425ed93e6a57d08ab778ab4a.ctex[39m[0m
[  76% ] [90m[1msavepack[22m | Storing File: res://assets/ui/icons/cloud-sun.svg.import[39m[0m
[  76% ] [90m[1msavepack[22m | Storing File: res://.godot/imported/crosshair.svg-41efc539cc83a6d2784b31bd0fdfdd13.ctex[39m[0m
[  76% ] [90m[1msavepack[22m | Storing File: res://assets/ui/icons/crosshair.svg.import[39m[0m
[  77% ] [90m[1msavepack[22m | Storing File: res://.godot/imported/cup-soda.svg-bc97280db33c9219f69068e06190339c.ctex[39m[0m
[  77% ] [90m[1msavepack[22m | Storing File: res://assets/ui/icons/cup-soda.svg.import[39m[0m
[  77% ] [90m[1msavepack[22m | Storing File: res://.godot/imported/door-closed.svg-80bdc4320b14516058db9f34588b9d76.ctex[39m[0m
[  77% ] [90m[1msavepack[22m | Storing File: res://assets/ui/icons/door-closed.svg.import[39m[0m
[  77% ] [90m[1msavepack[22m | Storing File: res://.godot/imported/droplet.svg-471e3449c5c114fd3893de959f152dd6.ctex[39m[0m
[  77% ] [90m[1msavepack[22m | Storing File: res://assets/ui/icons/droplet.svg.import[39m[0m
[  77% ] [90m[1msavepack[22m | Storing File: res://.godot/imported/file-text.svg-ee12df4932ba45fdeb0f8a4edb5e892b.ctex[39m[0m
[  77% ] [90m[1msavepack[22m | Storing File: res://assets/ui/icons/file-text.svg.import[39m[0m
[  77% ] [90m[1msavepack[22m | Storing File: res://.godot/imported/hammer.svg-e3e0f58e58993a17b506c1f2659e81f4.ctex[39m[0m
[  77% ] [90m[1msavepack[22m | Storing File: res://assets/ui/icons/hammer.svg.import[39m[0m
[  77% ] [90m[1msavepack[22m | Storing File: res://.godot/imported/heart-pulse.svg-0631d3187745625c5729deaccac74513.ctex[39m[0m
[  77% ] [90m[1msavepack[22m | Storing File: res://assets/ui/icons/heart-pulse.svg.import[39m[0m
[  77% ] [90m[1msavepack[22m | Storing File: res://.godot/imported/info.svg-8db797b8297d087036a7df2e89f34f2d.ctex[39m[0m
[  77% ] [90m[1msavepack[22m | Storing File: res://assets/ui/icons/info.svg.import[39m[0m
[  78% ] [90m[1msavepack[22m | Storing File: res://.godot/imported/lock.svg-29f56d7f8cf3e23f7b9106b06d889a4f.ctex[39m[0m
[  78% ] [90m[1msavepack[22m | Storing File: res://assets/ui/icons/lock.svg.import[39m[0m
[  78% ] [90m[1msavepack[22m | Storing File: res://.godot/imported/map-pin.svg-245a3ee1c9b92a7ee17329ff605a4b28.ctex[39m[0m
[  78% ] [90m[1msavepack[22m | Storing File: res://assets/ui/icons/map-pin.svg.import[39m[0m
[  78% ] [90m[1msavepack[22m | Storing File: res://.godot/imported/menu.svg-8fc9261f91daf1118c1a5a926ffac221.ctex[39m[0m
[  78% ] [90m[1msavepack[22m | Storing File: res://assets/ui/icons/menu.svg.import[39m[0m
[  78% ] [90m[1msavepack[22m | Storing File: res://.godot/imported/message-square.svg-8ad75390dba185fcde4f4947c088772f.ctex[39m[0m
[  78% ] [90m[1msavepack[22m | Storing File: res://assets/ui/icons/message-square.svg.import[39m[0m
[  78% ] [90m[1msavepack[22m | Storing File: res://.godot/imported/minus.svg-57b78e40baa128e04772689ddd21e552.ctex[39m[0m
[  78% ] [90m[1msavepack[22m | Storing File: res://assets/ui/icons/minus.svg.import[39m[0m
[  78% ] [90m[1msavepack[22m | Storing File: res://.godot/imported/move.svg-d97a3b2d19789e5ea3ada45c0f832f83.ctex[39m[0m
[  78% ] [90m[1msavepack[22m | Storing File: res://assets/ui/icons/move.svg.import[39m[0m
[  78% ] [90m[1msavepack[22m | Storing File: res://.godot/imported/music.svg-67089399db7ef0e680a098bcea028d29.ctex[39m[0m
[  78% ] [90m[1msavepack[22m | Storing File: res://assets/ui/icons/music.svg.import[39m[0m
[  78% ] [90m[1msavepack[22m | Storing File: res://.godot/imported/package.svg-d1ccbacf1194e1c9bab8ca18ab3221e0.ctex[39m[0m
[  78% ] [90m[1msavepack[22m | Storing File: res://assets/ui/icons/package.svg.import[39m[0m
[  79% ] [90m[1msavepack[22m | Storing File: res://.godot/imported/pause.svg-bde28a8e0f0edef914227ceec8160bbe.ctex[39m[0m
[  79% ] [90m[1msavepack[22m | Storing File: res://assets/ui/icons/pause.svg.import[39m[0m
[  79% ] [90m[1msavepack[22m | Storing File: res://.godot/imported/play.svg-cb59c77e823299606105871a134c3052.ctex[39m[0m
[  79% ] [90m[1msavepack[22m | Storing File: res://assets/ui/icons/play.svg.import[39m[0m
[  79% ] [90m[1msavepack[22m | Storing File: res://.godot/imported/plus.svg-3d2efe9e4d9293779c2835819e6263cd.ctex[39m[0m
[  79% ] [90m[1msavepack[22m | Storing File: res://assets/ui/icons/plus.svg.import[39m[0m
[  79% ] [90m[1msavepack[22m | Storing File: res://.godot/imported/pound-sterling.svg-e1b9a7e8b120e05d40e6c631f0e59c1d.ctex[39m[0m
[  79% ] [90m[1msavepack[22m | Storing File: res://assets/ui/icons/pound-sterling.svg.import[39m[0m
[  79% ] [90m[1msavepack[22m | Storing File: res://.godot/imported/refresh-cw.svg-765ac28aa1c01f445b03d39f288b24b6.ctex[39m[0m
[  79% ] [90m[1msavepack[22m | Storing File: res://assets/ui/icons/refresh-cw.svg.import[39m[0m
[  79% ] [90m[1msavepack[22m | Storing File: res://.godot/imported/rotate-cw.svg-7d9e0776f5a8186cc2de03f10751236d.ctex[39m[0m
[  79% ] [90m[1msavepack[22m | Storing File: res://assets/ui/icons/rotate-cw.svg.import[39m[0m
[  79% ] [90m[1msavepack[22m | Storing File: res://.godot/imported/save.svg-dc7248164072087ac3b5b5054e7adf9c.ctex[39m[0m
[  79% ] [90m[1msavepack[22m | Storing File: res://assets/ui/icons/save.svg.import[39m[0m
[  80% ] [90m[1msavepack[22m | Storing File: res://.godot/imported/search.svg-492b37c5aca7199987b50dd675a91043.ctex[39m[0m
[  80% ] [90m[1msavepack[22m | Storing File: res://assets/ui/icons/search.svg.import[39m[0m
[  80% ] [90m[1msavepack[22m | Storing File: res://.godot/imported/shield.svg-2d4e7b8e35b3fd9498447690130db254.ctex[39m[0m
[  80% ] [90m[1msavepack[22m | Storing File: res://assets/ui/icons/shield.svg.import[39m[0m
[  80% ] [90m[1msavepack[22m | Storing File: res://.godot/imported/square-plus.svg-cd9753f9283b5606b54862d076504b20.ctex[39m[0m
[  80% ] [90m[1msavepack[22m | Storing File: res://assets/ui/icons/square-plus.svg.import[39m[0m
[  80% ] [90m[1msavepack[22m | Storing File: res://.godot/imported/star.svg-df44f1e339328f24d2ca0d00ec77270c.ctex[39m[0m
[  80% ] [90m[1msavepack[22m | Storing File: res://assets/ui/icons/star.svg.import[39m[0m
[  80% ] [90m[1msavepack[22m | Storing File: res://.godot/imported/sun.svg-42ffceef41490b476332cccfb3fb92fd.ctex[39m[0m
[  80% ] [90m[1msavepack[22m | Storing File: res://assets/ui/icons/sun.svg.import[39m[0m
[  80% ] [90m[1msavepack[22m | Storing File: res://.godot/imported/trash-2.svg-16c7e078b5b90cb7b3f88297c09fc169.ctex[39m[0m
[  80% ] [90m[1msavepack[22m | Storing File: res://assets/ui/icons/trash-2.svg.import[39m[0m
[  80% ] [90m[1msavepack[22m | Storing File: res://.godot/imported/triangle-alert.svg-cf44e5ea9d3e3d905c34a20a39f929cd.ctex[39m[0m
[  80% ] [90m[1msavepack[22m | Storing File: res://assets/ui/icons/triangle-alert.svg.import[39m[0m
[  80% ] [90m[1msavepack[22m | Storing File: res://.godot/imported/truck.svg-a466008678565a6545613c35243de519.ctex[39m[0m
[  80% ] [90m[1msavepack[22m | Storing File: res://assets/ui/icons/truck.svg.import[39m[0m
[  81% ] [90m[1msavepack[22m | Storing File: res://.godot/imported/user.svg-b35fa6767ebcffde2b2202662bfbf1b4.ctex[39m[0m
[  81% ] [90m[1msavepack[22m | Storing File: res://assets/ui/icons/user.svg.import[39m[0m
[  81% ] [90m[1msavepack[22m | Storing File: res://.godot/imported/users.svg-8e74edd711ddfe0227d7068d06b8f844.ctex[39m[0m
[  81% ] [90m[1msavepack[22m | Storing File: res://assets/ui/icons/users.svg.import[39m[0m
[  81% ] [90m[1msavepack[22m | Storing File: res://.godot/imported/utensils.svg-3476c23a08aeabfb43eeb3c0f11cf466.ctex[39m[0m
[  81% ] [90m[1msavepack[22m | Storing File: res://assets/ui/icons/utensils.svg.import[39m[0m
[  81% ] [90m[1msavepack[22m | Storing File: res://.godot/imported/volume-2.svg-00cfc1402994b4c53bc7c934ff791417.ctex[39m[0m
[  81% ] [90m[1msavepack[22m | Storing File: res://assets/ui/icons/volume-2.svg.import[39m[0m
[  81% ] [90m[1msavepack[22m | Storing File: res://.godot/imported/volume-x.svg-80d191648763d22c7b7387a7f49faa2b.ctex[39m[0m
[  81% ] [90m[1msavepack[22m | Storing File: res://assets/ui/icons/volume-x.svg.import[39m[0m
[  81% ] [90m[1msavepack[22m | Storing File: res://.godot/imported/wrench.svg-1f3e97acba7e93e69246e651913e7384.ctex[39m[0m
[  81% ] [90m[1msavepack[22m | Storing File: res://assets/ui/icons/wrench.svg.import[39m[0m
[  81% ] [90m[1msavepack[22m | Storing File: res://.godot/imported/x.svg-3b325b6176642d215a56602db8a6fc8a.ctex[39m[0m
[  81% ] [90m[1msavepack[22m | Storing File: res://assets/ui/icons/x.svg.import[39m[0m
[  82% ] [90m[1msavepack[22m | Storing File: res://.godot/imported/zap.svg-e909970a96c74abf14d95047b1a8000a.ctex[39m[0m
[  82% ] [90m[1msavepack[22m | Storing File: res://assets/ui/icons/zap.svg.import[39m[0m
[  82% ] [90m[1msavepack[22m | Storing File: res://.godot/imported/zoom-in.svg-e62ec9bf8d79240f61089b6f0fa7d31e.ctex[39m[0m
[  82% ] [90m[1msavepack[22m | Storing File: res://assets/ui/icons/zoom-in.svg.import[39m[0m
[  82% ] [90m[1msavepack[22m | Storing File: res://.godot/imported/zoom-out.svg-42de21e0230d26c403bb8e32caf6de6b.ctex[39m[0m
[  82% ] [90m[1msavepack[22m | Storing File: res://assets/ui/icons/zoom-out.svg.import[39m[0m
[  82% ] [90m[1msavepack[22m | Storing File: res://.godot/imported/mood-angry.svg-f6b684f10278fb4d30b5a7821ea9cada.ctex[39m[0m
[  82% ] [90m[1msavepack[22m | Storing File: res://assets/ui/moods/mood-angry.svg.import[39m[0m
[  82% ] [90m[1msavepack[22m | Storing File: res://.godot/imported/mood-happy.svg-d62a431ae1c5c7d50ba8805c2e9e9c1c.ctex[39m[0m
[  82% ] [90m[1msavepack[22m | Storing File: res://assets/ui/moods/mood-happy.svg.import[39m[0m
[  82% ] [90m[1msavepack[22m | Storing File: res://.godot/imported/mood-unhappy.svg-b8de4fec4ce7fc7707e0bb28e70d3462.ctex[39m[0m
[  82% ] [90m[1msavepack[22m | Storing File: res://assets/ui/moods/mood-unhappy.svg.import[39m[0m
[  82% ] [90m[1msavepack[22m | Storing File: res://.godot/imported/alcoholics.png-ca7461fc9670e15663678ef15d12a773.ctex[39m[0m
[  82% ] [90m[1msavepack[22m | Storing File: res://assets/ui/perks/alcoholics.png.import[39m[0m
[  82% ] [90m[1msavepack[22m | Storing File: res://.godot/imported/alcoholics.svg-dc6d586c3b05a03553dd421150f32d51.ctex[39m[0m
[  82% ] [90m[1msavepack[22m | Storing File: res://assets/ui/perks/alcoholics.svg.import[39m[0m
[  83% ] [90m[1msavepack[22m | Storing File: res://.godot/imported/another-round.png-1f813528804e8699975f9a0e6e12e4a8.ctex[39m[0m
[  83% ] [90m[1msavepack[22m | Storing File: res://assets/ui/perks/another-round.png.import[39m[0m
[  83% ] [90m[1msavepack[22m | Storing File: res://.godot/imported/another-round.svg-f904a230274b6f92c047e412ce87f31b.ctex[39m[0m
[  83% ] [90m[1msavepack[22m | Storing File: res://assets/ui/perks/another-round.svg.import[39m[0m
[  83% ] [90m[1msavepack[22m | Storing File: res://.godot/imported/beer-festival.png-06046dc2bda84e0b93d8a84d366ce1b6.ctex[39m[0m
[  83% ] [90m[1msavepack[22m | Storing File: res://assets/ui/perks/beer-festival.png.import[39m[0m
[  83% ] [90m[1msavepack[22m | Storing File: res://.godot/imported/beer-festival.svg-080bd4b7628a6b5c17e5e65c3a96e857.ctex[39m[0m
[  83% ] [90m[1msavepack[22m | Storing File: res://assets/ui/perks/beer-festival.svg.import[39m[0m
[  83% ] [90m[1msavepack[22m | Storing File: res://.godot/imported/bring-your-own-bottle.png-65296a5b9d1691e1b216b2a466dad61a.ctex[39m[0m
[  83% ] [90m[1msavepack[22m | Storing File: res://assets/ui/perks/bring-your-own-bottle.png.import[39m[0m
[  83% ] [90m[1msavepack[22m | Storing File: res://.godot/imported/bring-your-own-bottle.svg-46bba6b94bbe55bdb37ffc66b723bb7a.ctex[39m[0m
[  83% ] [90m[1msavepack[22m | Storing File: res://assets/ui/perks/bring-your-own-bottle.svg.import[39m[0m
[  83% ] [90m[1msavepack[22m | Storing File: res://.godot/imported/cola-fiends.png-878ad40417346d6e5e4837fa026bb0f3.ctex[39m[0m
[  83% ] [90m[1msavepack[22m | Storing File: res://assets/ui/perks/cola-fiends.png.import[39m[0m
[  84% ] [90m[1msavepack[22m | Storing File: res://.godot/imported/cola-fiends.svg-99c112ea63b30f7bcfde6d6ea94ca922.ctex[39m[0m
[  84% ] [90m[1msavepack[22m | Storing File: res://assets/ui/perks/cola-fiends.svg.import[39m[0m
[  84% ] [90m[1msavepack[22m | Storing File: res://.godot/imported/doctors-orders.png-e173a86c3bee319410cb8457dc520e95.ctex[39m[0m
[  84% ] [90m[1msavepack[22m | Storing File: res://assets/ui/perks/doctors-orders.png.import[39m[0m
[  84% ] [90m[1msavepack[22m | Storing File: res://.godot/imported/doctors-orders.svg-49987bc6ebd1dc692ba442db7d5fb699.ctex[39m[0m
[  84% ] [90m[1msavepack[22m | Storing File: res://assets/ui/perks/doctors-orders.svg.import[39m[0m
[  84% ] [90m[1msavepack[22m | Storing File: res://.godot/imported/extra-pair-of-hands.png-0dbac5962f9030a0ec2c2675840af7d0.ctex[39m[0m
[  84% ] [90m[1msavepack[22m | Storing File: res://assets/ui/perks/extra-pair-of-hands.png.import[39m[0m
[  84% ] [90m[1msavepack[22m | Storing File: res://.godot/imported/extra-pair-of-hands.svg-f8ce54887c0cf489dc68f0b378fc6f7d.ctex[39m[0m
[  84% ] [90m[1msavepack[22m | Storing File: res://assets/ui/perks/extra-pair-of-hands.svg.import[39m[0m
[  84% ] [90m[1msavepack[22m | Storing File: res://.godot/imported/first-responders.png-77657c4d65dbc65a57086e024b3d4737.ctex[39m[0m
[  84% ] [90m[1msavepack[22m | Storing File: res://assets/ui/perks/first-responders.png.import[39m[0m
[  84% ] [90m[1msavepack[22m | Storing File: res://.godot/imported/first-responders.svg-709d3ebc5e5d5ee51f1d6d116bf2843f.ctex[39m[0m
[  84% ] [90m[1msavepack[22m | Storing File: res://assets/ui/perks/first-responders.svg.import[39m[0m
[  84% ] [90m[1msavepack[22m | Storing File: res://.godot/imported/friendly-queues.png-7f7b4a0445575209d25722ef2db6eae1.ctex[39m[0m
[  84% ] [90m[1msavepack[22m | Storing File: res://assets/ui/perks/friendly-queues.png.import[39m[0m
[  85% ] [90m[1msavepack[22m | Storing File: res://.godot/imported/friendly-queues.svg-2ecef6abe6e71db379b7abd3dcbb7431.ctex[39m[0m
[  85% ] [90m[1msavepack[22m | Storing File: res://assets/ui/perks/friendly-queues.svg.import[39m[0m
[  85% ] [90m[1msavepack[22m | Storing File: res://.godot/imported/high-pressure.png-e667ff9b9f8eb2193da735144910d8da.ctex[39m[0m
[  85% ] [90m[1msavepack[22m | Storing File: res://assets/ui/perks/high-pressure.png.import[39m[0m
[  85% ] [90m[1msavepack[22m | Storing File: res://.godot/imported/high-pressure.svg-ff92ee005184525e9c30e6c8e519cd50.ctex[39m[0m
[  85% ] [90m[1msavepack[22m | Storing File: res://assets/ui/perks/high-pressure.svg.import[39m[0m
[  85% ] [90m[1msavepack[22m | Storing File: res://.godot/imported/robot-workers.png-3af6a4dd50261abad49e960483fb4975.ctex[39m[0m
[  85% ] [90m[1msavepack[22m | Storing File: res://assets/ui/perks/robot-workers.png.import[39m[0m
[  85% ] [90m[1msavepack[22m | Storing File: res://.godot/imported/robot-workers.svg-56dec38001883265262e0c1707a8cd1a.ctex[39m[0m
[  85% ] [90m[1msavepack[22m | Storing File: res://assets/ui/perks/robot-workers.svg.import[39m[0m
[  85% ] [90m[1msavepack[22m | Storing File: res://.godot/imported/smooth-operators.png-1392b22b2c8ff1867d3ec31810dd1fc8.ctex[39m[0m
[  85% ] [90m[1msavepack[22m | Storing File: res://assets/ui/perks/smooth-operators.png.import[39m[0m
[  85% ] [90m[1msavepack[22m | Storing File: res://.godot/imported/smooth-operators.svg-c2591f0b28eedd262b811be1e119dd93.ctex[39m[0m
[  85% ] [90m[1msavepack[22m | Storing File: res://assets/ui/perks/smooth-operators.svg.import[39m[0m
[  86% ] [90m[1msavepack[22m | Storing File: res://.godot/imported/something-in-the-water.png-c6219d999146a197ce89b481085fbc76.ctex[39m[0m
[  86% ] [90m[1msavepack[22m | Storing File: res://assets/ui/perks/something-in-the-water.png.import[39m[0m
[  86% ] [90m[1msavepack[22m | Storing File: res://.godot/imported/something-in-the-water.svg-4dda9758730b48778975e1383a3faffc.ctex[39m[0m
[  86% ] [90m[1msavepack[22m | Storing File: res://assets/ui/perks/something-in-the-water.svg.import[39m[0m
[  86% ] [90m[1msavepack[22m | Storing File: res://.godot/imported/thirsty-crowd.png-f65d5db1ff7d1fbded2abd9bfab69c37.ctex[39m[0m
[  86% ] [90m[1msavepack[22m | Storing File: res://assets/ui/perks/thirsty-crowd.png.import[39m[0m
[  86% ] [90m[1msavepack[22m | Storing File: res://.godot/imported/thirsty-crowd.svg-2a64ef24ad4177e5050eee752d3fb28f.ctex[39m[0m
[  86% ] [90m[1msavepack[22m | Storing File: res://assets/ui/perks/thirsty-crowd.svg.import[39m[0m
[  86% ] [90m[1msavepack[22m | Storing File: res://.godot/imported/lwf_power_chip_zap_alert_v1.svg-9c992f961e67ab3134010d576d6307a8.ctex[39m[0m
[  86% ] [90m[1msavepack[22m | Storing File: res://assets/ui/lwf_power_chip_zap_alert_v1.svg.import[39m[0m
[  86% ] [90m[1msavepack[22m | Storing File: res://.godot/imported/lwf_power_chip_zap_v1.svg-e622ece29edefe7c081a0cd667bd7efe.ctex[39m[0m
[  86% ] [90m[1msavepack[22m | Storing File: res://assets/ui/lwf_power_chip_zap_v1.svg.import[39m[0m
[  86% ] [90m[1msavepack[22m | Storing File: res://.godot/imported/lwf_tap_flow_boosted_v1_48px.png-7a10032ac8a44ed58575a33fb5112282.ctex[39m[0m
[  86% ] [90m[1msavepack[22m | Storing File: res://assets/ui/lwf_tap_flow_boosted_v1_48px.png.import[39m[0m
[  86% ] [90m[1msavepack[22m | Storing File: res://.godot/imported/lwf_tap_flow_low_v1_48px.png-148ca682b743325b052e6187f990a817.ctex[39m[0m
[  86% ] [90m[1msavepack[22m | Storing File: res://assets/ui/lwf_tap_flow_low_v1_48px.png.import[39m[0m
[  87% ] [90m[1msavepack[22m | Storing File: res://.godot/imported/lwf_tap_flow_normal_v1_48px.png-3742f5565718b902c7672d79ed7b5a13.ctex[39m[0m
[  87% ] [90m[1msavepack[22m | Storing File: res://assets/ui/lwf_tap_flow_normal_v1_48px.png.import[39m[0m
[  87% ] [90m[1msavepack[22m | Storing File: res://Hud/BookingPanel.cs[39m[0m
[  87% ] [90m[1msavepack[22m | Storing File: res://Hud/BoxOffice.cs[39m[0m
[  87% ] [90m[1msavepack[22m | Storing File: res://Hud/BuildDrawer.cs[39m[0m
[  87% ] [90m[1msavepack[22m | Storing File: res://Hud/CalibreScale.cs[39m[0m
[  87% ] [90m[1msavepack[22m | Storing File: res://Hud/CashPopups.cs[39m[0m
[  87% ] [90m[1msavepack[22m | Storing File: res://Hud/CashWaterfall.cs[39m[0m
[  88% ] [90m[1msavepack[22m | Storing File: res://Hud/HearingPanel.cs[39m[0m
[  88% ] [90m[1msavepack[22m | Storing File: res://Hud/HudKit.cs[39m[0m
[  88% ] [90m[1msavepack[22m | Storing File: res://Hud/IHudHost.cs[39m[0m
[  88% ] [90m[1msavepack[22m | Storing File: res://Hud/LiveBar.cs[39m[0m
[  88% ] [90m[1msavepack[22m | Storing File: res://Hud/OfferCard.cs[39m[0m
[  88% ] [90m[1msavepack[22m | Storing File: res://Hud/PerkPanel.cs[39m[0m
[  88% ] [90m[1msavepack[22m | Storing File: res://Hud/PreparationDock.cs[39m[0m
[  88% ] [90m[1msavepack[22m | Storing File: res://Hud/ProgressRing.cs[39m[0m
[  89% ] [90m[1msavepack[22m | Storing File: res://Hud/RatingBars.cs[39m[0m
[  89% ] [90m[1msavepack[22m | Storing File: res://Hud/ResultsPaper.cs[39m[0m
[  89% ] [90m[1msavepack[22m | Storing File: res://Hud/RuledPaper.cs[39m[0m
[  89% ] [90m[1msavepack[22m | Storing File: res://Hud/StageCard.cs[39m[0m
[  89% ] [90m[1msavepack[22m | Storing File: res://Hud/StartMenu.cs[39m[0m
[  89% ] [90m[1msavepack[22m | Storing File: res://Hud/TopBar.cs[39m[0m
[  89% ] [90m[1msavepack[22m | Storing File: res://Hud/Ui.cs[39m[0m
[  90% ] [90m[1msavepack[22m | Storing File: res://BookingDragButton.cs[39m[0m
[  90% ] [90m[1msavepack[22m | Storing File: res://CameraRig.cs[39m[0m
[  90% ] [90m[1msavepack[22m | Storing File: res://CrowdBodies.cs[39m[0m
[  90% ] [90m[1msavepack[22m | Storing File: res://CrowdBodies.Head.cs[39m[0m
[  90% ] [90m[1msavepack[22m | Storing File: res://CrowdBodies.Walk.cs[39m[0m
[  90% ] [90m[1msavepack[22m | Storing File: res://FarmSurround.cs[39m[0m
[  90% ] [90m[1msavepack[22m | Storing File: res://FestivalAudio.cs[39m[0m
[  90% ] [90m[1msavepack[22m | Storing File: res://Main.AudienceArea.cs[39m[0m
[  91% ] [90m[1msavepack[22m | Storing File: res://Main.Backstage.cs[39m[0m
[  91% ] [90m[1msavepack[22m | Storing File: res://Main.BuildContext.cs[39m[0m
[  91% ] [90m[1msavepack[22m | Storing File: res://Main.BuildDebug.cs[39m[0m
[  91% ] [90m[1msavepack[22m | Storing File: res://Main.BuildMode.cs[39m[0m
[  91% ] [90m[1msavepack[22m | Storing File: res://Main.Chatter.cs[39m[0m
[  91% ] [90m[1msavepack[22m | Storing File: res://Main.Cows.cs[39m[0m
[  91% ] [90m[1msavepack[22m | Storing File: res://Main.CrowdDance.cs[39m[0m
[  92% ] [90m[1msavepack[22m | Storing File: res://Main.cs[39m[0m
[  92% ] [90m[1msavepack[22m | Storing File: res://Main.DayCycle.cs[39m[0m
[  92% ] [90m[1msavepack[22m | Storing File: res://Main.Disorder.cs[39m[0m
[  92% ] [90m[1msavepack[22m | Storing File: res://Main.Equipment.cs[39m[0m
[  92% ] [90m[1msavepack[22m | Storing File: res://Main.EyeView.cs[39m[0m
[  92% ] [90m[1msavepack[22m | Storing File: res://Main.FaultCues.cs[39m[0m
[  92% ] [90m[1msavepack[22m | Storing File: res://Main.FieldNotes.cs[39m[0m
[  92% ] [90m[1msavepack[22m | Storing File: res://Main.FinanceFeedback.cs[39m[0m
[  93% ] [90m[1msavepack[22m | Storing File: res://Main.GateSign.cs[39m[0m
[  93% ] [90m[1msavepack[22m | Storing File: res://Main.GenreAudioVerification.cs[39m[0m
[  93% ] [90m[1msavepack[22m | Storing File: res://Main.GrassEvidence.cs[39m[0m
[  93% ] [90m[1msavepack[22m | Storing File: res://Main.Ground.cs[39m[0m
[  93% ] [90m[1msavepack[22m | Storing File: res://Main.Hearing.cs[39m[0m
[  93% ] [90m[1msavepack[22m | Storing File: res://Main.Hover.cs[39m[0m
[  93% ] [90m[1msavepack[22m | Storing File: res://Main.HudWorkspace.cs[39m[0m
[  94% ] [90m[1msavepack[22m | Storing File: res://Main.Immersion.cs[39m[0m
[  94% ] [90m[1msavepack[22m | Storing File: res://Main.ImmersionAssets.cs[39m[0m
[  94% ] [90m[1msavepack[22m | Storing File: res://Main.Instruments.cs[39m[0m
[  94% ] [90m[1msavepack[22m | Storing File: res://Main.Interventions.cs[39m[0m
[  94% ] [90m[1msavepack[22m | Storing File: res://Main.LavSucker.cs[39m[0m
[  94% ] [90m[1msavepack[22m | Storing File: res://Main.Litter.cs[39m[0m
[  94% ] [90m[1msavepack[22m | Storing File: res://Main.LitterCues.cs[39m[0m
[  94% ] [90m[1msavepack[22m | Storing File: res://Main.LitterEvidence.cs[39m[0m
[  95% ] [90m[1msavepack[22m | Storing File: res://Main.LivePerformance.cs[39m[0m
[  95% ] [90m[1msavepack[22m | Storing File: res://Main.Medical.cs[39m[0m
[  95% ] [90m[1msavepack[22m | Storing File: res://Main.Moments.cs[39m[0m
[  95% ] [90m[1msavepack[22m | Storing File: res://Main.Moods.cs[39m[0m
[  95% ] [90m[1msavepack[22m | Storing File: res://Main.Perks.cs[39m[0m
[  95% ] [90m[1msavepack[22m | Storing File: res://Main.Pond.cs[39m[0m
[  95% ] [90m[1msavepack[22m | Storing File: res://Main.PondEvidence.cs[39m[0m
[  96% ] [90m[1msavepack[22m | Storing File: res://Main.Power.cs[39m[0m
[  96% ] [90m[1msavepack[22m | Storing File: res://Main.Preparation.cs[39m[0m
[  96% ] [90m[1msavepack[22m | Storing File: res://Main.PreparationDock.cs[39m[0m
[  96% ] [90m[1msavepack[22m | Storing File: res://Main.PreparationProfile.cs[39m[0m
[  96% ] [90m[1msavepack[22m | Storing File: res://Main.PresentationPause.cs[39m[0m
[  96% ] [90m[1msavepack[22m | Storing File: res://Main.Programme.cs[39m[0m
[  96% ] [90m[1msavepack[22m | Storing File: res://Main.ResponsePosts.cs[39m[0m
[  96% ] [90m[1msavepack[22m | Storing File: res://Main.Results.cs[39m[0m
[  97% ] [90m[1msavepack[22m | Storing File: res://Main.SaveCadence.cs[39m[0m
[  97% ] [90m[1msavepack[22m | Storing File: res://Main.Splash.cs[39m[0m
[  97% ] [90m[1msavepack[22m | Storing File: res://Main.Staff.cs[39m[0m
[  97% ] [90m[1msavepack[22m | Storing File: res://Main.StaffPanel.cs[39m[0m
[  97% ] [90m[1msavepack[22m | Storing File: res://Main.StageSet.cs[39m[0m
[  97% ] [90m[1msavepack[22m | Storing File: res://Main.StewardCleanup.cs[39m[0m
[  97% ] [90m[1msavepack[22m | Storing File: res://Main.StewardCleanupEvidence.cs[39m[0m
[  98% ] [90m[1msavepack[22m | Storing File: res://Main.SurroundEvidence.cs[39m[0m
[  98% ] [90m[1msavepack[22m | Storing File: res://Main.Toilet.cs[39m[0m
[  98% ] [90m[1msavepack[22m | Storing File: res://.godot/exported/133200997/export-bcb0d2eb5949c52b6a65bfe9de3e985b-Main.scn[39m[0m
[  98% ] [90m[1msavepack[22m | Storing File: res://Main.Willow.cs[39m[0m
[  98% ] [90m[1msavepack[22m | Storing File: res://PerformerOutfits.cs[39m[0m
[  98% ] [90m[1msavepack[22m | Storing File: res://PondMotion.cs[39m[0m
[  98% ] [90m[1msavepack[22m | Storing File: res://WorldText.cs[39m[0m
[  98% ] [90m[1msavepack[22m | Storing File: res://assets/characters/colourways/palette-01.tres.remap[39m[0m
[  98% ] [90m[1msavepack[22m | Storing File: res://assets/characters/colourways/palette-02.tres.remap[39m[0m
[  98% ] [90m[1msavepack[22m | Storing File: res://assets/characters/colourways/palette-03.tres.remap[39m[0m
[  98% ] [90m[1msavepack[22m | Storing File: res://assets/characters/colourways/palette-04.tres.remap[39m[0m
[  98% ] [90m[1msavepack[22m | Storing File: res://assets/characters/colourways/palette-05.tres.remap[39m[0m
[  98% ] [90m[1msavepack[22m | Storing File: res://assets/characters/colourways/palette-06.tres.remap[39m[0m
[  98% ] [90m[1msavepack[22m | Storing File: res://assets/characters/colourways/palette-07.tres.remap[39m[0m
[  98% ] [90m[1msavepack[22m | Storing File: res://assets/characters/colourways/palette-08.tres.remap[39m[0m
[  98% ] [90m[1msavepack[22m | Storing File: res://assets/characters/colourways/palette-09.tres.remap[39m[0m
[  98% ] [90m[1msavepack[22m | Storing File: res://assets/characters/colourways/palette-10.tres.remap[39m[0m
[  98% ] [90m[1msavepack[22m | Storing File: res://assets/ui/fonts/SourceSans3-Regular.tres.remap[39m[0m
[  98% ] [90m[1msavepack[22m | Storing File: res://Main.tscn.remap[39m[0m
[  98% ] [90m[1msavepack[22m | Storing File: res://.godot/global_script_class_cache.cfg[39m[0m
[  98% ] [90m[1msavepack[22m | Storing File: res://assets/branding/festival-tycoon-stage-sun-icon-v3.png[39m[0m
[  98% ] [90m[1msavepack[22m | Storing File: res://assets/branding/festival-tycoon-mosaic-logo-v2.png[39m[0m
[  98% ] [90m[1msavepack[22m | Storing File: res://.godot/uid_cache.bin[39m[0m
[  98% ] [90m[1msavepack[22m | Storing File: res://project.binary[39m[0m
[92m[ DONE ][39m [1msavepack[22m
[0m
