Godot Engine v4.7.2.stable.mono.official.ed1daf0bf - https://godotengine.org
OpenGL API 3.3.0 NVIDIA 596.08 - Compatibility - Using Device: NVIDIA - NVIDIA GeForce RTX 3050 Ti Laptop GPU

FESTIVAL_TYCOON_LAUNCHED build=0.0.1-m0.01 godot=4.7.2-stable (official)
FARM_SCENE_READY scenario=scenario.lower-wittering-farm objects=5 hash=38148ffe225dee1d65e755ee93946e63fe2c687d953ced2a0c58e9b279b1f8a5
INCIDENT_AUDIO_READY ambient=True explosion=True female=True male=True mode=cc0-integrated
TIMETABLE_STATE name=checkpoint tick=1600 slot=0 phase=Live ready=3 people=32 performers=9 admitted=32 departed=0 status=Playing hash=9cbcdfdd21a7ec03515a40726b6125bda057fb23e31b8af6e31385ee43d74439
TIMETABLE_BAND person=24 physical=-15750,11250 action=Arrived intent=performance.stage-entry instrument=True
TIMETABLE_BAND person=25 physical=-16750,9250 action=Arrived intent=performance.stage-entry instrument=True
TIMETABLE_BAND person=26 physical=-17250,12250 action=Arrived intent=performance.stage-entry instrument=False
TIMETABLE_STATE name=checkpoint tick=2000 slot=0 phase=Live ready=3 people=32 performers=9 admitted=32 departed=0 status=Playing hash=8a2090190d6bd8f8e4a8b3dced5fde09dbfcd4ca89bc033c5c499767178a63eb
TIMETABLE_BAND person=24 physical=-15750,11250 action=Arrived intent=performance.stage-entry instrument=True
TIMETABLE_BAND person=25 physical=-16750,9250 action=Arrived intent=performance.stage-entry instrument=True
TIMETABLE_BAND person=26 physical=-17250,12250 action=Arrived intent=performance.stage-entry instrument=False
ATTENDEE_SELECTED id=12 orientation=South
FARM_SELECTION_CLEARED
ATTENDEE_POSE_ACTUAL key=female-drink_hold-soft owner=12 transaction=immersion:1:3 consumed=149 hash=8a2090190d6bd8f8e4a8b3dced5fde09dbfcd4ca89bc033c5c499767178a63eb reload=True root_identity=True scale=1
ATTENDEE_SELECTED id=13 orientation=South
FARM_SELECTION_CLEARED
ATTENDEE_POSE_ACTUAL key=female-drink_hold-beer owner=13 transaction=immersion:1:1 consumed=534 hash=8a2090190d6bd8f8e4a8b3dced5fde09dbfcd4ca89bc033c5c499767178a63eb reload=True root_identity=True scale=1
TIMETABLE_STATE name=checkpoint tick=2016 slot=0 phase=Live ready=3 people=32 performers=9 admitted=32 departed=0 status=Playing hash=d6868e6cb5a9213b2eb33b62b8386381b1dfafa917b888da485c27100e923c34
TIMETABLE_BAND person=24 physical=-15750,11250 action=Arrived intent=performance.stage-entry instrument=True
TIMETABLE_BAND person=25 physical=-16750,9250 action=Arrived intent=performance.stage-entry instrument=True
TIMETABLE_BAND person=26 physical=-17250,12250 action=Arrived intent=performance.stage-entry instrument=False
TIMETABLE_STATE name=checkpoint tick=2032 slot=0 phase=Live ready=3 people=32 performers=9 admitted=32 departed=0 status=Playing hash=097b67f5cc4642e97ebf8903720ef77f6ce050bbb2b53f4c697b7e56103c77c6
TIMETABLE_BAND person=24 physical=-15750,11250 action=Arrived intent=performance.stage-entry instrument=True
TIMETABLE_BAND person=25 physical=-16750,9250 action=Arrived intent=performance.stage-entry instrument=True
TIMETABLE_BAND person=26 physical=-17250,12250 action=Arrived intent=performance.stage-entry instrument=False
ATTENDEE_SELECTED id=13 orientation=South
FARM_SELECTION_CLEARED
ATTENDEE_POSE_ACTUAL key=female-drinking-beer owner=13 transaction=immersion:1:1 consumed=566 hash=097b67f5cc4642e97ebf8903720ef77f6ce050bbb2b53f4c697b7e56103c77c6 reload=True root_identity=True scale=1
TIMETABLE_STATE name=checkpoint tick=2048 slot=0 phase=Live ready=3 people=32 performers=9 admitted=32 departed=0 status=Playing hash=a4fc05181782989b442eb4e3299a9bb6f646639ac91533d02840815c1b58e90e
TIMETABLE_BAND person=24 physical=-15750,11250 action=Arrived intent=performance.stage-entry instrument=True
TIMETABLE_BAND person=25 physical=-16750,9250 action=Arrived intent=performance.stage-entry instrument=True
TIMETABLE_BAND person=26 physical=-17250,12250 action=Arrived intent=performance.stage-entry instrument=False
TIMETABLE_STATE name=checkpoint tick=2064 slot=0 phase=Live ready=3 people=32 performers=9 admitted=32 departed=0 status=Playing hash=8a8e5b5eaac2e6f808083486d4a8aed152755cdd681d1754a9ac7d5a79db0ea4
TIMETABLE_BAND person=24 physical=-15750,11250 action=Arrived intent=performance.stage-entry instrument=True
TIMETABLE_BAND person=25 physical=-16750,9250 action=Arrived intent=performance.stage-entry instrument=True
TIMETABLE_BAND person=26 physical=-17250,12250 action=Arrived intent=performance.stage-entry instrument=False
TIMETABLE_STATE name=checkpoint tick=2080 slot=0 phase=Live ready=3 people=32 performers=9 admitted=32 departed=0 status=Playing hash=6617235745dd0b7aaa1db8d490f28321c90557858068f1574fe97d492cec67cf
TIMETABLE_BAND person=24 physical=-15750,11250 action=Arrived intent=performance.stage-entry instrument=True
TIMETABLE_BAND person=25 physical=-16750,9250 action=Arrived intent=performance.stage-entry instrument=True
TIMETABLE_BAND person=26 physical=-17250,12250 action=Arrived intent=performance.stage-entry instrument=False
TIMETABLE_STATE name=checkpoint tick=2096 slot=0 phase=Live ready=3 people=32 performers=9 admitted=32 departed=0 status=Playing hash=c40f5149600f7e6ccc74c3dce0283b9974e5f7c24bd4a339e49bfb91767a509c
TIMETABLE_BAND person=24 physical=-15750,11250 action=Arrived intent=performance.stage-entry instrument=True
TIMETABLE_BAND person=25 physical=-16750,9250 action=Arrived intent=performance.stage-entry instrument=True
TIMETABLE_BAND person=26 physical=-17250,12250 action=Arrived intent=performance.stage-entry instrument=False
ATTENDEE_SELECTED id=12 orientation=South
FARM_SELECTION_CLEARED
ATTENDEE_POSE_ACTUAL key=female-drinking-soft owner=12 transaction=immersion:1:3 consumed=245 hash=c40f5149600f7e6ccc74c3dce0283b9974e5f7c24bd4a339e49bfb91767a509c reload=True root_identity=True scale=1
TIMETABLE_STATE name=checkpoint tick=2112 slot=0 phase=Live ready=3 people=32 performers=9 admitted=32 departed=0 status=Playing hash=7c59fea36dc582ba8dd2f279e2f0c41495739ff3e035ce1cbe7028c85b830d08
TIMETABLE_BAND person=24 physical=-15750,11250 action=Arrived intent=performance.stage-entry instrument=True
TIMETABLE_BAND person=25 physical=-16750,9250 action=Arrived intent=performance.stage-entry instrument=True
TIMETABLE_BAND person=26 physical=-17250,12250 action=Arrived intent=performance.stage-entry instrument=False
TIMETABLE_STATE name=checkpoint tick=2128 slot=0 phase=Live ready=3 people=32 performers=9 admitted=32 departed=0 status=Playing hash=d3b2dd3181aa6e46ef476b169e9920d0018a072399df18de71657ad56f6320f2
TIMETABLE_BAND person=24 physical=-15750,11250 action=Arrived intent=performance.stage-entry instrument=True
TIMETABLE_BAND person=25 physical=-16750,9250 action=Arrived intent=performance.stage-entry instrument=True
TIMETABLE_BAND person=26 physical=-17250,12250 action=Arrived intent=performance.stage-entry instrument=False
TIMETABLE_STATE name=checkpoint tick=2144 slot=0 phase=Live ready=3 people=32 performers=9 admitted=32 departed=0 status=Playing hash=36a78d6454b2ecc5760d400b6eb4d34f5b49a8a0fddd555980e612131eb4149d
TIMETABLE_BAND person=24 physical=-15750,11250 action=Arrived intent=performance.stage-entry instrument=True
TIMETABLE_BAND person=25 physical=-16750,9250 action=Arrived intent=performance.stage-entry instrument=True
TIMETABLE_BAND person=26 physical=-17250,12250 action=Arrived intent=performance.stage-entry instrument=False
TIMETABLE_STATE name=checkpoint tick=2160 slot=0 phase=Live ready=3 people=32 performers=9 admitted=32 departed=0 status=Playing hash=2c9c763b7cbd004da91ca1bec6be1cbbb32ef9646ec104a4e2e8b2adaf9bb399
TIMETABLE_BAND person=24 physical=-15750,11250 action=Arrived intent=performance.stage-entry instrument=True
TIMETABLE_BAND person=25 physical=-16750,9250 action=Arrived intent=performance.stage-entry instrument=True
TIMETABLE_BAND person=26 physical=-17250,12250 action=Arrived intent=performance.stage-entry instrument=False
TIMETABLE_STATE name=checkpoint tick=2176 slot=0 phase=Live ready=3 people=32 performers=9 admitted=32 departed=0 status=Playing hash=d635a7277c0d667964d6eccfef21e70bb67ce2b6a1a91945ac01bff0c4e1f403
TIMETABLE_BAND person=24 physical=-15750,11250 action=Arrived intent=performance.stage-entry instrument=True
TIMETABLE_BAND person=25 physical=-16750,9250 action=Arrived intent=performance.stage-entry instrument=True
TIMETABLE_BAND person=26 physical=-17250,12250 action=Arrived intent=performance.stage-entry instrument=False
TIMETABLE_STATE name=checkpoint tick=2192 slot=0 phase=Live ready=3 people=32 performers=9 admitted=32 departed=0 status=Playing hash=8eae3609d089919ba09e0446a12cb4b2f500ae74ddaaa1937e0dfec18a751c5d
TIMETABLE_BAND person=24 physical=-15750,11250 action=Arrived intent=performance.stage-entry instrument=True
TIMETABLE_BAND person=25 physical=-16750,9250 action=Arrived intent=performance.stage-entry instrument=True
TIMETABLE_BAND person=26 physical=-17250,12250 action=Arrived intent=performance.stage-entry instrument=False
TIMETABLE_STATE name=checkpoint tick=2208 slot=0 phase=Live ready=3 people=32 performers=9 admitted=32 departed=0 status=Playing hash=04859817f576c73e3ef861eff1a673c02b310d41b23325a79efdaeade70e7142
TIMETABLE_BAND person=24 physical=-15750,11250 action=Arrived intent=performance.stage-entry instrument=True
TIMETABLE_BAND person=25 physical=-16750,9250 action=Arrived intent=performance.stage-entry instrument=True
TIMETABLE_BAND person=26 physical=-17250,12250 action=Arrived intent=performance.stage-entry instrument=False
TIMETABLE_STATE name=checkpoint tick=2224 slot=0 phase=Live ready=3 people=32 performers=9 admitted=32 departed=0 status=Playing hash=669fb4ed29282d83a58ee47fe7a8361e6a7dbc58529bd5ff5b1cc28fb0dedbdd
TIMETABLE_BAND person=24 physical=-15750,11250 action=Arrived intent=performance.stage-entry instrument=True
TIMETABLE_BAND person=25 physical=-16750,9250 action=Arrived intent=performance.stage-entry instrument=True
TIMETABLE_BAND person=26 physical=-17250,12250 action=Arrived intent=performance.stage-entry instrument=False
TIMETABLE_STATE name=checkpoint tick=2240 slot=0 phase=Live ready=3 people=32 performers=9 admitted=32 departed=0 status=Playing hash=e2ef3b054e4cb3c99b3c0f554f54560d4150b7bcaa00b66b48bd8abf690255fb
TIMETABLE_BAND person=24 physical=-15750,11250 action=Arrived intent=performance.stage-entry instrument=True
TIMETABLE_BAND person=25 physical=-16750,9250 action=Arrived intent=performance.stage-entry instrument=True
TIMETABLE_BAND person=26 physical=-17250,12250 action=Arrived intent=performance.stage-entry instrument=False
TIMETABLE_STATE name=checkpoint tick=2256 slot=0 phase=Live ready=3 people=32 performers=9 admitted=32 departed=0 status=Playing hash=4a8142aac0882b775973aee927ef762d4612f4c4e01bbb29f0707536b2c9f743
TIMETABLE_BAND person=24 physical=-15750,11250 action=Arrived intent=performance.stage-entry instrument=True
TIMETABLE_BAND person=25 physical=-16750,9250 action=Arrived intent=performance.stage-entry instrument=True
TIMETABLE_BAND person=26 physical=-17250,12250 action=Arrived intent=performance.stage-entry instrument=False
TIMETABLE_STATE name=checkpoint tick=2272 slot=0 phase=Live ready=3 people=32 performers=9 admitted=32 departed=0 status=Playing hash=9e9386fe8550607ec111dee559d28616031951b907fc8c68b60f48812dcc5029
TIMETABLE_BAND person=24 physical=-15750,11250 action=Arrived intent=performance.stage-entry instrument=True
TIMETABLE_BAND person=25 physical=-16750,9250 action=Arrived intent=performance.stage-entry instrument=True
TIMETABLE_BAND person=26 physical=-17250,12250 action=Arrived intent=performance.stage-entry instrument=False
TIMETABLE_STATE name=checkpoint tick=2288 slot=0 phase=Live ready=3 people=32 performers=9 admitted=32 departed=0 status=Playing hash=d562e325834eadae8726b384700ba2d893f22cbdcad585983ff81f37f454823f
TIMETABLE_BAND person=24 physical=-15750,11250 action=Arrived intent=performance.stage-entry instrument=True
TIMETABLE_BAND person=25 physical=-16750,9250 action=Arrived intent=performance.stage-entry instrument=True
TIMETABLE_BAND person=26 physical=-17250,12250 action=Arrived intent=performance.stage-entry instrument=False
TIMETABLE_STATE name=checkpoint tick=2304 slot=0 phase=Live ready=3 people=32 performers=9 admitted=32 departed=0 status=Playing hash=dcb1eb4e1f7b12b3a10b2fa83e322c56c2f4eed6cb02bf7bb79e0e531d6df662
TIMETABLE_BAND person=24 physical=-15750,11250 action=Arrived intent=performance.stage-entry instrument=True
TIMETABLE_BAND person=25 physical=-16750,9250 action=Arrived intent=performance.stage-entry instrument=True
TIMETABLE_BAND person=26 physical=-17250,12250 action=Arrived intent=performance.stage-entry instrument=False
TIMETABLE_STATE name=checkpoint tick=2320 slot=0 phase=Live ready=3 people=32 performers=9 admitted=32 departed=0 status=Playing hash=eb2bddcc3ad062659320300c7b747c34c497a71a94ec66db6032d056a2c93c25
TIMETABLE_BAND person=24 physical=-15750,11250 action=Arrived intent=performance.stage-entry instrument=True
TIMETABLE_BAND person=25 physical=-16750,9250 action=Arrived intent=performance.stage-entry instrument=True
TIMETABLE_BAND person=26 physical=-17250,12250 action=Arrived intent=performance.stage-entry instrument=False
TIMETABLE_STATE name=checkpoint tick=2336 slot=0 phase=Live ready=3 people=32 performers=9 admitted=32 departed=0 status=Playing hash=c527414fe652127120362a34eb2abdc632e1d1b58bf41a22010ee742fbeaa15f
TIMETABLE_BAND person=24 physical=-15750,11250 action=Arrived intent=performance.stage-entry instrument=True
TIMETABLE_BAND person=25 physical=-16750,9250 action=Arrived intent=performance.stage-entry instrument=True
TIMETABLE_BAND person=26 physical=-17250,12250 action=Arrived intent=performance.stage-entry instrument=False
TIMETABLE_STATE name=checkpoint tick=2352 slot=0 phase=Live ready=3 people=32 performers=9 admitted=32 departed=0 status=Playing hash=3c222a0fef01cf99dd7f5dc61f9571b8b21caee16b142c50ad68f418bb23076a
TIMETABLE_BAND person=24 physical=-15750,11250 action=Arrived intent=performance.stage-entry instrument=True
TIMETABLE_BAND person=25 physical=-16750,9250 action=Arrived intent=performance.stage-entry instrument=True
TIMETABLE_BAND person=26 physical=-17250,12250 action=Arrived intent=performance.stage-entry instrument=False
TIMETABLE_STATE name=checkpoint tick=2368 slot=0 phase=Live ready=3 people=32 performers=9 admitted=32 departed=0 status=Playing hash=c1644747ee0a0ddf5d2adeeba8e9bef00c8df6528403c319e44b22f966ca9a1a
TIMETABLE_BAND person=24 physical=-15750,11250 action=Arrived intent=performance.stage-entry instrument=True
TIMETABLE_BAND person=25 physical=-16750,9250 action=Arrived intent=performance.stage-entry instrument=True
TIMETABLE_BAND person=26 physical=-17250,12250 action=Arrived intent=performance.stage-entry instrument=False
TIMETABLE_OPERATOR ordinary_medic_dispatch=True patient=22 tick=2368
TIMETABLE_STATE name=checkpoint tick=2384 slot=0 phase=Live ready=3 people=32 performers=9 admitted=32 departed=0 status=Playing hash=bd5898a6c8465694db42e1d17be0685ce7f9ab983b77f50e10b0879d16deb970
TIMETABLE_BAND person=24 physical=-15750,11250 action=Arrived intent=performance.stage-entry instrument=True
TIMETABLE_BAND person=25 physical=-16750,9250 action=Arrived intent=performance.stage-entry instrument=True
TIMETABLE_BAND person=26 physical=-17250,12250 action=Arrived intent=performance.stage-entry instrument=False
TIMETABLE_STATE name=checkpoint tick=2400 slot=0 phase=Live ready=3 people=32 performers=9 admitted=32 departed=0 status=Playing hash=6658f4dcdbef07a0d2a36bff8f90d77427ef9fff061a3c84f309ddc906e75f0f
TIMETABLE_BAND person=24 physical=-15750,11250 action=Arrived intent=performance.stage-entry instrument=True
TIMETABLE_BAND person=25 physical=-16750,9250 action=Arrived intent=performance.stage-entry instrument=True
TIMETABLE_BAND person=26 physical=-17250,12250 action=Arrived intent=performance.stage-entry instrument=False
TIMETABLE_STATE name=checkpoint tick=2416 slot=0 phase=Live ready=3 people=32 performers=9 admitted=32 departed=0 status=Playing hash=66c2af07bf1079d026d6bf9135aa444f06c14f3f99444cadcdf07a1b38861c0c
TIMETABLE_BAND person=24 physical=-15750,11250 action=Arrived intent=performance.stage-entry instrument=True
TIMETABLE_BAND person=25 physical=-16750,9250 action=Arrived intent=performance.stage-entry instrument=True
TIMETABLE_BAND person=26 physical=-17250,12250 action=Arrived intent=performance.stage-entry instrument=False
TIMETABLE_STATE name=checkpoint tick=2432 slot=0 phase=Live ready=3 people=32 performers=9 admitted=32 departed=0 status=Playing hash=cf2865a9e352327a623b3ff804dd096bd87d38216d1503b34169c41df9f1357d
TIMETABLE_BAND person=24 physical=-15750,11250 action=Arrived intent=performance.stage-entry instrument=True
TIMETABLE_BAND person=25 physical=-16750,9250 action=Arrived intent=performance.stage-entry instrument=True
TIMETABLE_BAND person=26 physical=-17250,12250 action=Arrived intent=performance.stage-entry instrument=False
TIMETABLE_STATE name=checkpoint tick=2448 slot=0 phase=Live ready=3 people=32 performers=9 admitted=32 departed=0 status=Playing hash=2e25bd9b309b8b068e4edf1ae07d0aa264ae893f54d56d9ca73c72cb83eb5ef3
TIMETABLE_BAND person=24 physical=-15750,11250 action=Arrived intent=performance.stage-entry instrument=True
TIMETABLE_BAND person=25 physical=-16750,9250 action=Arrived intent=performance.stage-entry instrument=True
TIMETABLE_BAND person=26 physical=-17250,12250 action=Arrived intent=performance.stage-entry instrument=False
ATTENDEE_SELECTED id=17 orientation=South
FARM_SELECTION_CLEARED
ATTENDEE_POSE_ACTUAL key=male-drink_hold-beer owner=17 transaction=immersion:1:6 consumed=5 hash=2e25bd9b309b8b068e4edf1ae07d0aa264ae893f54d56d9ca73c72cb83eb5ef3 reload=True root_identity=True scale=1
TIMETABLE_STATE name=checkpoint tick=2464 slot=0 phase=Live ready=3 people=32 performers=9 admitted=32 departed=0 status=Playing hash=e33df084a31e9ad7f383a22b07430c49636adfed44e83131b87b9795ec148e58
TIMETABLE_BAND person=24 physical=-15750,11250 action=Arrived intent=performance.stage-entry instrument=True
TIMETABLE_BAND person=25 physical=-16750,9250 action=Arrived intent=performance.stage-entry instrument=True
TIMETABLE_BAND person=26 physical=-17250,12250 action=Arrived intent=performance.stage-entry instrument=False
TIMETABLE_STATE name=checkpoint tick=2480 slot=0 phase=Live ready=3 people=32 performers=9 admitted=32 departed=0 status=Playing hash=40dc015612de9ce1ec444c495a34c1543f1d97187a4f53dcb34089bc23bc38ad
TIMETABLE_BAND person=24 physical=-15750,11250 action=Arrived intent=performance.stage-entry instrument=True
TIMETABLE_BAND person=25 physical=-16750,9250 action=Arrived intent=performance.stage-entry instrument=True
TIMETABLE_BAND person=26 physical=-17250,12250 action=Arrived intent=performance.stage-entry instrument=False
TIMETABLE_STATE name=checkpoint tick=2496 slot=0 phase=Live ready=3 people=32 performers=9 admitted=32 departed=0 status=Playing hash=58e35719a3a4caa166e1cda1d79ee268755fb90f8c061cb1d318a961e1aab29a
TIMETABLE_BAND person=24 physical=-15750,11250 action=Arrived intent=performance.stage-entry instrument=True
TIMETABLE_BAND person=25 physical=-16750,9250 action=Arrived intent=performance.stage-entry instrument=True
TIMETABLE_BAND person=26 physical=-17250,12250 action=Arrived intent=performance.stage-entry instrument=False
TIMETABLE_STATE name=checkpoint tick=2512 slot=0 phase=Live ready=3 people=32 performers=9 admitted=32 departed=0 status=Playing hash=fe9d7b648074ae7a62b6d13ad6b2c566503bd59d85c02e8edfac5aee4d6affe2
TIMETABLE_BAND person=24 physical=-15750,11250 action=Arrived intent=performance.stage-entry instrument=True
TIMETABLE_BAND person=25 physical=-16750,9250 action=Arrived intent=performance.stage-entry instrument=True
TIMETABLE_BAND person=26 physical=-17250,12250 action=Arrived intent=performance.stage-entry instrument=False
TIMETABLE_STATE name=checkpoint tick=2528 slot=0 phase=Live ready=3 people=32 performers=9 admitted=32 departed=0 status=Playing hash=044cdfb5eb8fc1b1c0b8c92f1a5c10a9bc4ccc6fca666b45df8eacc6edd3bcd6
TIMETABLE_BAND person=24 physical=-15750,11250 action=Arrived intent=performance.stage-entry instrument=True
TIMETABLE_BAND person=25 physical=-16750,9250 action=Arrived intent=performance.stage-entry instrument=True
TIMETABLE_BAND person=26 physical=-17250,12250 action=Arrived intent=performance.stage-entry instrument=False
TIMETABLE_STATE name=checkpoint tick=2544 slot=0 phase=Live ready=3 people=32 performers=9 admitted=32 departed=0 status=Playing hash=6d3c863084391694d3eb24466a7abb2d281221afbbfcfa2abb368e036505acc5
TIMETABLE_BAND person=24 physical=-15750,11250 action=Arrived intent=performance.stage-entry instrument=True
TIMETABLE_BAND person=25 physical=-16750,9250 action=Arrived intent=performance.stage-entry instrument=True
TIMETABLE_BAND person=26 physical=-17250,12250 action=Arrived intent=performance.stage-entry instrument=False
TIMETABLE_STATE name=checkpoint tick=2560 slot=0 phase=Live ready=3 people=32 performers=9 admitted=32 departed=0 status=Playing hash=8a08bff46dc04890566aadbb6aaf6d2e5004c2033a8cba2a519a3f1f5ea475ee
TIMETABLE_BAND person=24 physical=-15750,11250 action=Arrived intent=performance.stage-entry instrument=True
TIMETABLE_BAND person=25 physical=-16750,9250 action=Arrived intent=performance.stage-entry instrument=True
TIMETABLE_BAND person=26 physical=-17250,12250 action=Arrived intent=performance.stage-entry instrument=False
TIMETABLE_STATE name=checkpoint tick=2576 slot=0 phase=Live ready=3 people=32 performers=9 admitted=32 departed=0 status=Playing hash=373f4cb6e217e78a02a4a276659c70a3a70f05beaa8d2bc92401bcae995d3d06
TIMETABLE_BAND person=24 physical=-15750,11250 action=Arrived intent=performance.stage-entry instrument=True
TIMETABLE_BAND person=25 physical=-16750,9250 action=Arrived intent=performance.stage-entry instrument=True
TIMETABLE_BAND person=26 physical=-17250,12250 action=Arrived intent=performance.stage-entry instrument=False
TIMETABLE_STATE name=checkpoint tick=2592 slot=0 phase=Live ready=3 people=32 performers=9 admitted=32 departed=0 status=Playing hash=646d4e68c821aa3e99631d37802b699abf7f2464578b29c6df055a6fd3c625f9
TIMETABLE_BAND person=24 physical=-15750,11250 action=Arrived intent=performance.stage-entry instrument=True
TIMETABLE_BAND person=25 physical=-16750,9250 action=Arrived intent=performance.stage-entry instrument=True
TIMETABLE_BAND person=26 physical=-17250,12250 action=Arrived intent=performance.stage-entry instrument=False
TIMETABLE_STATE name=checkpoint tick=2608 slot=0 phase=Live ready=3 people=32 performers=9 admitted=32 departed=0 status=Playing hash=dcbd00451c272f1b4f4b328245d66ccb61a1e0032ab1a40b1fc9c7d2b8ba66f2
TIMETABLE_BAND person=24 physical=-15750,11250 action=Arrived intent=performance.stage-entry instrument=True
TIMETABLE_BAND person=25 physical=-16750,9250 action=Arrived intent=performance.stage-entry instrument=True
TIMETABLE_BAND person=26 physical=-17250,12250 action=Arrived intent=performance.stage-entry instrument=False
TIMETABLE_STATE name=checkpoint tick=2624 slot=0 phase=Live ready=3 people=32 performers=9 admitted=32 departed=0 status=Playing hash=8bf38dcb349dfb0c1b770d71ea2d2a8953a14495205ebf1e17c6ae9d48e650f2
TIMETABLE_BAND person=24 physical=-15750,11250 action=Arrived intent=performance.stage-entry instrument=True
TIMETABLE_BAND person=25 physical=-16750,9250 action=Arrived intent=performance.stage-entry instrument=True
TIMETABLE_BAND person=26 physical=-17250,12250 action=Arrived intent=performance.stage-entry instrument=False
TIMETABLE_STATE name=checkpoint tick=2640 slot=0 phase=Live ready=3 people=32 performers=9 admitted=32 departed=0 status=Playing hash=7903abb6e368cd524b2b1649f93e5a2b8908300e7b875f9d068c93db887a678a
TIMETABLE_BAND person=24 physical=-15750,11250 action=Arrived intent=performance.stage-entry instrument=True
TIMETABLE_BAND person=25 physical=-16750,9250 action=Arrived intent=performance.stage-entry instrument=True
TIMETABLE_BAND person=26 physical=-17250,12250 action=Arrived intent=performance.stage-entry instrument=False
TIMETABLE_STATE name=checkpoint tick=2656 slot=0 phase=Live ready=3 people=32 performers=9 admitted=32 departed=0 status=Playing hash=11248bda33597f34b8f516f82e4c0a479ff8662ca2a181b7abd6b83a1ae570d7
TIMETABLE_BAND person=24 physical=-15750,11250 action=Arrived intent=performance.stage-entry instrument=True
TIMETABLE_BAND person=25 physical=-16750,9250 action=Arrived intent=performance.stage-entry instrument=True
TIMETABLE_BAND person=26 physical=-17250,12250 action=Arrived intent=performance.stage-entry instrument=False
TIMETABLE_STATE name=checkpoint tick=2672 slot=0 phase=Live ready=3 people=32 performers=9 admitted=32 departed=0 status=Playing hash=275d14c64bfb03a213c5f3f41ba3542c0017d517d30a76dd8b330b909f3d4d70
TIMETABLE_BAND person=24 physical=-15750,11250 action=Arrived intent=performance.stage-entry instrument=True
TIMETABLE_BAND person=25 physical=-16750,9250 action=Arrived intent=performance.stage-entry instrument=True
TIMETABLE_BAND person=26 physical=-17250,12250 action=Arrived intent=performance.stage-entry instrument=False
TIMETABLE_STATE name=checkpoint tick=2688 slot=0 phase=Live ready=3 people=32 performers=9 admitted=32 departed=0 status=Playing hash=528dfe1de4ff70c84b853487b36e38da7bd8d2f7a43461f1923a7a4763d9b81b
TIMETABLE_BAND person=24 physical=-15750,11250 action=Arrived intent=performance.stage-entry instrument=True
TIMETABLE_BAND person=25 physical=-16750,9250 action=Arrived intent=performance.stage-entry instrument=True
TIMETABLE_BAND person=26 physical=-17250,12250 action=Arrived intent=performance.stage-entry instrument=False
ATTENDEE_SELECTED id=17 orientation=South
FARM_SELECTION_CLEARED
ATTENDEE_POSE_ACTUAL key=male-drinking-beer owner=17 transaction=immersion:1:6 consumed=245 hash=528dfe1de4ff70c84b853487b36e38da7bd8d2f7a43461f1923a7a4763d9b81b reload=True root_identity=True scale=1
TIMETABLE_STATE name=checkpoint tick=2704 slot=0 phase=Live ready=3 people=32 performers=9 admitted=32 departed=0 status=Playing hash=d15aa902260ee4faa8472072b81511fcce82a92642c788f01e08733195cbfc80
TIMETABLE_BAND person=24 physical=-15750,11250 action=Arrived intent=performance.stage-entry instrument=True
TIMETABLE_BAND person=25 physical=-16750,9250 action=Arrived intent=performance.stage-entry instrument=True
TIMETABLE_BAND person=26 physical=-17250,12250 action=Arrived intent=performance.stage-entry instrument=False
TIMETABLE_STATE name=checkpoint tick=2720 slot=0 phase=Live ready=3 people=32 performers=9 admitted=32 departed=0 status=Playing hash=2380cdd636abbd704a078362bdd7b47820d79ce172008195d7922ae20c93f7f3
TIMETABLE_BAND person=24 physical=-15750,11250 action=Arrived intent=performance.stage-entry instrument=True
TIMETABLE_BAND person=25 physical=-16750,9250 action=Arrived intent=performance.stage-entry instrument=True
TIMETABLE_BAND person=26 physical=-17250,12250 action=Arrived intent=performance.stage-entry instrument=False
TIMETABLE_STATE name=checkpoint tick=2736 slot=0 phase=Live ready=3 people=32 performers=9 admitted=32 departed=0 status=Playing hash=5195dedd4d62ee621f3b75f7ce856825b6094e6c5a1251e1b0bb84e7a7f83f12
TIMETABLE_BAND person=24 physical=-15750,11250 action=Arrived intent=performance.stage-entry instrument=True
TIMETABLE_BAND person=25 physical=-16750,9250 action=Arrived intent=performance.stage-entry instrument=True
TIMETABLE_BAND person=26 physical=-17250,12250 action=Arrived intent=performance.stage-entry instrument=False
TIMETABLE_STATE name=checkpoint tick=2752 slot=0 phase=Live ready=3 people=32 performers=9 admitted=32 departed=0 status=Playing hash=37529e6073948e892b1b7798607576b8f7d03ca92b7c2eda889d6df283c37653
TIMETABLE_BAND person=24 physical=-15750,11250 action=Arrived intent=performance.stage-entry instrument=True
TIMETABLE_BAND person=25 physical=-16750,9250 action=Arrived intent=performance.stage-entry instrument=True
TIMETABLE_BAND person=26 physical=-17250,12250 action=Arrived intent=performance.stage-entry instrument=False
TIMETABLE_STATE name=checkpoint tick=2768 slot=0 phase=Live ready=3 people=32 performers=9 admitted=32 departed=0 status=Playing hash=d9f3e8cb5919b00612fbbf4613e71e0d0934e70431c1b43d7def4265eadea188
TIMETABLE_BAND person=24 physical=-15750,11250 action=Arrived intent=performance.stage-entry instrument=True
TIMETABLE_BAND person=25 physical=-16750,9250 action=Arrived intent=performance.stage-entry instrument=True
TIMETABLE_BAND person=26 physical=-17250,12250 action=Arrived intent=performance.stage-entry instrument=False
TIMETABLE_STATE name=checkpoint tick=2784 slot=0 phase=Live ready=3 people=32 performers=9 admitted=32 departed=0 status=Playing hash=f9bbd0ddbd74d600a089e113d29159e1f46f9b5b384d33d884fa5d4c1c982e56
TIMETABLE_BAND person=24 physical=-15750,11250 action=Arrived intent=performance.stage-entry instrument=True
TIMETABLE_BAND person=25 physical=-16750,9250 action=Arrived intent=performance.stage-entry instrument=True
TIMETABLE_BAND person=26 physical=-17250,12250 action=Arrived intent=performance.stage-entry instrument=False
TIMETABLE_STATE name=checkpoint tick=2800 slot=0 phase=Live ready=3 people=32 performers=9 admitted=32 departed=0 status=Playing hash=86841e14dc0ea0fc1a1fc95ceee468ec72932a2ce84c8a598b14b41a0a36bb41
TIMETABLE_BAND person=24 physical=-15750,11250 action=Arrived intent=performance.stage-entry instrument=True
TIMETABLE_BAND person=25 physical=-16750,9250 action=Arrived intent=performance.stage-entry instrument=True
TIMETABLE_BAND person=26 physical=-17250,12250 action=Arrived intent=performance.stage-entry instrument=False
TIMETABLE_STATE name=checkpoint tick=2816 slot=0 phase=Live ready=3 people=32 performers=9 admitted=32 departed=0 status=Playing hash=53bb198134adb611476c3fa095d094cb2a562e0726bb59e06f62f8866fdab916
TIMETABLE_BAND person=24 physical=-15750,11250 action=Arrived intent=performance.stage-entry instrument=True
TIMETABLE_BAND person=25 physical=-16750,9250 action=Arrived intent=performance.stage-entry instrument=True
TIMETABLE_BAND person=26 physical=-17250,12250 action=Arrived intent=performance.stage-entry instrument=False
TIMETABLE_STATE name=checkpoint tick=2832 slot=0 phase=Live ready=3 people=32 performers=9 admitted=32 departed=0 status=Playing hash=990f0fb8fd82bf516b4d89f55eb5b1a4ff67a0e95e857d4027ba6ed828a116ec
TIMETABLE_BAND person=24 physical=-15750,11250 action=Arrived intent=performance.stage-entry instrument=True
TIMETABLE_BAND person=25 physical=-16750,9250 action=Arrived intent=performance.stage-entry instrument=True
TIMETABLE_BAND person=26 physical=-17250,12250 action=Arrived intent=performance.stage-entry instrument=False
TIMETABLE_STATE name=checkpoint tick=2848 slot=0 phase=Live ready=3 people=32 performers=9 admitted=32 departed=0 status=Playing hash=71da73ebcc1a275c15379cfe862a0e54071b0b0f6b6dfe694e1f9b12310af758
TIMETABLE_BAND person=24 physical=-15750,11250 action=Arrived intent=performance.stage-entry instrument=True
TIMETABLE_BAND person=25 physical=-16750,9250 action=Arrived intent=performance.stage-entry instrument=True
TIMETABLE_BAND person=26 physical=-17250,12250 action=Arrived intent=performance.stage-entry instrument=False
TIMETABLE_STATE name=checkpoint tick=2864 slot=0 phase=Live ready=3 people=32 performers=9 admitted=32 departed=0 status=Playing hash=d654abfc396c0f19453462f4db14da8fee823b307900eb39947efb005d0f8058
TIMETABLE_BAND person=24 physical=-15750,11250 action=Arrived intent=performance.stage-entry instrument=True
TIMETABLE_BAND person=25 physical=-16750,9250 action=Arrived intent=performance.stage-entry instrument=True
TIMETABLE_BAND person=26 physical=-17250,12250 action=Arrived intent=performance.stage-entry instrument=False
TIMETABLE_STATE name=checkpoint tick=2880 slot=0 phase=Live ready=3 people=32 performers=9 admitted=32 departed=0 status=Playing hash=c4da2b05267134c92ed63021439e6c37ac218cfb8e908bc9a5d89ffa0f39383b
TIMETABLE_BAND person=24 physical=-15750,11250 action=Arrived intent=performance.stage-entry instrument=True
TIMETABLE_BAND person=25 physical=-16750,9250 action=Arrived intent=performance.stage-entry instrument=True
TIMETABLE_BAND person=26 physical=-17250,12250 action=Arrived intent=performance.stage-entry instrument=False
TIMETABLE_STATE name=checkpoint tick=2896 slot=0 phase=Live ready=3 people=32 performers=9 admitted=32 departed=0 status=Playing hash=16fb9c77393002fed067a6c7d24c985fdd723189798f7e89202eed8ead902d3e
TIMETABLE_BAND person=24 physical=-15750,11250 action=Arrived intent=performance.stage-entry instrument=True
TIMETABLE_BAND person=25 physical=-16750,9250 action=Arrived intent=performance.stage-entry instrument=True
TIMETABLE_BAND person=26 physical=-17250,12250 action=Arrived intent=performance.stage-entry instrument=False
TIMETABLE_STATE name=checkpoint tick=2912 slot=0 phase=Live ready=3 people=32 performers=9 admitted=32 departed=0 status=Playing hash=e4776261b77e7306d99ab6ed3159af08a29fbfd6d636f6768868b4898150e89e
TIMETABLE_BAND person=24 physical=-15750,11250 action=Arrived intent=performance.stage-entry instrument=True
TIMETABLE_BAND person=25 physical=-16750,9250 action=Arrived intent=performance.stage-entry instrument=True
TIMETABLE_BAND person=26 physical=-17250,12250 action=Arrived intent=performance.stage-entry instrument=False
TIMETABLE_STATE name=checkpoint tick=2928 slot=0 phase=Live ready=3 people=32 performers=9 admitted=32 departed=0 status=Playing hash=8de9f41952cf455cd3b4c227f30bf032163897cb180d567b4826e90a543dcffe
TIMETABLE_BAND person=24 physical=-15750,11250 action=Arrived intent=performance.stage-entry instrument=True
TIMETABLE_BAND person=25 physical=-16750,9250 action=Arrived intent=performance.stage-entry instrument=True
TIMETABLE_BAND person=26 physical=-17250,12250 action=Arrived intent=performance.stage-entry instrument=False
TIMETABLE_STATE name=checkpoint tick=2944 slot=0 phase=Live ready=3 people=32 performers=9 admitted=32 departed=0 status=Playing hash=e98c3ac9e28537226abebdd3562e906fced96effd19c3cb9c3d4c364eb53933a
TIMETABLE_BAND person=24 physical=-15750,11250 action=Arrived intent=performance.stage-entry instrument=True
TIMETABLE_BAND person=25 physical=-16750,9250 action=Arrived intent=performance.stage-entry instrument=True
TIMETABLE_BAND person=26 physical=-17250,12250 action=Arrived intent=performance.stage-entry instrument=False
TIMETABLE_STATE name=checkpoint tick=2960 slot=0 phase=Live ready=3 people=32 performers=9 admitted=32 departed=0 status=Playing hash=419911fa6ab3c9033108355ebbee5ed4c1bc0235aa7c91c079398d19923e0ea9
TIMETABLE_BAND person=24 physical=-15750,11250 action=Arrived intent=performance.stage-entry instrument=True
TIMETABLE_BAND person=25 physical=-16750,9250 action=Arrived intent=performance.stage-entry instrument=True
TIMETABLE_BAND person=26 physical=-17250,12250 action=Arrived intent=performance.stage-entry instrument=False
TIMETABLE_STATE name=checkpoint tick=2976 slot=0 phase=Live ready=3 people=32 performers=9 admitted=32 departed=0 status=Playing hash=9aea5603d73ececfc616390c51ff2464e50b7b25b3c29b2ea5db15803e5aba94
TIMETABLE_BAND person=24 physical=-15750,11250 action=Arrived intent=performance.stage-entry instrument=True
TIMETABLE_BAND person=25 physical=-16750,9250 action=Arrived intent=performance.stage-entry instrument=True
TIMETABLE_BAND person=26 physical=-17250,12250 action=Arrived intent=performance.stage-entry instrument=False
TIMETABLE_STATE name=checkpoint tick=2992 slot=0 phase=Live ready=3 people=32 performers=9 admitted=32 departed=0 status=Playing hash=d691c880778a110b4969342a77251f713080a8037cec93f55a243494c845f016
TIMETABLE_BAND person=24 physical=-15750,11250 action=Arrived intent=performance.stage-entry instrument=True
TIMETABLE_BAND person=25 physical=-16750,9250 action=Arrived intent=performance.stage-entry instrument=True
TIMETABLE_BAND person=26 physical=-17250,12250 action=Arrived intent=performance.stage-entry instrument=False
TIMETABLE_STATE name=checkpoint tick=3008 slot=0 phase=Live ready=3 people=32 performers=9 admitted=32 departed=0 status=Playing hash=974c68e834c1e6362cd446c5b1a51b1621d107835a1730f33243667b69574274
TIMETABLE_BAND person=24 physical=-15750,11250 action=Arrived intent=performance.stage-entry instrument=True
TIMETABLE_BAND person=25 physical=-16750,9250 action=Arrived intent=performance.stage-entry instrument=True
TIMETABLE_BAND person=26 physical=-17250,12250 action=Arrived intent=performance.stage-entry instrument=False
TIMETABLE_STATE name=checkpoint tick=3024 slot=0 phase=Live ready=3 people=32 performers=9 admitted=32 departed=0 status=Playing hash=7f1664b491ae9fd07aa90509e869b28d951c36b12776d1841d4541c518667402
TIMETABLE_BAND person=24 physical=-15750,11250 action=Arrived intent=performance.stage-entry instrument=True
TIMETABLE_BAND person=25 physical=-16750,9250 action=Arrived intent=performance.stage-entry instrument=True
TIMETABLE_BAND person=26 physical=-17250,12250 action=Arrived intent=performance.stage-entry instrument=False
TIMETABLE_STATE name=checkpoint tick=3040 slot=0 phase=Live ready=3 people=32 performers=9 admitted=32 departed=0 status=Playing hash=3bcceaf5c62b22edefc0eecbaf162678620f5f25a3a72e6c91135d710d0838e4
TIMETABLE_BAND person=24 physical=-15750,11250 action=Arrived intent=performance.stage-entry instrument=True
TIMETABLE_BAND person=25 physical=-16750,9250 action=Arrived intent=performance.stage-entry instrument=True
TIMETABLE_BAND person=26 physical=-17250,12250 action=Arrived intent=performance.stage-entry instrument=False
TIMETABLE_STATE name=checkpoint tick=3056 slot=0 phase=Live ready=3 people=32 performers=9 admitted=32 departed=0 status=Playing hash=995fb8ed2af65cc7fe80d563e8c40abb1d9081fc422a587c6c4c6ccf4e5a0145
TIMETABLE_BAND person=24 physical=-15750,11250 action=Arrived intent=performance.stage-entry instrument=True
TIMETABLE_BAND person=25 physical=-16750,9250 action=Arrived intent=performance.stage-entry instrument=True
TIMETABLE_BAND person=26 physical=-17250,12250 action=Arrived intent=performance.stage-entry instrument=False
TIMETABLE_STATE name=checkpoint tick=3072 slot=0 phase=Live ready=3 people=32 performers=9 admitted=32 departed=0 status=Playing hash=281a8186fe00bd76b8b8215f748cf59cee3a9681f5daf8554400e8794a0c17e0
TIMETABLE_BAND person=24 physical=-15750,11250 action=Arrived intent=performance.stage-entry instrument=True
TIMETABLE_BAND person=25 physical=-16750,9250 action=Arrived intent=performance.stage-entry instrument=True
TIMETABLE_BAND person=26 physical=-17250,12250 action=Arrived intent=performance.stage-entry instrument=False
TIMETABLE_STATE name=checkpoint tick=3088 slot=0 phase=Live ready=3 people=32 performers=9 admitted=32 departed=0 status=Playing hash=e61d514e0f253832ac1e9f1ec3b14b56fc259bcadfc9a7394398fb05586182b8
TIMETABLE_BAND person=24 physical=-15750,11250 action=Arrived intent=performance.stage-entry instrument=True
TIMETABLE_BAND person=25 physical=-16750,9250 action=Arrived intent=performance.stage-entry instrument=True
TIMETABLE_BAND person=26 physical=-17250,12250 action=Arrived intent=performance.stage-entry instrument=False
TIMETABLE_STATE name=checkpoint tick=3104 slot=0 phase=Live ready=3 people=32 performers=9 admitted=32 departed=0 status=Playing hash=a8d0f21cd9f6d89002d556dbae76d0321f17bf6ab4657df9574fa4226dc3d7b0
TIMETABLE_BAND person=24 physical=-15750,11250 action=Arrived intent=performance.stage-entry instrument=True
TIMETABLE_BAND person=25 physical=-16750,9250 action=Arrived intent=performance.stage-entry instrument=True
TIMETABLE_BAND person=26 physical=-17250,12250 action=Arrived intent=performance.stage-entry instrument=False
TIMETABLE_STATE name=checkpoint tick=3120 slot=0 phase=Live ready=3 people=32 performers=9 admitted=32 departed=0 status=Playing hash=fa4eedf62ed8246fbc58aba10691bfbb8c49d4a9d9a75b53dbd61c765a507aae
TIMETABLE_BAND person=24 physical=-15750,11250 action=Arrived intent=performance.stage-entry instrument=True
TIMETABLE_BAND person=25 physical=-16750,9250 action=Arrived intent=performance.stage-entry instrument=True
TIMETABLE_BAND person=26 physical=-17250,12250 action=Arrived intent=performance.stage-entry instrument=False
TIMETABLE_STATE name=checkpoint tick=3136 slot=0 phase=Live ready=3 people=32 performers=9 admitted=32 departed=0 status=Playing hash=baaafa95422021dc223f2d1275326778a8500e7aad471c2e84dd16e24ab3d580
TIMETABLE_BAND person=24 physical=-15750,11250 action=Arrived intent=performance.stage-entry instrument=True
TIMETABLE_BAND person=25 physical=-16750,9250 action=Arrived intent=performance.stage-entry instrument=True
TIMETABLE_BAND person=26 physical=-17250,12250 action=Arrived intent=performance.stage-entry instrument=False
TIMETABLE_STATE name=checkpoint tick=3152 slot=0 phase=Live ready=3 people=32 performers=9 admitted=32 departed=0 status=Playing hash=42facc8dc10c4e96c25697d53eceb8d6bc2a7fabf2b2d49ed3676e90cd8e3175
TIMETABLE_BAND person=24 physical=-15750,11250 action=Arrived intent=performance.stage-entry instrument=True
TIMETABLE_BAND person=25 physical=-16750,9250 action=Arrived intent=performance.stage-entry instrument=True
TIMETABLE_BAND person=26 physical=-17250,12250 action=Arrived intent=performance.stage-entry instrument=False
TIMETABLE_STATE name=checkpoint tick=3168 slot=0 phase=Live ready=3 people=32 performers=9 admitted=32 departed=0 status=Playing hash=45dc36753a7d2d78d6e5fd304a9ab1befe27bc37c9ef0df0c5ca0089d3167425
TIMETABLE_BAND person=24 physical=-15750,11250 action=Arrived intent=performance.stage-entry instrument=True
TIMETABLE_BAND person=25 physical=-16750,9250 action=Arrived intent=performance.stage-entry instrument=True
TIMETABLE_BAND person=26 physical=-17250,12250 action=Arrived intent=performance.stage-entry instrument=False
TIMETABLE_STATE name=checkpoint tick=3184 slot=0 phase=Live ready=3 people=32 performers=9 admitted=32 departed=0 status=Playing hash=498f06936a337d72cbc5200e28c42e1406f746fa1f577fcc33021aeec4561fd7
TIMETABLE_BAND person=24 physical=-15750,11250 action=Arrived intent=performance.stage-entry instrument=True
TIMETABLE_BAND person=25 physical=-16750,9250 action=Arrived intent=performance.stage-entry instrument=True
TIMETABLE_BAND person=26 physical=-17250,12250 action=Arrived intent=performance.stage-entry instrument=False
TIMETABLE_STATE name=checkpoint tick=3200 slot=0 phase=Live ready=3 people=32 performers=9 admitted=32 departed=0 status=Playing hash=f4dfb68521ad2d10baa60fb295882b5c4cea3e8cfa08c6e68fcf289180d975f3
TIMETABLE_BAND person=24 physical=-15750,11250 action=Arrived intent=performance.stage-entry instrument=True
TIMETABLE_BAND person=25 physical=-16750,9250 action=Arrived intent=performance.stage-entry instrument=True
TIMETABLE_BAND person=26 physical=-17250,12250 action=Arrived intent=performance.stage-entry instrument=False
TIMETABLE_STATE name=checkpoint tick=3216 slot=0 phase=Live ready=3 people=32 performers=9 admitted=32 departed=0 status=Playing hash=67a2361fb5cd44004e8b872686d141ef4dc6a63de96aa202edc59d5654bf272f
TIMETABLE_BAND person=24 physical=-15750,11250 action=Arrived intent=performance.stage-entry instrument=True
TIMETABLE_BAND person=25 physical=-16750,9250 action=Arrived intent=performance.stage-entry instrument=True
TIMETABLE_BAND person=26 physical=-17250,12250 action=Arrived intent=performance.stage-entry instrument=False
TIMETABLE_STATE name=checkpoint tick=3232 slot=0 phase=Live ready=3 people=32 performers=9 admitted=32 departed=0 status=Playing hash=d4d95b26a69ae310e41685680de5d9a592aa76f7518d3f3c11cce69518011db1
TIMETABLE_BAND person=24 physical=-15750,11250 action=Arrived intent=performance.stage-entry instrument=True
TIMETABLE_BAND person=25 physical=-16750,9250 action=Arrived intent=performance.stage-entry instrument=True
TIMETABLE_BAND person=26 physical=-17250,12250 action=Arrived intent=performance.stage-entry instrument=False
TIMETABLE_STATE name=checkpoint tick=3248 slot=0 phase=Live ready=3 people=32 performers=9 admitted=32 departed=0 status=Playing hash=dd6828c2e2ad8a8d05b18563cb150da6aa7b5cdc9b7b0b905ef24fb267c09c0d
TIMETABLE_BAND person=24 physical=-15750,11250 action=Arrived intent=performance.stage-entry instrument=True
TIMETABLE_BAND person=25 physical=-16750,9250 action=Arrived intent=performance.stage-entry instrument=True
TIMETABLE_BAND person=26 physical=-17250,12250 action=Arrived intent=performance.stage-entry instrument=False
TIMETABLE_STATE name=checkpoint tick=3264 slot=0 phase=Live ready=3 people=32 performers=9 admitted=32 departed=0 status=Playing hash=5b00745579b948a0637d585064116c148660296cf127c42a4f87a889ca14b1bb
TIMETABLE_BAND person=24 physical=-15750,11250 action=Arrived intent=performance.stage-entry instrument=True
TIMETABLE_BAND person=25 physical=-16750,9250 action=Arrived intent=performance.stage-entry instrument=True
TIMETABLE_BAND person=26 physical=-17250,12250 action=Arrived intent=performance.stage-entry instrument=False
TIMETABLE_STATE name=checkpoint tick=3280 slot=0 phase=Live ready=3 people=32 performers=9 admitted=32 departed=0 status=Playing hash=34d100d8230e83efc28df37b857d35db998ea3f7a66befda50643dee42a1139d
TIMETABLE_BAND person=24 physical=-15750,11250 action=Arrived intent=performance.stage-entry instrument=True
TIMETABLE_BAND person=25 physical=-16750,9250 action=Arrived intent=performance.stage-entry instrument=True
TIMETABLE_BAND person=26 physical=-17250,12250 action=Arrived intent=performance.stage-entry instrument=False
TIMETABLE_STATE name=checkpoint tick=3296 slot=0 phase=Live ready=3 people=32 performers=9 admitted=32 departed=0 status=Playing hash=b03dd1d2a177686cdb28255e5b63a557297407b4a31b6b245a8ff9064cc7ccfd
TIMETABLE_BAND person=24 physical=-15750,11250 action=Arrived intent=performance.stage-entry instrument=True
TIMETABLE_BAND person=25 physical=-16750,9250 action=Arrived intent=performance.stage-entry instrument=True
TIMETABLE_BAND person=26 physical=-17250,12250 action=Arrived intent=performance.stage-entry instrument=False
TIMETABLE_STATE name=checkpoint tick=3312 slot=0 phase=Live ready=3 people=32 performers=9 admitted=32 departed=0 status=Playing hash=e1f9bd5c4abcf3dd732d82445ccb2397c0fe8ae482145843e5c0b9e8dd4b8de2
TIMETABLE_BAND person=24 physical=-15750,11250 action=Arrived intent=performance.stage-entry instrument=True
TIMETABLE_BAND person=25 physical=-16750,9250 action=Arrived intent=performance.stage-entry instrument=True
TIMETABLE_BAND person=26 physical=-17250,12250 action=Arrived intent=performance.stage-entry instrument=False
TIMETABLE_STATE name=checkpoint tick=3328 slot=0 phase=Live ready=3 people=32 performers=9 admitted=32 departed=0 status=Playing hash=fdc12ddeb5188ae2587d421227227232c3f73921ccd5baee691882cf3001d110
TIMETABLE_BAND person=24 physical=-15750,11250 action=Arrived intent=performance.stage-entry instrument=True
TIMETABLE_BAND person=25 physical=-16750,9250 action=Arrived intent=performance.stage-entry instrument=True
TIMETABLE_BAND person=26 physical=-17250,12250 action=Arrived intent=performance.stage-entry instrument=False
TIMETABLE_STATE name=checkpoint tick=3344 slot=0 phase=Live ready=3 people=32 performers=9 admitted=32 departed=0 status=Playing hash=e16e285a92838bd66685905a71ef5fb71cb688756ca866de05407e1dedcfdae3
TIMETABLE_BAND person=24 physical=-15750,11250 action=Arrived intent=performance.stage-entry instrument=True
TIMETABLE_BAND person=25 physical=-16750,9250 action=Arrived intent=performance.stage-entry instrument=True
TIMETABLE_BAND person=26 physical=-17250,12250 action=Arrived intent=performance.stage-entry instrument=False
TIMETABLE_STATE name=checkpoint tick=3360 slot=0 phase=Live ready=3 people=32 performers=9 admitted=32 departed=0 status=Playing hash=9966c0699869a9083085044a559bcfec8746323a85ccdbb28d4a612231d0d2a5
TIMETABLE_BAND person=24 physical=-15750,11250 action=Arrived intent=performance.stage-entry instrument=True
TIMETABLE_BAND person=25 physical=-16750,9250 action=Arrived intent=performance.stage-entry instrument=True
TIMETABLE_BAND person=26 physical=-17250,12250 action=Arrived intent=performance.stage-entry instrument=False
TIMETABLE_STATE name=checkpoint tick=3376 slot=0 phase=Live ready=3 people=32 performers=9 admitted=32 departed=0 status=Playing hash=e345f8029ab1463815f1a818813bb2f4dc3233e8e5397e93bc9a705f417d29b4
TIMETABLE_BAND person=24 physical=-15750,11250 action=Arrived intent=performance.stage-entry instrument=True
TIMETABLE_BAND person=25 physical=-16750,9250 action=Arrived intent=performance.stage-entry instrument=True
TIMETABLE_BAND person=26 physical=-17250,12250 action=Arrived intent=performance.stage-entry instrument=False
TIMETABLE_STATE name=checkpoint tick=3392 slot=0 phase=Live ready=3 people=32 performers=9 admitted=32 departed=0 status=Playing hash=e4496828b7f374879c98dbd7804812f7db016b8875e3c17e18a93e2f71212f63
TIMETABLE_BAND person=24 physical=-15750,11250 action=Arrived intent=performance.stage-entry instrument=True
TIMETABLE_BAND person=25 physical=-16750,9250 action=Arrived intent=performance.stage-entry instrument=True
TIMETABLE_BAND person=26 physical=-17250,12250 action=Arrived intent=performance.stage-entry instrument=False
TIMETABLE_STATE name=checkpoint tick=3408 slot=0 phase=Live ready=3 people=32 performers=9 admitted=32 departed=0 status=Playing hash=8a32f0a5c298da27988cae89d0c06635d3d7dc01265b9df4f945446b2dcfe7b4
TIMETABLE_BAND person=24 physical=-15750,11250 action=Arrived intent=performance.stage-entry instrument=True
TIMETABLE_BAND person=25 physical=-16750,9250 action=Arrived intent=performance.stage-entry instrument=True
TIMETABLE_BAND person=26 physical=-17250,12250 action=Arrived intent=performance.stage-entry instrument=False
TIMETABLE_STATE name=checkpoint tick=3424 slot=0 phase=Live ready=3 people=32 performers=9 admitted=32 departed=0 status=Playing hash=af48a4ec463e9afb8df7a61725b9e9e7e607d7ed67b9081721e77ec257425a7f
TIMETABLE_BAND person=24 physical=-15750,11250 action=Arrived intent=performance.stage-entry instrument=True
TIMETABLE_BAND person=25 physical=-16750,9250 action=Arrived intent=performance.stage-entry instrument=True
TIMETABLE_BAND person=26 physical=-17250,12250 action=Arrived intent=performance.stage-entry instrument=False
TIMETABLE_STATE name=checkpoint tick=3440 slot=0 phase=Live ready=3 people=32 performers=9 admitted=32 departed=0 status=Playing hash=54aef7ba77d41f6a0f8cb6992e0e9a9ca8db702f33858de80ef96ee4a11a4da4
TIMETABLE_BAND person=24 physical=-15750,11250 action=Arrived intent=performance.stage-entry instrument=True
TIMETABLE_BAND person=25 physical=-16750,9250 action=Arrived intent=performance.stage-entry instrument=True
TIMETABLE_BAND person=26 physical=-17250,12250 action=Arrived intent=performance.stage-entry instrument=False
TIMETABLE_STATE name=checkpoint tick=3456 slot=0 phase=Live ready=3 people=32 performers=9 admitted=32 departed=0 status=Playing hash=cafd38a978c83926a8c78dc8aa0fd6bb969d67f1b256f420368d34b488c5b1f5
TIMETABLE_BAND person=24 physical=-15750,11250 action=Arrived intent=performance.stage-entry instrument=True
TIMETABLE_BAND person=25 physical=-16750,9250 action=Arrived intent=performance.stage-entry instrument=True
TIMETABLE_BAND person=26 physical=-17250,12250 action=Arrived intent=performance.stage-entry instrument=False
TIMETABLE_STATE name=checkpoint tick=3472 slot=0 phase=Live ready=3 people=32 performers=9 admitted=32 departed=0 status=Playing hash=3e13ca9e4642c1929424f17f8e457c0d74ba2088a275ef57511a94230644d505
TIMETABLE_BAND person=24 physical=-15750,11250 action=Arrived intent=performance.stage-entry instrument=True
TIMETABLE_BAND person=25 physical=-16750,9250 action=Arrived intent=performance.stage-entry instrument=True
TIMETABLE_BAND person=26 physical=-17250,12250 action=Arrived intent=performance.stage-entry instrument=False
TIMETABLE_STATE name=checkpoint tick=3488 slot=0 phase=Live ready=3 people=32 performers=9 admitted=32 departed=0 status=Playing hash=8e20aeeeb837a8d80b4c6b03694b8f74e77854123ff7db08fe5fe04d862f6801
TIMETABLE_BAND person=24 physical=-15750,11250 action=Arrived intent=performance.stage-entry instrument=True
TIMETABLE_BAND person=25 physical=-16750,9250 action=Arrived intent=performance.stage-entry instrument=True
TIMETABLE_BAND person=26 physical=-17250,12250 action=Arrived intent=performance.stage-entry instrument=False
TIMETABLE_STATE name=checkpoint tick=3504 slot=0 phase=Live ready=3 people=32 performers=9 admitted=32 departed=0 status=Playing hash=306c1e674996c3b8b3ad324602b03ac80ddbd033b27634ad559c2319ac50661c
TIMETABLE_BAND person=24 physical=-15750,11250 action=Arrived intent=performance.stage-entry instrument=True
TIMETABLE_BAND person=25 physical=-16750,9250 action=Arrived intent=performance.stage-entry instrument=True
TIMETABLE_BAND person=26 physical=-17250,12250 action=Arrived intent=performance.stage-entry instrument=False
TIMETABLE_STATE name=checkpoint tick=3520 slot=0 phase=Live ready=3 people=32 performers=9 admitted=32 departed=0 status=Playing hash=2c602e83ff00608c8bf85ee596323193a5c73b967850105590cd86e9305971e6
TIMETABLE_BAND person=24 physical=-15750,11250 action=Arrived intent=performance.stage-entry instrument=True
TIMETABLE_BAND person=25 physical=-16750,9250 action=Arrived intent=performance.stage-entry instrument=True
TIMETABLE_BAND person=26 physical=-17250,12250 action=Arrived intent=performance.stage-entry instrument=False
TIMETABLE_STATE name=checkpoint tick=3536 slot=0 phase=Live ready=3 people=32 performers=9 admitted=32 departed=0 status=Playing hash=21d3d4233a45235eaf771dedbbf3fee8a48ba4c8dd98eb0eaefee3501dd7f8f7
TIMETABLE_BAND person=24 physical=-15750,11250 action=Arrived intent=performance.stage-entry instrument=True
TIMETABLE_BAND person=25 physical=-16750,9250 action=Arrived intent=performance.stage-entry instrument=True
TIMETABLE_BAND person=26 physical=-17250,12250 action=Arrived intent=performance.stage-entry instrument=False
TIMETABLE_STATE name=checkpoint tick=3552 slot=0 phase=Live ready=3 people=32 performers=9 admitted=32 departed=0 status=Playing hash=ef6ebe6bb91553195f57b2ebe1093935e6dc6fe219118dff83b8d1299ca13e02
TIMETABLE_BAND person=24 physical=-15750,11250 action=Arrived intent=performance.stage-entry instrument=True
TIMETABLE_BAND person=25 physical=-16750,9250 action=Arrived intent=performance.stage-entry instrument=True
TIMETABLE_BAND person=26 physical=-17250,12250 action=Arrived intent=performance.stage-entry instrument=False
TIMETABLE_STATE name=checkpoint tick=3568 slot=0 phase=Live ready=3 people=32 performers=9 admitted=32 departed=0 status=Playing hash=2b667a6bc3cb6435672655997feea5e77791033bc061d3ea996c335ccc23cdbe
TIMETABLE_BAND person=24 physical=-15750,11250 action=Arrived intent=performance.stage-entry instrument=True
TIMETABLE_BAND person=25 physical=-16750,9250 action=Arrived intent=performance.stage-entry instrument=True
TIMETABLE_BAND person=26 physical=-17250,12250 action=Arrived intent=performance.stage-entry instrument=False
TIMETABLE_STATE name=checkpoint tick=3584 slot=0 phase=Live ready=3 people=32 performers=9 admitted=32 departed=0 status=Playing hash=24db2cdd171226d554cde70d680cc035570ce888a804952839cf2f50e529d60b
TIMETABLE_BAND person=24 physical=-15750,11250 action=Arrived intent=performance.stage-entry instrument=True
TIMETABLE_BAND person=25 physical=-16750,9250 action=Arrived intent=performance.stage-entry instrument=True
TIMETABLE_BAND person=26 physical=-17250,12250 action=Arrived intent=performance.stage-entry instrument=False
TIMETABLE_STATE name=checkpoint tick=3600 slot=0 phase=Live ready=3 people=32 performers=9 admitted=32 departed=0 status=Playing hash=1d5c44096a79df911be86d6ab1e2c7fd1162a6cb05691970607f9bebbc53f786
TIMETABLE_BAND person=24 physical=-15750,11250 action=Arrived intent=performance.stage-entry instrument=True
TIMETABLE_BAND person=25 physical=-16750,9250 action=Arrived intent=performance.stage-entry instrument=True
TIMETABLE_BAND person=26 physical=-17250,12250 action=Arrived intent=performance.stage-entry instrument=False
TIMETABLE_STATE name=checkpoint tick=3616 slot=0 phase=Live ready=3 people=32 performers=9 admitted=32 departed=0 status=Playing hash=5fb0a8a978bb786f14cb0866bbf8d25650b80488137520e3f0d64a43eab0fbdb
TIMETABLE_BAND person=24 physical=-15750,11250 action=Arrived intent=performance.stage-entry instrument=True
TIMETABLE_BAND person=25 physical=-16750,9250 action=Arrived intent=performance.stage-entry instrument=True
TIMETABLE_BAND person=26 physical=-17250,12250 action=Arrived intent=performance.stage-entry instrument=False
TIMETABLE_STATE name=checkpoint tick=3632 slot=0 phase=Live ready=3 people=32 performers=9 admitted=32 departed=0 status=Playing hash=767626456765c77c08d75301aa5391a4c6b9cc8ac821ceea5ee8f453064316be
TIMETABLE_BAND person=24 physical=-15750,11250 action=Arrived intent=performance.stage-entry instrument=True
TIMETABLE_BAND person=25 physical=-16750,9250 action=Arrived intent=performance.stage-entry instrument=True
TIMETABLE_BAND person=26 physical=-17250,12250 action=Arrived intent=performance.stage-entry instrument=False
TIMETABLE_STATE name=checkpoint tick=3648 slot=0 phase=Live ready=3 people=32 performers=9 admitted=32 departed=0 status=Playing hash=7e59724cb9ca1a78fd42430821bedb9955659a2a10704974a6b1aba8482d4408
TIMETABLE_BAND person=24 physical=-15750,11250 action=Arrived intent=performance.stage-entry instrument=True
TIMETABLE_BAND person=25 physical=-16750,9250 action=Arrived intent=performance.stage-entry instrument=True
TIMETABLE_BAND person=26 physical=-17250,12250 action=Arrived intent=performance.stage-entry instrument=False
TIMETABLE_STATE name=checkpoint tick=3664 slot=0 phase=Live ready=3 people=32 performers=9 admitted=32 departed=0 status=Playing hash=bc884c21579cf48eaefe57084a420b430660ecbc4df76e079f005b3b7ed45610
TIMETABLE_BAND person=24 physical=-15750,11250 action=Arrived intent=performance.stage-entry instrument=True
TIMETABLE_BAND person=25 physical=-16750,9250 action=Arrived intent=performance.stage-entry instrument=True
TIMETABLE_BAND person=26 physical=-17250,12250 action=Arrived intent=performance.stage-entry instrument=False
TIMETABLE_STATE name=checkpoint tick=3680 slot=0 phase=Live ready=3 people=32 performers=9 admitted=32 departed=0 status=Playing hash=3a65c101e88925625e67603f299d5d3fc80970e89a1ddab6645ede8ee9e57728
TIMETABLE_BAND person=24 physical=-15750,11250 action=Arrived intent=performance.stage-entry instrument=True
TIMETABLE_BAND person=25 physical=-16750,9250 action=Arrived intent=performance.stage-entry instrument=True
TIMETABLE_BAND person=26 physical=-17250,12250 action=Arrived intent=performance.stage-entry instrument=False
TIMETABLE_STATE name=checkpoint tick=3696 slot=0 phase=Live ready=3 people=32 performers=9 admitted=32 departed=0 status=Playing hash=9f3f6b0a036c16d18ed3c975c233c5aa5649c87849e9439d31b6e33ed4cfc8c2
TIMETABLE_BAND person=24 physical=-15750,11250 action=Arrived intent=performance.stage-entry instrument=True
TIMETABLE_BAND person=25 physical=-16750,9250 action=Arrived intent=performance.stage-entry instrument=True
TIMETABLE_BAND person=26 physical=-17250,12250 action=Arrived intent=performance.stage-entry instrument=False
TIMETABLE_STATE name=checkpoint tick=3712 slot=0 phase=Live ready=3 people=32 performers=9 admitted=32 departed=0 status=Playing hash=e4dd221a29259fe3daff3ca1f669b340ecb0f25a74a3470ed8ad262ce4020393
TIMETABLE_BAND person=24 physical=-15750,11250 action=Arrived intent=performance.stage-entry instrument=True
TIMETABLE_BAND person=25 physical=-16750,9250 action=Arrived intent=performance.stage-entry instrument=True
TIMETABLE_BAND person=26 physical=-17250,12250 action=Arrived intent=performance.stage-entry instrument=False
TIMETABLE_STATE name=checkpoint tick=3728 slot=0 phase=Live ready=3 people=32 performers=9 admitted=32 departed=0 status=Playing hash=dc44c1481dfe333a6ffba42253c7b8133e1f50edd495c5d687311559edfde510
TIMETABLE_BAND person=24 physical=-15750,11250 action=Arrived intent=performance.stage-entry instrument=True
TIMETABLE_BAND person=25 physical=-16750,9250 action=Arrived intent=performance.stage-entry instrument=True
TIMETABLE_BAND person=26 physical=-17250,12250 action=Arrived intent=performance.stage-entry instrument=False
TIMETABLE_STATE name=checkpoint tick=3744 slot=0 phase=Live ready=3 people=32 performers=9 admitted=32 departed=0 status=Playing hash=dc3c455b4b923bfeb0bebb0578315e16d20b272226f2e40de15ea71ad3d4acff
TIMETABLE_BAND person=24 physical=-15750,11250 action=Arrived intent=performance.stage-entry instrument=True
TIMETABLE_BAND person=25 physical=-16750,9250 action=Arrived intent=performance.stage-entry instrument=True
TIMETABLE_BAND person=26 physical=-17250,12250 action=Arrived intent=performance.stage-entry instrument=False
TIMETABLE_STATE name=checkpoint tick=3760 slot=0 phase=Live ready=3 people=32 performers=9 admitted=32 departed=0 status=Playing hash=dda04c4a44a4f7c34cb617372edaaf24504791715f4fe49912ecc1e3d0ff3e53
TIMETABLE_BAND person=24 physical=-15750,11250 action=Arrived intent=performance.stage-entry instrument=True
TIMETABLE_BAND person=25 physical=-16750,9250 action=Arrived intent=performance.stage-entry instrument=True
TIMETABLE_BAND person=26 physical=-17250,12250 action=Arrived intent=performance.stage-entry instrument=False
TIMETABLE_STATE name=checkpoint tick=3776 slot=0 phase=Live ready=3 people=32 performers=9 admitted=32 departed=0 status=Playing hash=24ab52831722ec942dc7e7c994bc06b79e642d9a6f31f990192fa30cfbc96ab7
TIMETABLE_BAND person=24 physical=-15750,11250 action=Arrived intent=performance.stage-entry instrument=True
TIMETABLE_BAND person=25 physical=-16750,9250 action=Arrived intent=performance.stage-entry instrument=True
TIMETABLE_BAND person=26 physical=-17250,12250 action=Arrived intent=performance.stage-entry instrument=False
TIMETABLE_STATE name=checkpoint tick=3792 slot=0 phase=Live ready=3 people=32 performers=9 admitted=32 departed=0 status=Playing hash=60d9807d24a603eaca4227e8916da7013544a79648f62974d0f3044c05e13a78
TIMETABLE_BAND person=24 physical=-15750,11250 action=Arrived intent=performance.stage-entry instrument=True
TIMETABLE_BAND person=25 physical=-16750,9250 action=Arrived intent=performance.stage-entry instrument=True
TIMETABLE_BAND person=26 physical=-17250,12250 action=Arrived intent=performance.stage-entry instrument=False
TIMETABLE_STATE name=checkpoint tick=3808 slot=0 phase=Live ready=3 people=32 performers=9 admitted=32 departed=0 status=Playing hash=109cdd05e850cd742a4d81830a60e22842c94a0b5ffa6e71ca048b5f302b1790
TIMETABLE_BAND person=24 physical=-15750,11250 action=Arrived intent=performance.stage-entry instrument=True
TIMETABLE_BAND person=25 physical=-16750,9250 action=Arrived intent=performance.stage-entry instrument=True
TIMETABLE_BAND person=26 physical=-17250,12250 action=Arrived intent=performance.stage-entry instrument=False
TIMETABLE_STATE name=checkpoint tick=3824 slot=0 phase=Live ready=3 people=32 performers=9 admitted=32 departed=0 status=Playing hash=8d13a36d5950ef5f56485d3249c41b8a1aac7b3113bfedbe264629ae7a2cc8d2
TIMETABLE_BAND person=24 physical=-15750,11250 action=Arrived intent=performance.stage-entry instrument=True
TIMETABLE_BAND person=25 physical=-16750,9250 action=Arrived intent=performance.stage-entry instrument=True
TIMETABLE_BAND person=26 physical=-17250,12250 action=Arrived intent=performance.stage-entry instrument=False
TIMETABLE_STATE name=checkpoint tick=3840 slot=0 phase=Live ready=3 people=32 performers=9 admitted=32 departed=0 status=Playing hash=e4b8ac38412caa0e081d086a401d58ee439525c3816a078e0caec639bd6707e0
TIMETABLE_BAND person=24 physical=-15750,11250 action=Arrived intent=performance.stage-entry instrument=True
TIMETABLE_BAND person=25 physical=-16750,9250 action=Arrived intent=performance.stage-entry instrument=True
TIMETABLE_BAND person=26 physical=-17250,12250 action=Arrived intent=performance.stage-entry instrument=False
TIMETABLE_STATE name=checkpoint tick=3856 slot=0 phase=Live ready=3 people=32 performers=9 admitted=32 departed=0 status=Playing hash=7b2aaa6f66c823e1f85d7ecf5a78b182e27531dba9be41780cd0cb51588812a6
TIMETABLE_BAND person=24 physical=-15750,11250 action=Arrived intent=performance.stage-entry instrument=True
TIMETABLE_BAND person=25 physical=-16750,9250 action=Arrived intent=performance.stage-entry instrument=True
TIMETABLE_BAND person=26 physical=-17250,12250 action=Arrived intent=performance.stage-entry instrument=False
TIMETABLE_STATE name=checkpoint tick=3872 slot=0 phase=Live ready=3 people=32 performers=9 admitted=32 departed=0 status=Playing hash=a84be0a2868eee77b12f459c9df8d191b8bac69920248aadf97ecda54f792419
TIMETABLE_BAND person=24 physical=-15750,11250 action=Arrived intent=performance.stage-entry instrument=True
TIMETABLE_BAND person=25 physical=-16750,9250 action=Arrived intent=performance.stage-entry instrument=True
TIMETABLE_BAND person=26 physical=-17250,12250 action=Arrived intent=performance.stage-entry instrument=False
TIMETABLE_STATE name=checkpoint tick=3888 slot=0 phase=Live ready=3 people=32 performers=9 admitted=32 departed=0 status=Playing hash=311dbf80ed0200e9e7bbcec9f55de01c6a2f3bacea7b72aa8ee598ec9f60d3d4
TIMETABLE_BAND person=24 physical=-15750,11250 action=Arrived intent=performance.stage-entry instrument=True
TIMETABLE_BAND person=25 physical=-16750,9250 action=Arrived intent=performance.stage-entry instrument=True
TIMETABLE_BAND person=26 physical=-17250,12250 action=Arrived intent=performance.stage-entry instrument=False
TIMETABLE_STATE name=checkpoint tick=3904 slot=0 phase=Live ready=3 people=32 performers=9 admitted=32 departed=0 status=Playing hash=3613e675d6c023febb4f196ab9bb6676096597a3c02a3c5e684f89296cc0fbbf
TIMETABLE_BAND person=24 physical=-15750,11250 action=Arrived intent=performance.stage-entry instrument=True
TIMETABLE_BAND person=25 physical=-16750,9250 action=Arrived intent=performance.stage-entry instrument=True
TIMETABLE_BAND person=26 physical=-17250,12250 action=Arrived intent=performance.stage-entry instrument=False
TIMETABLE_STATE name=checkpoint tick=3920 slot=0 phase=Live ready=3 people=32 performers=9 admitted=32 departed=0 status=Playing hash=0b328347c48be9e8eac3bbdb55325ddf6ca5ebfdf30608662b4efaf2e1113d55
TIMETABLE_BAND person=24 physical=-15750,11250 action=Arrived intent=performance.stage-entry instrument=True
TIMETABLE_BAND person=25 physical=-16750,9250 action=Arrived intent=performance.stage-entry instrument=True
TIMETABLE_BAND person=26 physical=-17250,12250 action=Arrived intent=performance.stage-entry instrument=False
TIMETABLE_STATE name=checkpoint tick=3936 slot=0 phase=Live ready=3 people=32 performers=9 admitted=32 departed=0 status=Playing hash=2fd13e2e545bc52685d3097cbd1bb232f93610b374dbab8029d0bf18deb1bd5f
TIMETABLE_BAND person=24 physical=-15750,11250 action=Arrived intent=performance.stage-entry instrument=True
TIMETABLE_BAND person=25 physical=-16750,9250 action=Arrived intent=performance.stage-entry instrument=True
TIMETABLE_BAND person=26 physical=-17250,12250 action=Arrived intent=performance.stage-entry instrument=False
TIMETABLE_STATE name=checkpoint tick=3952 slot=0 phase=Live ready=3 people=32 performers=9 admitted=32 departed=0 status=Playing hash=774e33a7f01f1458171ca7b73d9c444f5077f434d7a7dc5d2fef9db6450650d2
TIMETABLE_BAND person=24 physical=-15750,11250 action=Arrived intent=performance.stage-entry instrument=True
TIMETABLE_BAND person=25 physical=-16750,9250 action=Arrived intent=performance.stage-entry instrument=True
TIMETABLE_BAND person=26 physical=-17250,12250 action=Arrived intent=performance.stage-entry instrument=False
TIMETABLE_STATE name=checkpoint tick=3968 slot=0 phase=Live ready=3 people=32 performers=9 admitted=32 departed=0 status=Playing hash=ecb46c36c143e1691d0c13e8d6a65d17b65e0b6c5c3a194efbad5d9dfa4a727c
TIMETABLE_BAND person=24 physical=-15750,11250 action=Arrived intent=performance.stage-entry instrument=True
TIMETABLE_BAND person=25 physical=-16750,9250 action=Arrived intent=performance.stage-entry instrument=True
TIMETABLE_BAND person=26 physical=-17250,12250 action=Arrived intent=performance.stage-entry instrument=False
TIMETABLE_STATE name=checkpoint tick=3984 slot=0 phase=Live ready=3 people=32 performers=9 admitted=32 departed=0 status=Playing hash=cef34acb7ac7dfe3713b0f20642ffcbc270af9116fda5001b7787a219d6fa046
TIMETABLE_BAND person=24 physical=-15750,11250 action=Arrived intent=performance.stage-entry instrument=True
TIMETABLE_BAND person=25 physical=-16750,9250 action=Arrived intent=performance.stage-entry instrument=True
TIMETABLE_BAND person=26 physical=-17250,12250 action=Arrived intent=performance.stage-entry instrument=False
TIMETABLE_STATE name=checkpoint tick=4000 slot=0 phase=Live ready=3 people=32 performers=9 admitted=32 departed=0 status=Playing hash=316bd3c4cfad74cd2eb3e0860dd418c6fa7130c72c34d0a0972bde047fa66a95
TIMETABLE_BAND person=24 physical=-15750,11250 action=Arrived intent=performance.stage-entry instrument=True
TIMETABLE_BAND person=25 physical=-16750,9250 action=Arrived intent=performance.stage-entry instrument=True
TIMETABLE_BAND person=26 physical=-17250,12250 action=Arrived intent=performance.stage-entry instrument=False
TIMETABLE_STATE name=checkpoint tick=4016 slot=0 phase=Live ready=3 people=32 performers=9 admitted=32 departed=0 status=Playing hash=4739830f2fcf39410db95340b491354937d9d32800a3240f1d5e5d54cb73e549
TIMETABLE_BAND person=24 physical=-15750,11250 action=Arrived intent=performance.stage-entry instrument=True
TIMETABLE_BAND person=25 physical=-16750,9250 action=Arrived intent=performance.stage-entry instrument=True
TIMETABLE_BAND person=26 physical=-17250,12250 action=Arrived intent=performance.stage-entry instrument=False
TIMETABLE_STATE name=checkpoint tick=4032 slot=0 phase=Live ready=3 people=32 performers=9 admitted=32 departed=0 status=Playing hash=d375079362c87e6da5d7286afe00c5e2c9a20ed3815c6eabdbc570e476c892b6
TIMETABLE_BAND person=24 physical=-15750,11250 action=Arrived intent=performance.stage-entry instrument=True
TIMETABLE_BAND person=25 physical=-16750,9250 action=Arrived intent=performance.stage-entry instrument=True
TIMETABLE_BAND person=26 physical=-17250,12250 action=Arrived intent=performance.stage-entry instrument=False
TIMETABLE_STATE name=checkpoint tick=4048 slot=0 phase=Live ready=3 people=32 performers=9 admitted=32 departed=0 status=Playing hash=fef06b35a6ec21c20258771e08dabccbe8a21b1c43837954f094f8a604e1f42c
TIMETABLE_BAND person=24 physical=-15750,11250 action=Arrived intent=performance.stage-entry instrument=True
TIMETABLE_BAND person=25 physical=-16750,9250 action=Arrived intent=performance.stage-entry instrument=True
TIMETABLE_BAND person=26 physical=-17250,12250 action=Arrived intent=performance.stage-entry instrument=False
TIMETABLE_STATE name=checkpoint tick=4064 slot=0 phase=Live ready=3 people=32 performers=9 admitted=32 departed=0 status=Playing hash=debccfbac3eb3a2d348c0bed7a49678a1225f910a8e400c6d206553f89bba330
TIMETABLE_BAND person=24 physical=-15750,11250 action=Arrived intent=performance.stage-entry instrument=True
TIMETABLE_BAND person=25 physical=-16750,9250 action=Arrived intent=performance.stage-entry instrument=True
TIMETABLE_BAND person=26 physical=-17250,12250 action=Arrived intent=performance.stage-entry instrument=False
TIMETABLE_STATE name=checkpoint tick=4080 slot=0 phase=Live ready=3 people=32 performers=9 admitted=32 departed=0 status=Playing hash=0446bc36c8a8fb9c06ede9d32180fc09bdbcccc3d79aeb4d18d7915383063601
TIMETABLE_BAND person=24 physical=-15750,11250 action=Arrived intent=performance.stage-entry instrument=True
TIMETABLE_BAND person=25 physical=-16750,9250 action=Arrived intent=performance.stage-entry instrument=True
TIMETABLE_BAND person=26 physical=-17250,12250 action=Arrived intent=performance.stage-entry instrument=False
TIMETABLE_STATE name=checkpoint tick=4096 slot=0 phase=Live ready=3 people=32 performers=9 admitted=32 departed=0 status=Playing hash=0582fd3d319b4ef00d4b7053953f4d2a5be0afe315881c9c2d7113ba017cc8b8
TIMETABLE_BAND person=24 physical=-15750,11250 action=Arrived intent=performance.stage-entry instrument=True
TIMETABLE_BAND person=25 physical=-16750,9250 action=Arrived intent=performance.stage-entry instrument=True
TIMETABLE_BAND person=26 physical=-17250,12250 action=Arrived intent=performance.stage-entry instrument=False
TIMETABLE_STATE name=checkpoint tick=4112 slot=0 phase=Live ready=3 people=32 performers=9 admitted=32 departed=0 status=Playing hash=b405f1c441126ebd6ed44106a4e5ed73887c593de984927b8bae9d002a62a9c7
TIMETABLE_BAND person=24 physical=-15750,11250 action=Arrived intent=performance.stage-entry instrument=True
TIMETABLE_BAND person=25 physical=-16750,9250 action=Arrived intent=performance.stage-entry instrument=True
TIMETABLE_BAND person=26 physical=-17250,12250 action=Arrived intent=performance.stage-entry instrument=False
TIMETABLE_STATE name=checkpoint tick=4128 slot=0 phase=Live ready=3 people=32 performers=9 admitted=32 departed=0 status=Playing hash=08791926fcd473fa76daeca7d29d49484bc3ef89a7333275c8140c82915aff7c
TIMETABLE_BAND person=24 physical=-15750,11250 action=Arrived intent=performance.stage-entry instrument=True
TIMETABLE_BAND person=25 physical=-16750,9250 action=Arrived intent=performance.stage-entry instrument=True
TIMETABLE_BAND person=26 physical=-17250,12250 action=Arrived intent=performance.stage-entry instrument=False
TIMETABLE_STATE name=checkpoint tick=4144 slot=0 phase=Live ready=3 people=32 performers=9 admitted=32 departed=0 status=Playing hash=19370e7b2730e85c78a562fa86c05c1ef63fd3e2366c7fac107a0b9614d0b688
TIMETABLE_BAND person=24 physical=-15750,11250 action=Arrived intent=performance.stage-entry instrument=True
TIMETABLE_BAND person=25 physical=-16750,9250 action=Arrived intent=performance.stage-entry instrument=True
TIMETABLE_BAND person=26 physical=-17250,12250 action=Arrived intent=performance.stage-entry instrument=False
TIMETABLE_STATE name=checkpoint tick=4160 slot=0 phase=Live ready=3 people=32 performers=9 admitted=32 departed=0 status=Playing hash=50cf85553b81751c5b108ad7e0586a97ddf6abda240de267a282334973a0ca1e
TIMETABLE_BAND person=24 physical=-15750,11250 action=Arrived intent=performance.stage-entry instrument=True
TIMETABLE_BAND person=25 physical=-16750,9250 action=Arrived intent=performance.stage-entry instrument=True
TIMETABLE_BAND person=26 physical=-17250,12250 action=Arrived intent=performance.stage-entry instrument=False
TIMETABLE_STATE name=checkpoint tick=4176 slot=0 phase=Live ready=3 people=32 performers=9 admitted=32 departed=0 status=Playing hash=b4b7d95397f58856c564bd29f1402af8fdc6455977f87621d07103f88e418055
TIMETABLE_BAND person=24 physical=-15750,11250 action=Arrived intent=performance.stage-entry instrument=True
TIMETABLE_BAND person=25 physical=-16750,9250 action=Arrived intent=performance.stage-entry instrument=True
TIMETABLE_BAND person=26 physical=-17250,12250 action=Arrived intent=performance.stage-entry instrument=False
TIMETABLE_STATE name=checkpoint tick=4192 slot=0 phase=Live ready=3 people=32 performers=9 admitted=32 departed=0 status=Playing hash=5a920ab4dd54acb05243166d28001d50a02a0a2bd6721c12755163dd3606abd3
TIMETABLE_BAND person=24 physical=-15750,11250 action=Arrived intent=performance.stage-entry instrument=True
TIMETABLE_BAND person=25 physical=-16750,9250 action=Arrived intent=performance.stage-entry instrument=True
TIMETABLE_BAND person=26 physical=-17250,12250 action=Arrived intent=performance.stage-entry instrument=False
TIMETABLE_STATE name=checkpoint tick=4208 slot=0 phase=Live ready=3 people=32 performers=9 admitted=32 departed=0 status=Playing hash=eaf43b650a7c7a41cdac0c96fa060bfb1f6126993b98b6d3892de17ae46ab896
TIMETABLE_BAND person=24 physical=-15750,11250 action=Arrived intent=performance.stage-entry instrument=True
TIMETABLE_BAND person=25 physical=-16750,9250 action=Arrived intent=performance.stage-entry instrument=True
TIMETABLE_BAND person=26 physical=-17250,12250 action=Arrived intent=performance.stage-entry instrument=False
TIMETABLE_STATE name=checkpoint tick=4224 slot=0 phase=Live ready=3 people=32 performers=9 admitted=32 departed=0 status=Playing hash=ec39a941ffeee85869ac907cbd3c1107a98104638f73a33a09590f813efd9f19
TIMETABLE_BAND person=24 physical=-15750,11250 action=Arrived intent=performance.stage-entry instrument=True
TIMETABLE_BAND person=25 physical=-16750,9250 action=Arrived intent=performance.stage-entry instrument=True
TIMETABLE_BAND person=26 physical=-17250,12250 action=Arrived intent=performance.stage-entry instrument=False
TIMETABLE_STATE name=checkpoint tick=4240 slot=0 phase=Live ready=3 people=32 performers=9 admitted=32 departed=0 status=Playing hash=a0e185acbd894544de892e985083533cd8c18a8ba89954bafa5fda677cb0ba19
TIMETABLE_BAND person=24 physical=-15750,11250 action=Arrived intent=performance.stage-entry instrument=True
TIMETABLE_BAND person=25 physical=-16750,9250 action=Arrived intent=performance.stage-entry instrument=True
TIMETABLE_BAND person=26 physical=-17250,12250 action=Arrived intent=performance.stage-entry instrument=False
TIMETABLE_STATE name=checkpoint tick=4256 slot=0 phase=Live ready=3 people=32 performers=9 admitted=32 departed=0 status=Playing hash=344332564b408dad2ffa890569f2e5ddb54b3675ad617c61cce317629bd69792
TIMETABLE_BAND person=24 physical=-15750,11250 action=Arrived intent=performance.stage-entry instrument=True
TIMETABLE_BAND person=25 physical=-16750,9250 action=Arrived intent=performance.stage-entry instrument=True
TIMETABLE_BAND person=26 physical=-17250,12250 action=Arrived intent=performance.stage-entry instrument=False
TIMETABLE_STATE name=checkpoint tick=4272 slot=0 phase=Live ready=3 people=32 performers=9 admitted=32 departed=0 status=Playing hash=4db89a8a45ac4e5bf081e2e17e19b701e9befd4b12d5abfbe152b597f95969be
TIMETABLE_BAND person=24 physical=-15750,11250 action=Arrived intent=performance.stage-entry instrument=True
TIMETABLE_BAND person=25 physical=-16750,9250 action=Arrived intent=performance.stage-entry instrument=True
TIMETABLE_BAND person=26 physical=-17250,12250 action=Arrived intent=performance.stage-entry instrument=False
TIMETABLE_STATE name=checkpoint tick=4288 slot=0 phase=Live ready=3 people=32 performers=9 admitted=32 departed=0 status=Playing hash=f3bb65b5ae7eace4720572a38bde7b4f599514f31e79af837ab562fb8d442e4f
TIMETABLE_BAND person=24 physical=-15750,11250 action=Arrived intent=performance.stage-entry instrument=True
TIMETABLE_BAND person=25 physical=-16750,9250 action=Arrived intent=performance.stage-entry instrument=True
TIMETABLE_BAND person=26 physical=-17250,12250 action=Arrived intent=performance.stage-entry instrument=False
TIMETABLE_STATE name=checkpoint tick=4304 slot=0 phase=Live ready=3 people=32 performers=9 admitted=32 departed=0 status=Playing hash=5406c4ad66e5dd4182d50b8246db74ab29fbc982d468fc8810e401177502be69
TIMETABLE_BAND person=24 physical=-15750,11250 action=Arrived intent=performance.stage-entry instrument=True
TIMETABLE_BAND person=25 physical=-16750,9250 action=Arrived intent=performance.stage-entry instrument=True
TIMETABLE_BAND person=26 physical=-17250,12250 action=Arrived intent=performance.stage-entry instrument=False
TIMETABLE_STATE name=checkpoint tick=4320 slot=0 phase=Live ready=3 people=32 performers=9 admitted=32 departed=0 status=Playing hash=04303fdd53fff7a70330a2d8ddcc6b313f015089b930314faef9de2c8dd3b9cd
TIMETABLE_BAND person=24 physical=-15750,11250 action=Arrived intent=performance.stage-entry instrument=True
TIMETABLE_BAND person=25 physical=-16750,9250 action=Arrived intent=performance.stage-entry instrument=True
TIMETABLE_BAND person=26 physical=-17250,12250 action=Arrived intent=performance.stage-entry instrument=False
TIMETABLE_STATE name=checkpoint tick=4336 slot=0 phase=Live ready=3 people=32 performers=9 admitted=32 departed=0 status=Playing hash=ab6d7508e61e2671af8cf6e2b46da167aab12d5db8538481ecee044d173b506d
TIMETABLE_BAND person=24 physical=-15750,11250 action=Arrived intent=performance.stage-entry instrument=True
TIMETABLE_BAND person=25 physical=-16750,9250 action=Arrived intent=performance.stage-entry instrument=True
TIMETABLE_BAND person=26 physical=-17250,12250 action=Arrived intent=performance.stage-entry instrument=False
TIMETABLE_STATE name=checkpoint tick=4352 slot=0 phase=Live ready=3 people=32 performers=9 admitted=32 departed=0 status=Playing hash=a988f04897a9c90f9f08f0250186ec96d8d453023be53c886f98a747ee90dcec
TIMETABLE_BAND person=24 physical=-15750,11250 action=Arrived intent=performance.stage-entry instrument=True
TIMETABLE_BAND person=25 physical=-16750,9250 action=Arrived intent=performance.stage-entry instrument=True
TIMETABLE_BAND person=26 physical=-17250,12250 action=Arrived intent=performance.stage-entry instrument=False
TIMETABLE_STATE name=checkpoint tick=4368 slot=0 phase=Live ready=3 people=32 performers=9 admitted=32 departed=0 status=Playing hash=8a59ef4f08fb8ef0258be51766e7475eff782d54b4e3b9d1d1bc59def0b3daa4
TIMETABLE_BAND person=24 physical=-15750,11250 action=Arrived intent=performance.stage-entry instrument=True
TIMETABLE_BAND person=25 physical=-16750,9250 action=Arrived intent=performance.stage-entry instrument=True
TIMETABLE_BAND person=26 physical=-17250,12250 action=Arrived intent=performance.stage-entry instrument=False
TIMETABLE_STATE name=checkpoint tick=4384 slot=0 phase=Live ready=3 people=32 performers=9 admitted=32 departed=0 status=Playing hash=0730d39617c0337e2c46cb6bb431d10dea13fd6ab28321e01824531ddd54d1c3
TIMETABLE_BAND person=24 physical=-15750,11250 action=Arrived intent=performance.stage-entry instrument=True
TIMETABLE_BAND person=25 physical=-16750,9250 action=Arrived intent=performance.stage-entry instrument=True
TIMETABLE_BAND person=26 physical=-17250,12250 action=Arrived intent=performance.stage-entry instrument=False
TIMETABLE_STATE name=checkpoint tick=4400 slot=0 phase=Live ready=3 people=32 performers=9 admitted=32 departed=0 status=Playing hash=c92492c17d099ad4341a2b4a04dbe98fbb2e511fa40723d257d5b1aba9e5f85d
TIMETABLE_BAND person=24 physical=-15750,11250 action=Arrived intent=performance.stage-entry instrument=True
TIMETABLE_BAND person=25 physical=-16750,9250 action=Arrived intent=performance.stage-entry instrument=True
TIMETABLE_BAND person=26 physical=-17250,12250 action=Arrived intent=performance.stage-entry instrument=False
TIMETABLE_STATE name=checkpoint tick=4416 slot=0 phase=Live ready=3 people=32 performers=9 admitted=32 departed=0 status=Playing hash=53262020684e2dc806e90b2bb7d49fbee20854a5622a46228279e94cc32c0c57
TIMETABLE_BAND person=24 physical=-15750,11250 action=Arrived intent=performance.stage-entry instrument=True
TIMETABLE_BAND person=25 physical=-16750,9250 action=Arrived intent=performance.stage-entry instrument=True
TIMETABLE_BAND person=26 physical=-17250,12250 action=Arrived intent=performance.stage-entry instrument=False
TIMETABLE_STATE name=checkpoint tick=4432 slot=0 phase=Live ready=3 people=32 performers=9 admitted=32 departed=0 status=Playing hash=63fe4a7778be636ac9b531ffef4011e77bd771d94d1db785401278c65343c23a
TIMETABLE_BAND person=24 physical=-15750,11250 action=Arrived intent=performance.stage-entry instrument=True
TIMETABLE_BAND person=25 physical=-16750,9250 action=Arrived intent=performance.stage-entry instrument=True
TIMETABLE_BAND person=26 physical=-17250,12250 action=Arrived intent=performance.stage-entry instrument=False
TIMETABLE_STATE name=checkpoint tick=4448 slot=0 phase=Live ready=3 people=32 performers=9 admitted=32 departed=0 status=Playing hash=3d877bd1547ea76381a1a8c47150180479c8e2a1211f7cbc2c2a2b2a804e3009
TIMETABLE_BAND person=24 physical=-15750,11250 action=Arrived intent=performance.stage-entry instrument=True
TIMETABLE_BAND person=25 physical=-16750,9250 action=Arrived intent=performance.stage-entry instrument=True
TIMETABLE_BAND person=26 physical=-17250,12250 action=Arrived intent=performance.stage-entry instrument=False
TIMETABLE_STATE name=checkpoint tick=4464 slot=0 phase=Live ready=3 people=32 performers=9 admitted=32 departed=0 status=Playing hash=51d55eb4b006a77a0ad163d5cace665d399a79d0b4d2f6c478dde8a7be42f2b8
TIMETABLE_BAND person=24 physical=-15750,11250 action=Arrived intent=performance.stage-entry instrument=True
TIMETABLE_BAND person=25 physical=-16750,9250 action=Arrived intent=performance.stage-entry instrument=True
TIMETABLE_BAND person=26 physical=-17250,12250 action=Arrived intent=performance.stage-entry instrument=False
TIMETABLE_STATE name=checkpoint tick=4480 slot=0 phase=Live ready=3 people=32 performers=9 admitted=32 departed=0 status=Playing hash=3a9e581cfe7ff183bc636e126fbe09048d0e66541e02fbc080181e9d390deabd
TIMETABLE_BAND person=24 physical=-15750,11250 action=Arrived intent=performance.stage-entry instrument=True
TIMETABLE_BAND person=25 physical=-16750,9250 action=Arrived intent=performance.stage-entry instrument=True
TIMETABLE_BAND person=26 physical=-17250,12250 action=Arrived intent=performance.stage-entry instrument=False
TIMETABLE_STATE name=checkpoint tick=4496 slot=0 phase=Live ready=3 people=32 performers=9 admitted=32 departed=0 status=Playing hash=990022c6c712c0fff608bc6184e28e75593cc6e8802a22b6e865144dfea871cc
TIMETABLE_BAND person=24 physical=-15750,11250 action=Arrived intent=performance.stage-entry instrument=True
TIMETABLE_BAND person=25 physical=-16750,9250 action=Arrived intent=performance.stage-entry instrument=True
TIMETABLE_BAND person=26 physical=-17250,12250 action=Arrived intent=performance.stage-entry instrument=False
TIMETABLE_STATE name=checkpoint tick=4512 slot=0 phase=Live ready=3 people=32 performers=9 admitted=32 departed=0 status=Playing hash=4241d23a1523f9e0bff9a3ebe9ed13cef15b9e28681071ade0fa1d3ace4813b1
TIMETABLE_BAND person=24 physical=-15750,11250 action=Arrived intent=performance.stage-entry instrument=True
TIMETABLE_BAND person=25 physical=-16750,9250 action=Arrived intent=performance.stage-entry instrument=True
TIMETABLE_BAND person=26 physical=-17250,12250 action=Arrived intent=performance.stage-entry instrument=False
TIMETABLE_STATE name=checkpoint tick=4528 slot=0 phase=Live ready=3 people=32 performers=9 admitted=32 departed=0 status=Playing hash=8c4fdb9609b091cd1e16ad989cbb8802bda284932490f78d9e6363696e3a0b1a
TIMETABLE_BAND person=24 physical=-15750,11250 action=Arrived intent=performance.stage-entry instrument=True
TIMETABLE_BAND person=25 physical=-16750,9250 action=Arrived intent=performance.stage-entry instrument=True
TIMETABLE_BAND person=26 physical=-17250,12250 action=Arrived intent=performance.stage-entry instrument=False
TIMETABLE_STATE name=checkpoint tick=4544 slot=0 phase=Live ready=3 people=32 performers=9 admitted=32 departed=0 status=Playing hash=69f6a27faf3da930a76ca9604747b98ec9d8079ed4b81eb80703b15136fd62bc
TIMETABLE_BAND person=24 physical=-15750,11250 action=Arrived intent=performance.stage-entry instrument=True
TIMETABLE_BAND person=25 physical=-16750,9250 action=Arrived intent=performance.stage-entry instrument=True
TIMETABLE_BAND person=26 physical=-17250,12250 action=Arrived intent=performance.stage-entry instrument=False
TIMETABLE_STATE name=checkpoint tick=4560 slot=0 phase=Live ready=3 people=32 performers=9 admitted=32 departed=0 status=Playing hash=24218eec582ea566b924c09588e4e6a52a7811dbd57d8b59fea747e1056d6ab1
TIMETABLE_BAND person=24 physical=-15750,11250 action=Arrived intent=performance.stage-entry instrument=True
TIMETABLE_BAND person=25 physical=-16750,9250 action=Arrived intent=performance.stage-entry instrument=True
TIMETABLE_BAND person=26 physical=-17250,12250 action=Arrived intent=performance.stage-entry instrument=False
TIMETABLE_STATE name=checkpoint tick=4576 slot=0 phase=Live ready=3 people=32 performers=9 admitted=32 departed=0 status=Playing hash=111a94f93944bd54942b08747f1faabf28bbfb94fec63ab09eb1ce8065045be6
TIMETABLE_BAND person=24 physical=-15750,11250 action=Arrived intent=performance.stage-entry instrument=True
TIMETABLE_BAND person=25 physical=-16750,9250 action=Arrived intent=performance.stage-entry instrument=True
TIMETABLE_BAND person=26 physical=-17250,12250 action=Arrived intent=performance.stage-entry instrument=False
TIMETABLE_STATE name=checkpoint tick=4592 slot=0 phase=Live ready=3 people=32 performers=9 admitted=32 departed=0 status=Playing hash=a7ffc3b6fd400ef55694eb30f91809e125263653d1d56b9e37db0213f2c83559
TIMETABLE_BAND person=24 physical=-15750,11250 action=Arrived intent=performance.stage-entry instrument=True
TIMETABLE_BAND person=25 physical=-16750,9250 action=Arrived intent=performance.stage-entry instrument=True
TIMETABLE_BAND person=26 physical=-17250,12250 action=Arrived intent=performance.stage-entry instrument=False
TIMETABLE_STATE name=checkpoint tick=4608 slot=0 phase=Live ready=3 people=32 performers=9 admitted=32 departed=0 status=Playing hash=84a50e840c35d6bb4ad185173305cf748f1e71d802137294e117acb15b47bae1
TIMETABLE_BAND person=24 physical=-15750,11250 action=Arrived intent=performance.stage-entry instrument=True
TIMETABLE_BAND person=25 physical=-16750,9250 action=Arrived intent=performance.stage-entry instrument=True
TIMETABLE_BAND person=26 physical=-17250,12250 action=Arrived intent=performance.stage-entry instrument=False
TIMETABLE_STATE name=checkpoint tick=4624 slot=0 phase=Live ready=3 people=32 performers=9 admitted=32 departed=0 status=Playing hash=56fb3349379c8ac61e327f19eecefa0f92397d1ac150504dd93e1068ee1850e2
TIMETABLE_BAND person=24 physical=-15750,11250 action=Arrived intent=performance.stage-entry instrument=True
TIMETABLE_BAND person=25 physical=-16750,9250 action=Arrived intent=performance.stage-entry instrument=True
TIMETABLE_BAND person=26 physical=-17250,12250 action=Arrived intent=performance.stage-entry instrument=False
TIMETABLE_STATE name=checkpoint tick=4640 slot=0 phase=Live ready=3 people=32 performers=9 admitted=32 departed=0 status=Playing hash=6ab2a4ebe649f3a1debeadd344dacbb3edd016ce8f46dbbc2911291462653a25
TIMETABLE_BAND person=24 physical=-15750,11250 action=Arrived intent=performance.stage-entry instrument=True
TIMETABLE_BAND person=25 physical=-16750,9250 action=Arrived intent=performance.stage-entry instrument=True
TIMETABLE_BAND person=26 physical=-17250,12250 action=Arrived intent=performance.stage-entry instrument=False
TIMETABLE_STATE name=checkpoint tick=4656 slot=0 phase=Live ready=3 people=32 performers=9 admitted=32 departed=0 status=Playing hash=081ac53dde9e501a274366e0c7455baa9759347528158e82d83e086dcca4a4e4
TIMETABLE_BAND person=24 physical=-15750,11250 action=Arrived intent=performance.stage-entry instrument=True
TIMETABLE_BAND person=25 physical=-16750,9250 action=Arrived intent=performance.stage-entry instrument=True
TIMETABLE_BAND person=26 physical=-17250,12250 action=Arrived intent=performance.stage-entry instrument=False
TIMETABLE_STATE name=checkpoint tick=4672 slot=0 phase=Live ready=3 people=32 performers=9 admitted=32 departed=0 status=Playing hash=2abc39720307c7a8ec648989cac2355269912078b9d35928727249aaca0a92d9
TIMETABLE_BAND person=24 physical=-15750,11250 action=Arrived intent=performance.stage-entry instrument=True
TIMETABLE_BAND person=25 physical=-16750,9250 action=Arrived intent=performance.stage-entry instrument=True
TIMETABLE_BAND person=26 physical=-17250,12250 action=Arrived intent=performance.stage-entry instrument=False
TIMETABLE_STATE name=checkpoint tick=4688 slot=0 phase=Live ready=3 people=32 performers=9 admitted=32 departed=0 status=Playing hash=364872ca5b154ddcb8026f29c58c583b572130e9ee5168f9105ce4a5c831f68a
TIMETABLE_BAND person=24 physical=-15750,11250 action=Arrived intent=performance.stage-entry instrument=True
TIMETABLE_BAND person=25 physical=-16750,9250 action=Arrived intent=performance.stage-entry instrument=True
TIMETABLE_BAND person=26 physical=-17250,12250 action=Arrived intent=performance.stage-entry instrument=False
TIMETABLE_STATE name=checkpoint tick=4704 slot=0 phase=Live ready=3 people=32 performers=9 admitted=32 departed=0 status=Playing hash=4896fe5774b5ed0c8a2c49f57a76008a8f5a480ea2200c3f850559205153e579
TIMETABLE_BAND person=24 physical=-15750,11250 action=Arrived intent=performance.stage-entry instrument=True
TIMETABLE_BAND person=25 physical=-16750,9250 action=Arrived intent=performance.stage-entry instrument=True
TIMETABLE_BAND person=26 physical=-17250,12250 action=Arrived intent=performance.stage-entry instrument=False
TIMETABLE_STATE name=checkpoint tick=4720 slot=0 phase=Live ready=3 people=32 performers=9 admitted=32 departed=0 status=Playing hash=30ff33b0a0524e42cfa4eb8d396ca000c555025a9b4edb87d605b5f4ba887229
TIMETABLE_BAND person=24 physical=-15750,11250 action=Arrived intent=performance.stage-entry instrument=True
TIMETABLE_BAND person=25 physical=-16750,9250 action=Arrived intent=performance.stage-entry instrument=True
TIMETABLE_BAND person=26 physical=-17250,12250 action=Arrived intent=performance.stage-entry instrument=False
TIMETABLE_STATE name=checkpoint tick=4736 slot=0 phase=Live ready=3 people=32 performers=9 admitted=32 departed=0 status=Playing hash=eff78cc0decffa15acbe7cc0a40c39a1d78c099d757aeb4f157ef462e83ab25c
TIMETABLE_BAND person=24 physical=-15750,11250 action=Arrived intent=performance.stage-entry instrument=True
TIMETABLE_BAND person=25 physical=-16750,9250 action=Arrived intent=performance.stage-entry instrument=True
TIMETABLE_BAND person=26 physical=-17250,12250 action=Arrived intent=performance.stage-entry instrument=False
TIMETABLE_STATE name=checkpoint tick=4752 slot=0 phase=Live ready=3 people=32 performers=9 admitted=32 departed=0 status=Playing hash=63983d8e1a90e15bcf5892b8f929ff2e6bd537e6ac2fe4c436e4c48199773078
TIMETABLE_BAND person=24 physical=-15750,11250 action=Arrived intent=performance.stage-entry instrument=True
TIMETABLE_BAND person=25 physical=-16750,9250 action=Arrived intent=performance.stage-entry instrument=True
TIMETABLE_BAND person=26 physical=-17250,12250 action=Arrived intent=performance.stage-entry instrument=False
TIMETABLE_STATE name=checkpoint tick=4768 slot=0 phase=Live ready=3 people=32 performers=9 admitted=32 departed=0 status=Playing hash=e6abe44cb3c00936b864f7e9de99ee6ab99869d74879602350ef5e7bd44e339f
TIMETABLE_BAND person=24 physical=-15750,11250 action=Arrived intent=performance.stage-entry instrument=True
TIMETABLE_BAND person=25 physical=-16750,9250 action=Arrived intent=performance.stage-entry instrument=True
TIMETABLE_BAND person=26 physical=-17250,12250 action=Arrived intent=performance.stage-entry instrument=False
TIMETABLE_STATE name=checkpoint tick=4784 slot=0 phase=Live ready=3 people=32 performers=9 admitted=32 departed=0 status=Playing hash=21cc477bbb566d3f2789542e2a41b3f260fee82abe2a6fe9d97c7631d9989737
TIMETABLE_BAND person=24 physical=-15750,11250 action=Arrived intent=performance.stage-entry instrument=True
TIMETABLE_BAND person=25 physical=-16750,9250 action=Arrived intent=performance.stage-entry instrument=True
TIMETABLE_BAND person=26 physical=-17250,12250 action=Arrived intent=performance.stage-entry instrument=False
TIMETABLE_STATE name=checkpoint tick=4800 slot=0 phase=Live ready=3 people=32 performers=9 admitted=32 departed=0 status=Playing hash=98e206c8f9018c2ae5f2d911671d8f32d97f87a06811a83c243a68e80e5b6b8a
TIMETABLE_BAND person=24 physical=-15750,11250 action=Arrived intent=performance.stage-entry instrument=True
TIMETABLE_BAND person=25 physical=-16750,9250 action=Arrived intent=performance.stage-entry instrument=True
TIMETABLE_BAND person=26 physical=-17250,12250 action=Arrived intent=performance.stage-entry instrument=False
TIMETABLE_STATE name=checkpoint tick=4816 slot=0 phase=Live ready=3 people=32 performers=9 admitted=32 departed=0 status=Playing hash=77dc8110071bece454d25305de39abc1f0011ae8d3c2841f5e01354a5b71981d
TIMETABLE_BAND person=24 physical=-15750,11250 action=Arrived intent=performance.stage-entry instrument=True
TIMETABLE_BAND person=25 physical=-16750,9250 action=Arrived intent=performance.stage-entry instrument=True
TIMETABLE_BAND person=26 physical=-17250,12250 action=Arrived intent=performance.stage-entry instrument=False
TIMETABLE_STATE name=checkpoint tick=4832 slot=0 phase=Live ready=3 people=32 performers=9 admitted=32 departed=0 status=Playing hash=5d4ca0bd1b2a958ed9d7da64f8bdbe7b79ddf4f7c3279b4ffe9025ff28a7905b
TIMETABLE_BAND person=24 physical=-15750,11250 action=Arrived intent=performance.stage-entry instrument=True
TIMETABLE_BAND person=25 physical=-16750,9250 action=Arrived intent=performance.stage-entry instrument=True
TIMETABLE_BAND person=26 physical=-17250,12250 action=Arrived intent=performance.stage-entry instrument=False
TIMETABLE_STATE name=checkpoint tick=4848 slot=0 phase=Live ready=3 people=32 performers=9 admitted=32 departed=0 status=Playing hash=8ae1437be442f20fbec8bd151fa4bae83e977ae1fb1e3ebd2b8ef5114d5b5e32
TIMETABLE_BAND person=24 physical=-15750,11250 action=Arrived intent=performance.stage-entry instrument=True
TIMETABLE_BAND person=25 physical=-16750,9250 action=Arrived intent=performance.stage-entry instrument=True
TIMETABLE_BAND person=26 physical=-17250,12250 action=Arrived intent=performance.stage-entry instrument=False
TIMETABLE_STATE name=checkpoint tick=4864 slot=0 phase=Live ready=3 people=32 performers=9 admitted=32 departed=0 status=Playing hash=ecdfdd248e6458d4e4b9c39ff2f5bc0f8d087d3f379520f8e04315d08b2dcd7c
TIMETABLE_BAND person=24 physical=-15750,11250 action=Arrived intent=performance.stage-entry instrument=True
TIMETABLE_BAND person=25 physical=-16750,9250 action=Arrived intent=performance.stage-entry instrument=True
TIMETABLE_BAND person=26 physical=-17250,12250 action=Arrived intent=performance.stage-entry instrument=False
TIMETABLE_STATE name=checkpoint tick=4880 slot=0 phase=Live ready=3 people=32 performers=9 admitted=32 departed=0 status=Playing hash=4d6ccfe919045a0e09a24864f8c8215b3f308e11d202742665fec0c4e5079f6f
TIMETABLE_BAND person=24 physical=-15750,11250 action=Arrived intent=performance.stage-entry instrument=True
TIMETABLE_BAND person=25 physical=-16750,9250 action=Arrived intent=performance.stage-entry instrument=True
TIMETABLE_BAND person=26 physical=-17250,12250 action=Arrived intent=performance.stage-entry instrument=False
TIMETABLE_STATE name=checkpoint tick=4896 slot=0 phase=Live ready=3 people=32 performers=9 admitted=32 departed=0 status=Playing hash=f18f4181fc9a1b7e3cefaf7b11c9a962785ea39733db61cb1ddcbb6fa3569983
TIMETABLE_BAND person=24 physical=-15750,11250 action=Arrived intent=performance.stage-entry instrument=True
TIMETABLE_BAND person=25 physical=-16750,9250 action=Arrived intent=performance.stage-entry instrument=True
TIMETABLE_BAND person=26 physical=-17250,12250 action=Arrived intent=performance.stage-entry instrument=False
TIMETABLE_STATE name=checkpoint tick=4912 slot=0 phase=Live ready=3 people=32 performers=9 admitted=32 departed=0 status=Playing hash=5f1d5c5204f0ccf81232401d1d939fd94f8aae48b5bf71fd8e4228ce4bf9e608
TIMETABLE_BAND person=24 physical=-15750,11250 action=Arrived intent=performance.stage-entry instrument=True
TIMETABLE_BAND person=25 physical=-16750,9250 action=Arrived intent=performance.stage-entry instrument=True
TIMETABLE_BAND person=26 physical=-17250,12250 action=Arrived intent=performance.stage-entry instrument=False
TIMETABLE_STATE name=checkpoint tick=4928 slot=0 phase=Live ready=3 people=32 performers=9 admitted=32 departed=0 status=Playing hash=d0598563f148a8611bedb34f003a2e34afd2322445965a1fe7dcab326ccf3716
TIMETABLE_BAND person=24 physical=-15750,11250 action=Arrived intent=performance.stage-entry instrument=True
TIMETABLE_BAND person=25 physical=-16750,9250 action=Arrived intent=performance.stage-entry instrument=True
TIMETABLE_BAND person=26 physical=-17250,12250 action=Arrived intent=performance.stage-entry instrument=False
TIMETABLE_STATE name=checkpoint tick=4944 slot=0 phase=Live ready=3 people=32 performers=9 admitted=32 departed=0 status=Playing hash=85cfb4f0fc10e2d029a11cbe064cc8a37ab052bc0cc2b1a4ece56d1e80ac82b5
TIMETABLE_BAND person=24 physical=-15750,11250 action=Arrived intent=performance.stage-entry instrument=True
TIMETABLE_BAND person=25 physical=-16750,9250 action=Arrived intent=performance.stage-entry instrument=True
TIMETABLE_BAND person=26 physical=-17250,12250 action=Arrived intent=performance.stage-entry instrument=False
TIMETABLE_STATE name=checkpoint tick=4960 slot=0 phase=Live ready=3 people=32 performers=9 admitted=32 departed=0 status=Playing hash=3ba786cbf4894e0ac3d995704c882f5cb905f4644a8d07c47b510dd3a5c14cb5
TIMETABLE_BAND person=24 physical=-15750,11250 action=Arrived intent=performance.stage-entry instrument=True
TIMETABLE_BAND person=25 physical=-16750,9250 action=Arrived intent=performance.stage-entry instrument=True
TIMETABLE_BAND person=26 physical=-17250,12250 action=Arrived intent=performance.stage-entry instrument=False
TIMETABLE_STATE name=checkpoint tick=4976 slot=0 phase=Live ready=3 people=32 performers=9 admitted=32 departed=0 status=Playing hash=dcbe0185b93eb3355d5f5adf76d927dbe60f7682e592c34eb855b7f8f0eaa9e6
TIMETABLE_BAND person=24 physical=-15750,11250 action=Arrived intent=performance.stage-entry instrument=True
TIMETABLE_BAND person=25 physical=-16750,9250 action=Arrived intent=performance.stage-entry instrument=True
TIMETABLE_BAND person=26 physical=-17250,12250 action=Arrived intent=performance.stage-entry instrument=False
TIMETABLE_STATE name=checkpoint tick=4992 slot=0 phase=Live ready=3 people=32 performers=9 admitted=32 departed=0 status=Playing hash=2811fd49e2aa278996a85bb4b9dc9c180803dba0042a18ee0d46ef40d09c27a2
TIMETABLE_BAND person=24 physical=-15750,11250 action=Arrived intent=performance.stage-entry instrument=True
TIMETABLE_BAND person=25 physical=-16750,9250 action=Arrived intent=performance.stage-entry instrument=True
TIMETABLE_BAND person=26 physical=-17250,12250 action=Arrived intent=performance.stage-entry instrument=False
TIMETABLE_STATE name=checkpoint tick=5008 slot=0 phase=Live ready=3 people=32 performers=9 admitted=32 departed=0 status=Playing hash=8bce6111c4dc073ab6ffb190fd9dea8be489708417ac141ad6030097ce5c6636
TIMETABLE_BAND person=24 physical=-15750,11250 action=Arrived intent=performance.stage-entry instrument=True
TIMETABLE_BAND person=25 physical=-16750,9250 action=Arrived intent=performance.stage-entry instrument=True
TIMETABLE_BAND person=26 physical=-17250,12250 action=Arrived intent=performance.stage-entry instrument=False
TIMETABLE_STATE name=checkpoint tick=5024 slot=0 phase=Live ready=3 people=32 performers=9 admitted=32 departed=0 status=Playing hash=6d900b5d63b8a27c24fa1f8fb8d183d839b7391b6792c5a8914358413513a4cc
TIMETABLE_BAND person=24 physical=-15750,11250 action=Arrived intent=performance.stage-entry instrument=True
TIMETABLE_BAND person=25 physical=-16750,9250 action=Arrived intent=performance.stage-entry instrument=True
TIMETABLE_BAND person=26 physical=-17250,12250 action=Arrived intent=performance.stage-entry instrument=False
TIMETABLE_STATE name=checkpoint tick=5040 slot=0 phase=Live ready=3 people=32 performers=9 admitted=32 departed=0 status=Playing hash=a110c9ab2b4170e47a9918158c18f90b8d51d51008c7fa5e85637bca9bf8bb08
TIMETABLE_BAND person=24 physical=-15750,11250 action=Arrived intent=performance.stage-entry instrument=True
TIMETABLE_BAND person=25 physical=-16750,9250 action=Arrived intent=performance.stage-entry instrument=True
TIMETABLE_BAND person=26 physical=-17250,12250 action=Arrived intent=performance.stage-entry instrument=False
TIMETABLE_STATE name=checkpoint tick=5056 slot=0 phase=Live ready=3 people=32 performers=9 admitted=32 departed=0 status=Playing hash=77e48a5d8c622738e0d95215033d278230a678e70ecd1c604055148ac188c126
TIMETABLE_BAND person=24 physical=-15750,11250 action=Arrived intent=performance.stage-entry instrument=True
TIMETABLE_BAND person=25 physical=-16750,9250 action=Arrived intent=performance.stage-entry instrument=True
TIMETABLE_BAND person=26 physical=-17250,12250 action=Arrived intent=performance.stage-entry instrument=False
TIMETABLE_STATE name=checkpoint tick=5072 slot=0 phase=Live ready=3 people=32 performers=9 admitted=32 departed=0 status=Playing hash=fb09bac0575302407bf77aaa584daa848730c2c18a3962d308eb1e98ec350987
TIMETABLE_BAND person=24 physical=-15750,11250 action=Arrived intent=performance.stage-entry instrument=True
TIMETABLE_BAND person=25 physical=-16750,9250 action=Arrived intent=performance.stage-entry instrument=True
TIMETABLE_BAND person=26 physical=-17250,12250 action=Arrived intent=performance.stage-entry instrument=False
TIMETABLE_STATE name=checkpoint tick=5088 slot=0 phase=Live ready=3 people=32 performers=9 admitted=32 departed=0 status=Playing hash=f38b013f47be5004be05d98778e8c9db8a773a8d43f4ea9e33f67f7dc2d2c037
TIMETABLE_BAND person=24 physical=-15750,11250 action=Arrived intent=performance.stage-entry instrument=True
TIMETABLE_BAND person=25 physical=-16750,9250 action=Arrived intent=performance.stage-entry instrument=True
TIMETABLE_BAND person=26 physical=-17250,12250 action=Arrived intent=performance.stage-entry instrument=False
TIMETABLE_STATE name=checkpoint tick=5104 slot=0 phase=Live ready=3 people=32 performers=9 admitted=32 departed=0 status=Playing hash=d0f64138ff5daf1ea8a37f066570399df561cff4c79363c154d3bfc739718c7d
TIMETABLE_BAND person=24 physical=-15750,11250 action=Arrived intent=performance.stage-entry instrument=True
TIMETABLE_BAND person=25 physical=-16750,9250 action=Arrived intent=performance.stage-entry instrument=True
TIMETABLE_BAND person=26 physical=-17250,12250 action=Arrived intent=performance.stage-entry instrument=False
TIMETABLE_STATE name=checkpoint tick=5120 slot=0 phase=Live ready=3 people=32 performers=9 admitted=32 departed=0 status=Playing hash=680af1ab0d5768453a0ad684cef5030d583fada3b0874e59fbd6226ad5b07d35
TIMETABLE_BAND person=24 physical=-15750,11250 action=Arrived intent=performance.stage-entry instrument=True
TIMETABLE_BAND person=25 physical=-16750,9250 action=Arrived intent=performance.stage-entry instrument=True
TIMETABLE_BAND person=26 physical=-17250,12250 action=Arrived intent=performance.stage-entry instrument=False
TIMETABLE_STATE name=checkpoint tick=5136 slot=0 phase=Live ready=3 people=32 performers=9 admitted=32 departed=0 status=Playing hash=098ad92ce5d0ed228f890976dac4ca85a88a906de9e5a02c8ac1bb56d0c6d971
TIMETABLE_BAND person=24 physical=-15750,11250 action=Arrived intent=performance.stage-entry instrument=True
TIMETABLE_BAND person=25 physical=-16750,9250 action=Arrived intent=performance.stage-entry instrument=True
TIMETABLE_BAND person=26 physical=-17250,12250 action=Arrived intent=performance.stage-entry instrument=False
TIMETABLE_STATE name=checkpoint tick=5152 slot=0 phase=Live ready=3 people=32 performers=9 admitted=32 departed=0 status=Playing hash=61acf13ea891e37da98e841af60f05eebb85c7579c54f600c43db983bcff01b4
TIMETABLE_BAND person=24 physical=-15750,11250 action=Arrived intent=performance.stage-entry instrument=True
TIMETABLE_BAND person=25 physical=-16750,9250 action=Arrived intent=performance.stage-entry instrument=True
TIMETABLE_BAND person=26 physical=-17250,12250 action=Arrived intent=performance.stage-entry instrument=False
TIMETABLE_STATE name=checkpoint tick=5168 slot=0 phase=Live ready=3 people=32 performers=9 admitted=32 departed=0 status=Playing hash=36a0b175b5ea813c442e8cc7c7790b7faa0c0d923e8f31ae3f9679dc8dcb534a
TIMETABLE_BAND person=24 physical=-15750,11250 action=Arrived intent=performance.stage-entry instrument=True
TIMETABLE_BAND person=25 physical=-16750,9250 action=Arrived intent=performance.stage-entry instrument=True
TIMETABLE_BAND person=26 physical=-17250,12250 action=Arrived intent=performance.stage-entry instrument=False
TIMETABLE_STATE name=checkpoint tick=5184 slot=0 phase=Live ready=3 people=32 performers=9 admitted=32 departed=0 status=Playing hash=9c2c76d16e08751b9973d9683278801c9501d74cd26584f45d474961e9c259a1
TIMETABLE_BAND person=24 physical=-15750,11250 action=Arrived intent=performance.stage-entry instrument=True
TIMETABLE_BAND person=25 physical=-16750,9250 action=Arrived intent=performance.stage-entry instrument=True
TIMETABLE_BAND person=26 physical=-17250,12250 action=Arrived intent=performance.stage-entry instrument=False
TIMETABLE_STATE name=checkpoint tick=5200 slot=0 phase=Live ready=3 people=32 performers=9 admitted=32 departed=0 status=Playing hash=cfcee3736e5012ae21b70a83f5a37c80f2f88b2904200d15a5a05d81460fbae3
TIMETABLE_BAND person=24 physical=-15750,11250 action=Arrived intent=performance.stage-entry instrument=True
TIMETABLE_BAND person=25 physical=-16750,9250 action=Arrived intent=performance.stage-entry instrument=True
TIMETABLE_BAND person=26 physical=-17250,12250 action=Arrived intent=performance.stage-entry instrument=False
TIMETABLE_STATE name=checkpoint tick=5216 slot=0 phase=Live ready=3 people=32 performers=9 admitted=32 departed=0 status=Playing hash=d5c59d919f4f4f82a649ec4c786af0f349e2c1bcfd61b7564197181824780249
TIMETABLE_BAND person=24 physical=-15750,11250 action=Arrived intent=performance.stage-entry instrument=True
TIMETABLE_BAND person=25 physical=-16750,9250 action=Arrived intent=performance.stage-entry instrument=True
TIMETABLE_BAND person=26 physical=-17250,12250 action=Arrived intent=performance.stage-entry instrument=False
TIMETABLE_STATE name=checkpoint tick=5232 slot=0 phase=Live ready=3 people=32 performers=9 admitted=32 departed=0 status=Playing hash=49b2d53a458f79b4f63dfba612c5d496804cc7e7f7679c8114fe402ac81a4132
TIMETABLE_BAND person=24 physical=-15750,11250 action=Arrived intent=performance.stage-entry instrument=True
TIMETABLE_BAND person=25 physical=-16750,9250 action=Arrived intent=performance.stage-entry instrument=True
TIMETABLE_BAND person=26 physical=-17250,12250 action=Arrived intent=performance.stage-entry instrument=False
TIMETABLE_STATE name=checkpoint tick=5248 slot=0 phase=Live ready=3 people=32 performers=9 admitted=32 departed=0 status=Playing hash=7714583b00fd5003e25426db785454333a0d1b7a6dc03ddcf248c45f77867d10
TIMETABLE_BAND person=24 physical=-15750,11250 action=Arrived intent=performance.stage-entry instrument=True
TIMETABLE_BAND person=25 physical=-16750,9250 action=Arrived intent=performance.stage-entry instrument=True
TIMETABLE_BAND person=26 physical=-17250,12250 action=Arrived intent=performance.stage-entry instrument=False
TIMETABLE_STATE name=checkpoint tick=5264 slot=0 phase=Live ready=3 people=32 performers=9 admitted=32 departed=0 status=Playing hash=1526df9a24e03e1b554b16aa2d8d5d0f348a49df520b7314c4ca2b74c5fb7463
TIMETABLE_BAND person=24 physical=-15750,11250 action=Arrived intent=performance.stage-entry instrument=True
TIMETABLE_BAND person=25 physical=-16750,9250 action=Arrived intent=performance.stage-entry instrument=True
TIMETABLE_BAND person=26 physical=-17250,12250 action=Arrived intent=performance.stage-entry instrument=False
TIMETABLE_STATE name=checkpoint tick=5280 slot=0 phase=Live ready=3 people=32 performers=9 admitted=32 departed=0 status=Playing hash=65182aa465841687331e7d3a80f0a9adbf68fdc293afa4b0d772d67c08d8bb9d
TIMETABLE_BAND person=24 physical=-15750,11250 action=Arrived intent=performance.stage-entry instrument=True
TIMETABLE_BAND person=25 physical=-16750,9250 action=Arrived intent=performance.stage-entry instrument=True
TIMETABLE_BAND person=26 physical=-17250,12250 action=Arrived intent=performance.stage-entry instrument=False
TIMETABLE_OPERATOR ordinary_medic_dispatch=True patient=8 tick=5280
TIMETABLE_STATE name=checkpoint tick=5296 slot=0 phase=Live ready=3 people=32 performers=9 admitted=32 departed=0 status=Playing hash=bd9a7b7d4fcfd954d130bb6d48438df8250766835101fc3019bf364380138e1a
TIMETABLE_BAND person=24 physical=-15750,11250 action=Arrived intent=performance.stage-entry instrument=True
TIMETABLE_BAND person=25 physical=-16750,9250 action=Arrived intent=performance.stage-entry instrument=True
TIMETABLE_BAND person=26 physical=-17250,12250 action=Arrived intent=performance.stage-entry instrument=False
TIMETABLE_STATE name=checkpoint tick=5312 slot=0 phase=Live ready=3 people=32 performers=9 admitted=32 departed=0 status=Playing hash=d211f9a48901e39d710a3438bce94569f2b769593649578e7156ea843ea64623
TIMETABLE_BAND person=24 physical=-15750,11250 action=Arrived intent=performance.stage-entry instrument=True
TIMETABLE_BAND person=25 physical=-16750,9250 action=Arrived intent=performance.stage-entry instrument=True
TIMETABLE_BAND person=26 physical=-17250,12250 action=Arrived intent=performance.stage-entry instrument=False
TIMETABLE_STATE name=checkpoint tick=5328 slot=0 phase=Live ready=3 people=32 performers=9 admitted=32 departed=0 status=Playing hash=3615e469634dab27f5e1d660583dc7001bf190512b914894f8484162f1a1fa62
TIMETABLE_BAND person=24 physical=-15750,11250 action=Arrived intent=performance.stage-entry instrument=True
TIMETABLE_BAND person=25 physical=-16750,9250 action=Arrived intent=performance.stage-entry instrument=True
TIMETABLE_BAND person=26 physical=-17250,12250 action=Arrived intent=performance.stage-entry instrument=False
TIMETABLE_STATE name=checkpoint tick=5344 slot=0 phase=Live ready=3 people=32 performers=9 admitted=32 departed=0 status=Playing hash=4fe868ec5cb6f2fcf15f3119803c55a896c4d9a67c67544ca2a18ae5c9c50b38
TIMETABLE_BAND person=24 physical=-15750,11250 action=Arrived intent=performance.stage-entry instrument=True
TIMETABLE_BAND person=25 physical=-16750,9250 action=Arrived intent=performance.stage-entry instrument=True
TIMETABLE_BAND person=26 physical=-17250,12250 action=Arrived intent=performance.stage-entry instrument=False
TIMETABLE_STATE name=checkpoint tick=5360 slot=0 phase=Live ready=3 people=32 performers=9 admitted=32 departed=0 status=Playing hash=50237b57418a6414ac0a0f38b55fab02794b0e496caa7717530538b0cf4a16f9
TIMETABLE_BAND person=24 physical=-15750,11250 action=Arrived intent=performance.stage-entry instrument=True
TIMETABLE_BAND person=25 physical=-16750,9250 action=Arrived intent=performance.stage-entry instrument=True
TIMETABLE_BAND person=26 physical=-17250,12250 action=Arrived intent=performance.stage-entry instrument=False
TIMETABLE_STATE name=checkpoint tick=5376 slot=0 phase=Live ready=3 people=32 performers=9 admitted=32 departed=0 status=Playing hash=85fa1ab798864f4d1544e186cfbdf04c7356854b30c481f7b7247c8ca6817448
TIMETABLE_BAND person=24 physical=-15750,11250 action=Arrived intent=performance.stage-entry instrument=True
TIMETABLE_BAND person=25 physical=-16750,9250 action=Arrived intent=performance.stage-entry instrument=True
TIMETABLE_BAND person=26 physical=-17250,12250 action=Arrived intent=performance.stage-entry instrument=False
TIMETABLE_STATE name=checkpoint tick=5392 slot=0 phase=Live ready=3 people=32 performers=9 admitted=32 departed=0 status=Playing hash=4b0841fe8340c08a928b8ff663b45d4b31fb6a8c6f67730f1589097723a42683
TIMETABLE_BAND person=24 physical=-15750,11250 action=Arrived intent=performance.stage-entry instrument=True
TIMETABLE_BAND person=25 physical=-16750,9250 action=Arrived intent=performance.stage-entry instrument=True
TIMETABLE_BAND person=26 physical=-17250,12250 action=Arrived intent=performance.stage-entry instrument=False
TIMETABLE_STATE name=checkpoint tick=5408 slot=0 phase=Live ready=3 people=32 performers=9 admitted=32 departed=0 status=Playing hash=b1bc163b2eceb5b22b83b1940106c385750f79bfec3d6d3c6986341158162314
TIMETABLE_BAND person=24 physical=-15750,11250 action=Arrived intent=performance.stage-entry instrument=True
TIMETABLE_BAND person=25 physical=-16750,9250 action=Arrived intent=performance.stage-entry instrument=True
TIMETABLE_BAND person=26 physical=-17250,12250 action=Arrived intent=performance.stage-entry instrument=False
TIMETABLE_STATE name=checkpoint tick=5424 slot=0 phase=Live ready=3 people=32 performers=9 admitted=32 departed=0 status=Playing hash=de2f68e3d3bc3e63fb44eb41bfe35623b928b26811a1c565deb9f5552ea061c2
TIMETABLE_BAND person=24 physical=-15750,11250 action=Arrived intent=performance.stage-entry instrument=True
TIMETABLE_BAND person=25 physical=-16750,9250 action=Arrived intent=performance.stage-entry instrument=True
TIMETABLE_BAND person=26 physical=-17250,12250 action=Arrived intent=performance.stage-entry instrument=False
TIMETABLE_STATE name=checkpoint tick=5440 slot=0 phase=Live ready=3 people=32 performers=9 admitted=32 departed=0 status=Playing hash=8ee44c3c65ff9ca1f66ba6170f67f0fa6a696e0087e58597a84440eee8ff9750
TIMETABLE_BAND person=24 physical=-15750,11250 action=Arrived intent=performance.stage-entry instrument=True
TIMETABLE_BAND person=25 physical=-16750,9250 action=Arrived intent=performance.stage-entry instrument=True
TIMETABLE_BAND person=26 physical=-17250,12250 action=Arrived intent=performance.stage-entry instrument=False
TIMETABLE_STATE name=checkpoint tick=5456 slot=0 phase=Live ready=3 people=32 performers=9 admitted=32 departed=0 status=Playing hash=4f2459963ba29e021d16adc13423f01cd6b3cd157964ebc8b98c89746a06a124
TIMETABLE_BAND person=24 physical=-15750,11250 action=Arrived intent=performance.stage-entry instrument=True
TIMETABLE_BAND person=25 physical=-16750,9250 action=Arrived intent=performance.stage-entry instrument=True
TIMETABLE_BAND person=26 physical=-17250,12250 action=Arrived intent=performance.stage-entry instrument=False
TIMETABLE_STATE name=checkpoint tick=5472 slot=0 phase=Live ready=3 people=32 performers=9 admitted=32 departed=0 status=Playing hash=e831ae91f6615c69638c470ca677be5770324ad89774cf2271fda4ab64d2485f
TIMETABLE_BAND person=24 physical=-15750,11250 action=Arrived intent=performance.stage-entry instrument=True
TIMETABLE_BAND person=25 physical=-16750,9250 action=Arrived intent=performance.stage-entry instrument=True
TIMETABLE_BAND person=26 physical=-17250,12250 action=Arrived intent=performance.stage-entry instrument=False
TIMETABLE_STATE name=checkpoint tick=5488 slot=0 phase=Live ready=3 people=32 performers=9 admitted=32 departed=0 status=Playing hash=59c6d41172781c9578378e2abdc6653abba791cb37ee8102bfc9e6b16a9d9c37
TIMETABLE_BAND person=24 physical=-15750,11250 action=Arrived intent=performance.stage-entry instrument=True
TIMETABLE_BAND person=25 physical=-16750,9250 action=Arrived intent=performance.stage-entry instrument=True
TIMETABLE_BAND person=26 physical=-17250,12250 action=Arrived intent=performance.stage-entry instrument=False
TIMETABLE_STATE name=checkpoint tick=5504 slot=0 phase=Live ready=3 people=32 performers=9 admitted=32 departed=0 status=Playing hash=45d85b29d251e2f53bc422affd9d545aae5ee7dc8db6a846473a32732ccaf21c
TIMETABLE_BAND person=24 physical=-15750,11250 action=Arrived intent=performance.stage-entry instrument=True
TIMETABLE_BAND person=25 physical=-16750,9250 action=Arrived intent=performance.stage-entry instrument=True
TIMETABLE_BAND person=26 physical=-17250,12250 action=Arrived intent=performance.stage-entry instrument=False
TIMETABLE_STATE name=checkpoint tick=5520 slot=0 phase=Live ready=3 people=32 performers=9 admitted=32 departed=0 status=Playing hash=71b2ca3aacaa20b5001ce990b28e06c4323c2aaf08f245ec6d46ce3664a45b2e
TIMETABLE_BAND person=24 physical=-15750,11250 action=Arrived intent=performance.stage-entry instrument=True
TIMETABLE_BAND person=25 physical=-16750,9250 action=Arrived intent=performance.stage-entry instrument=True
TIMETABLE_BAND person=26 physical=-17250,12250 action=Arrived intent=performance.stage-entry instrument=False
TIMETABLE_STATE name=checkpoint tick=5536 slot=0 phase=Live ready=3 people=32 performers=9 admitted=32 departed=0 status=Playing hash=05d0ba4b843d9f7274e0337b679962d5d61052e0bfce7f23bd8077fafc811c0b
TIMETABLE_BAND person=24 physical=-15750,11250 action=Arrived intent=performance.stage-entry instrument=True
TIMETABLE_BAND person=25 physical=-16750,9250 action=Arrived intent=performance.stage-entry instrument=True
TIMETABLE_BAND person=26 physical=-17250,12250 action=Arrived intent=performance.stage-entry instrument=False
TIMETABLE_STATE name=checkpoint tick=5552 slot=0 phase=Live ready=3 people=32 performers=9 admitted=32 departed=0 status=Playing hash=b1c5f176e1c286e3e6623d105780ff534dc2d5641895d01ec05a402015789e59
TIMETABLE_BAND person=24 physical=-15750,11250 action=Arrived intent=performance.stage-entry instrument=True
TIMETABLE_BAND person=25 physical=-16750,9250 action=Arrived intent=performance.stage-entry instrument=True
TIMETABLE_BAND person=26 physical=-17250,12250 action=Arrived intent=performance.stage-entry instrument=False
TIMETABLE_STATE name=checkpoint tick=5568 slot=0 phase=Live ready=3 people=32 performers=9 admitted=32 departed=0 status=Playing hash=22c50268e3d6da1430b859e6306dae314c1bd63c9283981ce184ec7622017036
TIMETABLE_BAND person=24 physical=-15750,11250 action=Arrived intent=performance.stage-entry instrument=True
TIMETABLE_BAND person=25 physical=-16750,9250 action=Arrived intent=performance.stage-entry instrument=True
TIMETABLE_BAND person=26 physical=-17250,12250 action=Arrived intent=performance.stage-entry instrument=False
TIMETABLE_STATE name=checkpoint tick=5584 slot=0 phase=Live ready=3 people=32 performers=9 admitted=32 departed=0 status=Playing hash=cbbde113d4ed67e377e5f0dcb32ed72365aa0e9e79f065c392440048ac727f7d
TIMETABLE_BAND person=24 physical=-15750,11250 action=Arrived intent=performance.stage-entry instrument=True
TIMETABLE_BAND person=25 physical=-16750,9250 action=Arrived intent=performance.stage-entry instrument=True
TIMETABLE_BAND person=26 physical=-17250,12250 action=Arrived intent=performance.stage-entry instrument=False
TIMETABLE_STATE name=checkpoint tick=5600 slot=0 phase=Live ready=3 people=32 performers=9 admitted=32 departed=0 status=Playing hash=633077ebbbf4790ffa2841e3746418423161f67d3dadc7283a810e5eeae1f218
TIMETABLE_BAND person=24 physical=-15750,11250 action=Arrived intent=performance.stage-entry instrument=True
TIMETABLE_BAND person=25 physical=-16750,9250 action=Arrived intent=performance.stage-entry instrument=True
TIMETABLE_BAND person=26 physical=-17250,12250 action=Arrived intent=performance.stage-entry instrument=False
TIMETABLE_STATE name=checkpoint tick=5616 slot=0 phase=Live ready=3 people=32 performers=9 admitted=32 departed=0 status=Playing hash=9b5aac51425ceca3b83d67738c067faf991810e7528ef09344325ba0ea4bde81
TIMETABLE_BAND person=24 physical=-15750,11250 action=Arrived intent=performance.stage-entry instrument=True
TIMETABLE_BAND person=25 physical=-16750,9250 action=Arrived intent=performance.stage-entry instrument=True
TIMETABLE_BAND person=26 physical=-17250,12250 action=Arrived intent=performance.stage-entry instrument=False
TIMETABLE_STATE name=checkpoint tick=5632 slot=0 phase=Live ready=3 people=32 performers=9 admitted=32 departed=0 status=Playing hash=fff96aee66cc0ece54ffb47a90f6952b644c8b5aafae8e0b1653eb06813f25a0
TIMETABLE_BAND person=24 physical=-15750,11250 action=Arrived intent=performance.stage-entry instrument=True
TIMETABLE_BAND person=25 physical=-16750,9250 action=Arrived intent=performance.stage-entry instrument=True
TIMETABLE_BAND person=26 physical=-17250,12250 action=Arrived intent=performance.stage-entry instrument=False
TIMETABLE_STATE name=checkpoint tick=5648 slot=0 phase=Live ready=3 people=32 performers=9 admitted=32 departed=0 status=Playing hash=56f79114875cd74af5654d94f4280a309a5b24493e21daf754ce81fd9f856bc8
TIMETABLE_BAND person=24 physical=-15750,11250 action=Arrived intent=performance.stage-entry instrument=True
TIMETABLE_BAND person=25 physical=-16750,9250 action=Arrived intent=performance.stage-entry instrument=True
TIMETABLE_BAND person=26 physical=-17250,12250 action=Arrived intent=performance.stage-entry instrument=False
TIMETABLE_STATE name=checkpoint tick=5664 slot=0 phase=Live ready=3 people=32 performers=9 admitted=32 departed=0 status=Playing hash=1f32b73aad9646cef3e6abfa3060e401617dd8209fdf4ce1450567be7c3177ca
TIMETABLE_BAND person=24 physical=-15750,11250 action=Arrived intent=performance.stage-entry instrument=True
TIMETABLE_BAND person=25 physical=-16750,9250 action=Arrived intent=performance.stage-entry instrument=True
TIMETABLE_BAND person=26 physical=-17250,12250 action=Arrived intent=performance.stage-entry instrument=False
TIMETABLE_STATE name=checkpoint tick=5680 slot=0 phase=Live ready=3 people=32 performers=9 admitted=32 departed=0 status=Playing hash=58dea0d09e12ab34a62b56ac61879dda1c23855a8c428d548ca7d31036fdd8b4
TIMETABLE_BAND person=24 physical=-15750,11250 action=Arrived intent=performance.stage-entry instrument=True
TIMETABLE_BAND person=25 physical=-16750,9250 action=Arrived intent=performance.stage-entry instrument=True
TIMETABLE_BAND person=26 physical=-17250,12250 action=Arrived intent=performance.stage-entry instrument=False
TIMETABLE_STATE name=checkpoint tick=5696 slot=0 phase=Live ready=3 people=32 performers=9 admitted=32 departed=0 status=Playing hash=5b40e61be76f81954b8f95d5fdae10756cf34f79083239e054fc18ef20694df5
TIMETABLE_BAND person=24 physical=-15750,11250 action=Arrived intent=performance.stage-entry instrument=True
TIMETABLE_BAND person=25 physical=-16750,9250 action=Arrived intent=performance.stage-entry instrument=True
TIMETABLE_BAND person=26 physical=-17250,12250 action=Arrived intent=performance.stage-entry instrument=False
TIMETABLE_STATE name=checkpoint tick=5712 slot=0 phase=Live ready=3 people=32 performers=9 admitted=32 departed=0 status=Playing hash=fc33c1e21ce7d12ca660d42dfc47592a015d4630588ee25c8824995937184144
TIMETABLE_BAND person=24 physical=-15750,11250 action=Arrived intent=performance.stage-entry instrument=True
TIMETABLE_BAND person=25 physical=-16750,9250 action=Arrived intent=performance.stage-entry instrument=True
TIMETABLE_BAND person=26 physical=-17250,12250 action=Arrived intent=performance.stage-entry instrument=False
TIMETABLE_STATE name=checkpoint tick=5728 slot=0 phase=Live ready=3 people=32 performers=9 admitted=32 departed=0 status=Playing hash=1f40634ff8483c9b85d42f8240074850a9c6c1b7faa7520f1428efdc7c3669a1
TIMETABLE_BAND person=24 physical=-15750,11250 action=Arrived intent=performance.stage-entry instrument=True
TIMETABLE_BAND person=25 physical=-16750,9250 action=Arrived intent=performance.stage-entry instrument=True
TIMETABLE_BAND person=26 physical=-17250,12250 action=Arrived intent=performance.stage-entry instrument=False
TIMETABLE_STATE name=checkpoint tick=5744 slot=0 phase=Live ready=3 people=32 performers=9 admitted=32 departed=0 status=Playing hash=ff2adf0d378b2421f8f27c24a306bd0cfbf74a6f7393b51de743073dd9e2eea4
TIMETABLE_BAND person=24 physical=-15750,11250 action=Arrived intent=performance.stage-entry instrument=True
TIMETABLE_BAND person=25 physical=-16750,9250 action=Arrived intent=performance.stage-entry instrument=True
TIMETABLE_BAND person=26 physical=-17250,12250 action=Arrived intent=performance.stage-entry instrument=False
TIMETABLE_STATE name=checkpoint tick=5760 slot=0 phase=Live ready=3 people=32 performers=9 admitted=32 departed=0 status=Playing hash=bc04d6d7706fac2c8d4423a560f0eb0bda2ce9d7b0a62429ff5dbf6dfeb33e18
TIMETABLE_BAND person=24 physical=-15750,11250 action=Arrived intent=performance.stage-entry instrument=True
TIMETABLE_BAND person=25 physical=-16750,9250 action=Arrived intent=performance.stage-entry instrument=True
TIMETABLE_BAND person=26 physical=-17250,12250 action=Arrived intent=performance.stage-entry instrument=False
TIMETABLE_STATE name=checkpoint tick=5776 slot=0 phase=Live ready=3 people=32 performers=9 admitted=32 departed=0 status=Playing hash=2d3ec5f7a3232985f3e99eb79d37c799bd2e2d7955f19d8badacc7c3b098accd
TIMETABLE_BAND person=24 physical=-15750,11250 action=Arrived intent=performance.stage-entry instrument=True
TIMETABLE_BAND person=25 physical=-16750,9250 action=Arrived intent=performance.stage-entry instrument=True
TIMETABLE_BAND person=26 physical=-17250,12250 action=Arrived intent=performance.stage-entry instrument=False
TIMETABLE_STATE name=checkpoint tick=5792 slot=0 phase=Live ready=3 people=32 performers=9 admitted=32 departed=0 status=Playing hash=65449097185d1cf24cd261ae9e507081dc0f8194838c149f5bbebeffb980cd01
TIMETABLE_BAND person=24 physical=-15750,11250 action=Arrived intent=performance.stage-entry instrument=True
TIMETABLE_BAND person=25 physical=-16750,9250 action=Arrived intent=performance.stage-entry instrument=True
TIMETABLE_BAND person=26 physical=-17250,12250 action=Arrived intent=performance.stage-entry instrument=False
TIMETABLE_STATE name=checkpoint tick=5808 slot=0 phase=Live ready=3 people=32 performers=9 admitted=32 departed=0 status=Playing hash=7b7604d486ee45a3a60557652bfac92cbe6de2128f9bc8f952a7a5db20dcd02f
TIMETABLE_BAND person=24 physical=-15750,11250 action=Arrived intent=performance.stage-entry instrument=True
TIMETABLE_BAND person=25 physical=-16750,9250 action=Arrived intent=performance.stage-entry instrument=True
TIMETABLE_BAND person=26 physical=-17250,12250 action=Arrived intent=performance.stage-entry instrument=False
TIMETABLE_STATE name=checkpoint tick=5824 slot=0 phase=Live ready=3 people=32 performers=9 admitted=32 departed=0 status=Playing hash=b96975859ec204f82a7a1830c5eb434a1807fedd7e48bfb59fdcd4550f70a103
TIMETABLE_BAND person=24 physical=-15750,11250 action=Arrived intent=performance.stage-entry instrument=True
TIMETABLE_BAND person=25 physical=-16750,9250 action=Arrived intent=performance.stage-entry instrument=True
TIMETABLE_BAND person=26 physical=-17250,12250 action=Arrived intent=performance.stage-entry instrument=False
TIMETABLE_STATE name=checkpoint tick=5840 slot=0 phase=Live ready=3 people=32 performers=9 admitted=32 departed=0 status=Playing hash=e9aa899690ce0ae9fbc03c0f8ca254b254b24946985d99fb17ab3fdf98adf4a8
TIMETABLE_BAND person=24 physical=-15750,11250 action=Arrived intent=performance.stage-entry instrument=True
TIMETABLE_BAND person=25 physical=-16750,9250 action=Arrived intent=performance.stage-entry instrument=True
TIMETABLE_BAND person=26 physical=-17250,12250 action=Arrived intent=performance.stage-entry instrument=False
TIMETABLE_STATE name=checkpoint tick=5856 slot=0 phase=Live ready=3 people=32 performers=9 admitted=32 departed=0 status=Playing hash=2b4360d0f97b3e96f3adc2006fa983c52f5391fb540c357018e643953fa77262
TIMETABLE_BAND person=24 physical=-15750,11250 action=Arrived intent=performance.stage-entry instrument=True
TIMETABLE_BAND person=25 physical=-16750,9250 action=Arrived intent=performance.stage-entry instrument=True
TIMETABLE_BAND person=26 physical=-17250,12250 action=Arrived intent=performance.stage-entry instrument=False
TIMETABLE_STATE name=checkpoint tick=5872 slot=0 phase=Live ready=3 people=32 performers=9 admitted=32 departed=0 status=Playing hash=55ca7bb296397b0c8be1038c3d4cc45338d5c7cb313491d07d4d028f897bee66
TIMETABLE_BAND person=24 physical=-15750,11250 action=Arrived intent=performance.stage-entry instrument=True
TIMETABLE_BAND person=25 physical=-16750,9250 action=Arrived intent=performance.stage-entry instrument=True
TIMETABLE_BAND person=26 physical=-17250,12250 action=Arrived intent=performance.stage-entry instrument=False
TIMETABLE_STATE name=checkpoint tick=5888 slot=0 phase=Live ready=3 people=32 performers=9 admitted=32 departed=0 status=Playing hash=7626693fd8f0342ec5ff84d5adc1d3ecb3b78db72fe11bd6d7e404d53ba3d27b
TIMETABLE_BAND person=24 physical=-15750,11250 action=Arrived intent=performance.stage-entry instrument=True
TIMETABLE_BAND person=25 physical=-16750,9250 action=Arrived intent=performance.stage-entry instrument=True
TIMETABLE_BAND person=26 physical=-17250,12250 action=Arrived intent=performance.stage-entry instrument=False
TIMETABLE_STATE name=checkpoint tick=5904 slot=0 phase=Live ready=3 people=32 performers=9 admitted=32 departed=0 status=Playing hash=32b784ea418f5fbc43cc27dad737d6a911b15e2d324efe971648c9809db29963
TIMETABLE_BAND person=24 physical=-15750,11250 action=Arrived intent=performance.stage-entry instrument=True
TIMETABLE_BAND person=25 physical=-16750,9250 action=Arrived intent=performance.stage-entry instrument=True
TIMETABLE_BAND person=26 physical=-17250,12250 action=Arrived intent=performance.stage-entry instrument=False
TIMETABLE_STATE name=checkpoint tick=5920 slot=0 phase=Live ready=3 people=32 performers=9 admitted=32 departed=0 status=Playing hash=fa61f262bbb9e25db820ebe4b21a67390c769b25e0e0585e828e7d2aec7092c8
TIMETABLE_BAND person=24 physical=-15750,11250 action=Arrived intent=performance.stage-entry instrument=True
TIMETABLE_BAND person=25 physical=-16750,9250 action=Arrived intent=performance.stage-entry instrument=True
TIMETABLE_BAND person=26 physical=-17250,12250 action=Arrived intent=performance.stage-entry instrument=False
TIMETABLE_STATE name=checkpoint tick=5936 slot=0 phase=Live ready=3 people=32 performers=9 admitted=32 departed=0 status=Playing hash=0ac4bee3534d2a1b6c54f39bbcc5cfa8d073922f230356040c96cae7c64dd0bd
TIMETABLE_BAND person=24 physical=-15750,11250 action=Arrived intent=performance.stage-entry instrument=True
TIMETABLE_BAND person=25 physical=-16750,9250 action=Arrived intent=performance.stage-entry instrument=True
TIMETABLE_BAND person=26 physical=-17250,12250 action=Arrived intent=performance.stage-entry instrument=False
TIMETABLE_STATE name=checkpoint tick=5952 slot=0 phase=Live ready=3 people=32 performers=9 admitted=32 departed=0 status=Playing hash=5d9dcec8d6c0b9c938586c714f4f871c5abb46bcbb12ff67bd28bfde6d4a6ab6
TIMETABLE_BAND person=24 physical=-15750,11250 action=Arrived intent=performance.stage-entry instrument=True
TIMETABLE_BAND person=25 physical=-16750,9250 action=Arrived intent=performance.stage-entry instrument=True
TIMETABLE_BAND person=26 physical=-17250,12250 action=Arrived intent=performance.stage-entry instrument=False
TIMETABLE_STATE name=checkpoint tick=5968 slot=0 phase=Live ready=3 people=32 performers=9 admitted=32 departed=0 status=Playing hash=0dbf7c7c01e48fb67a5de0528998c2a83eb7264735336f922e5d83985b03a3a3
TIMETABLE_BAND person=24 physical=-15750,11250 action=Arrived intent=performance.stage-entry instrument=True
TIMETABLE_BAND person=25 physical=-16750,9250 action=Arrived intent=performance.stage-entry instrument=True
TIMETABLE_BAND person=26 physical=-17250,12250 action=Arrived intent=performance.stage-entry instrument=False
TIMETABLE_STATE name=checkpoint tick=5984 slot=0 phase=Live ready=3 people=32 performers=9 admitted=32 departed=0 status=Playing hash=eb19b8d77427dbdeb715c05a1d2ef04c1a92bebec8134ceb1453388255f0c32c
TIMETABLE_BAND person=24 physical=-15750,11250 action=Arrived intent=performance.stage-entry instrument=True
TIMETABLE_BAND person=25 physical=-16750,9250 action=Arrived intent=performance.stage-entry instrument=True
TIMETABLE_BAND person=26 physical=-17250,12250 action=Arrived intent=performance.stage-entry instrument=False
TIMETABLE_STATE name=checkpoint tick=6000 slot=0 phase=Live ready=3 people=32 performers=9 admitted=32 departed=0 status=Playing hash=67b566fe16c3643d13e1a27c545ead13e786c6b86306c2c53fd344b507034e9e
TIMETABLE_BAND person=24 physical=-15750,11250 action=Arrived intent=performance.stage-entry instrument=True
TIMETABLE_BAND person=25 physical=-16750,9250 action=Arrived intent=performance.stage-entry instrument=True
TIMETABLE_BAND person=26 physical=-17250,12250 action=Arrived intent=performance.stage-entry instrument=False
TIMETABLE_STATE name=checkpoint tick=6016 slot=0 phase=Live ready=3 people=32 performers=9 admitted=32 departed=0 status=Playing hash=134fc08c3229bec6f1bcb01e4f5b36d367058dd349dc38bd194c6d309b14812a
TIMETABLE_BAND person=24 physical=-15750,11250 action=Arrived intent=performance.stage-entry instrument=True
TIMETABLE_BAND person=25 physical=-16750,9250 action=Arrived intent=performance.stage-entry instrument=True
TIMETABLE_BAND person=26 physical=-17250,12250 action=Arrived intent=performance.stage-entry instrument=False
TIMETABLE_STATE name=checkpoint tick=6032 slot=0 phase=Live ready=3 people=32 performers=9 admitted=32 departed=0 status=Playing hash=39f93a356bc0c4c8de995dda01fb39664f17dde3a78d8bbb5b70f4efa6349a48
TIMETABLE_BAND person=24 physical=-15750,11250 action=Arrived intent=performance.stage-entry instrument=True
TIMETABLE_BAND person=25 physical=-16750,9250 action=Arrived intent=performance.stage-entry instrument=True
TIMETABLE_BAND person=26 physical=-17250,12250 action=Arrived intent=performance.stage-entry instrument=False
TIMETABLE_STATE name=checkpoint tick=6048 slot=0 phase=Live ready=3 people=32 performers=9 admitted=32 departed=0 status=Playing hash=adfa3918d970cd160a368286fc2a98c00bc71fc6d9dd84b3d954f415ef794812
TIMETABLE_BAND person=24 physical=-15750,11250 action=Arrived intent=performance.stage-entry instrument=True
TIMETABLE_BAND person=25 physical=-16750,9250 action=Arrived intent=performance.stage-entry instrument=True
TIMETABLE_BAND person=26 physical=-17250,12250 action=Arrived intent=performance.stage-entry instrument=False
TIMETABLE_STATE name=checkpoint tick=6064 slot=0 phase=Live ready=3 people=32 performers=9 admitted=32 departed=0 status=Playing hash=e72f7b76f79ac5673396fc194f41a737a410704ec8bb9e157c2391bb5ad18d6d
TIMETABLE_BAND person=24 physical=-15750,11250 action=Arrived intent=performance.stage-entry instrument=True
TIMETABLE_BAND person=25 physical=-16750,9250 action=Arrived intent=performance.stage-entry instrument=True
TIMETABLE_BAND person=26 physical=-17250,12250 action=Arrived intent=performance.stage-entry instrument=False
TIMETABLE_STATE name=checkpoint tick=6080 slot=0 phase=Live ready=3 people=32 performers=9 admitted=32 departed=0 status=Playing hash=a5c58fb6ca87a144c5bd61b8d04e8eeff59109c78c8d7f7d452184c03e023052
TIMETABLE_BAND person=24 physical=-15750,11250 action=Arrived intent=performance.stage-entry instrument=True
TIMETABLE_BAND person=25 physical=-16750,9250 action=Arrived intent=performance.stage-entry instrument=True
TIMETABLE_BAND person=26 physical=-17250,12250 action=Arrived intent=performance.stage-entry instrument=False
TIMETABLE_STATE name=checkpoint tick=6096 slot=0 phase=Live ready=3 people=32 performers=9 admitted=32 departed=0 status=Playing hash=727eadb1e70f4f51c73b10145f8f05096191002fb54ac8cf95b00bbcc67efb2f
TIMETABLE_BAND person=24 physical=-15750,11250 action=Arrived intent=performance.stage-entry instrument=True
TIMETABLE_BAND person=25 physical=-16750,9250 action=Arrived intent=performance.stage-entry instrument=True
TIMETABLE_BAND person=26 physical=-17250,12250 action=Arrived intent=performance.stage-entry instrument=False
TIMETABLE_STATE name=checkpoint tick=6112 slot=0 phase=Live ready=3 people=32 performers=9 admitted=32 departed=0 status=Playing hash=6c36a4676223d3b43241aa081fb26f8a6a20a6165b2652b47b98d4f1336dfc19
TIMETABLE_BAND person=24 physical=-15750,11250 action=Arrived intent=performance.stage-entry instrument=True
TIMETABLE_BAND person=25 physical=-16750,9250 action=Arrived intent=performance.stage-entry instrument=True
TIMETABLE_BAND person=26 physical=-17250,12250 action=Arrived intent=performance.stage-entry instrument=False
TIMETABLE_STATE name=checkpoint tick=6128 slot=0 phase=Live ready=3 people=32 performers=9 admitted=32 departed=0 status=Playing hash=d50ab11057b1d79498eb02c9a4124dda51d6a3979599496f0575ab2d36c1cf8c
TIMETABLE_BAND person=24 physical=-15750,11250 action=Arrived intent=performance.stage-entry instrument=True
TIMETABLE_BAND person=25 physical=-16750,9250 action=Arrived intent=performance.stage-entry instrument=True
TIMETABLE_BAND person=26 physical=-17250,12250 action=Arrived intent=performance.stage-entry instrument=False
TIMETABLE_STATE name=checkpoint tick=6144 slot=0 phase=Live ready=3 people=32 performers=9 admitted=32 departed=0 status=Playing hash=ff9d8bbfdc54478e03b736d072c70d03a0e6a087fe032492f49d02a1b95d3c7c
TIMETABLE_BAND person=24 physical=-15750,11250 action=Arrived intent=performance.stage-entry instrument=True
TIMETABLE_BAND person=25 physical=-16750,9250 action=Arrived intent=performance.stage-entry instrument=True
TIMETABLE_BAND person=26 physical=-17250,12250 action=Arrived intent=performance.stage-entry instrument=False
TIMETABLE_STATE name=checkpoint tick=6160 slot=0 phase=Live ready=3 people=32 performers=9 admitted=32 departed=0 status=Playing hash=d91cee023b7c2c281f1dfb5760d346413bbaf23c137caab82c49df8b34612d39
TIMETABLE_BAND person=24 physical=-15750,11250 action=Arrived intent=performance.stage-entry instrument=True
TIMETABLE_BAND person=25 physical=-16750,9250 action=Arrived intent=performance.stage-entry instrument=True
TIMETABLE_BAND person=26 physical=-17250,12250 action=Arrived intent=performance.stage-entry instrument=False
TIMETABLE_STATE name=checkpoint tick=6176 slot=0 phase=Live ready=3 people=32 performers=9 admitted=32 departed=0 status=Playing hash=d9efe4cd7e64ab2c3cf067c99f63250dfef4947ead945c21283cf18e0a3c6666
TIMETABLE_BAND person=24 physical=-15750,11250 action=Arrived intent=performance.stage-entry instrument=True
TIMETABLE_BAND person=25 physical=-16750,9250 action=Arrived intent=performance.stage-entry instrument=True
TIMETABLE_BAND person=26 physical=-17250,12250 action=Arrived intent=performance.stage-entry instrument=False
TIMETABLE_STATE name=checkpoint tick=6192 slot=0 phase=Live ready=3 people=32 performers=9 admitted=32 departed=0 status=Playing hash=d6cd16563f6dff8939f0df43922166527ee63af74a2380696d3f55bcbb5a6c56
TIMETABLE_BAND person=24 physical=-15750,11250 action=Arrived intent=performance.stage-entry instrument=True
TIMETABLE_BAND person=25 physical=-16750,9250 action=Arrived intent=performance.stage-entry instrument=True
TIMETABLE_BAND person=26 physical=-17250,12250 action=Arrived intent=performance.stage-entry instrument=False
TIMETABLE_STATE name=checkpoint tick=6208 slot=0 phase=Live ready=3 people=32 performers=9 admitted=32 departed=0 status=Playing hash=47afe942bcf8261f16ff235443bd8dc8e0a29b6831bc9b1ae097a0883b1fa734
TIMETABLE_BAND person=24 physical=-15750,11250 action=Arrived intent=performance.stage-entry instrument=True
TIMETABLE_BAND person=25 physical=-16750,9250 action=Arrived intent=performance.stage-entry instrument=True
TIMETABLE_BAND person=26 physical=-17250,12250 action=Arrived intent=performance.stage-entry instrument=False
TIMETABLE_STATE name=checkpoint tick=6224 slot=0 phase=Live ready=3 people=32 performers=9 admitted=32 departed=0 status=Playing hash=ddc994190d2cccca88288cd9bf51d700bb4707c3082630ad5559cc870574b588
TIMETABLE_BAND person=24 physical=-15750,11250 action=Arrived intent=performance.stage-entry instrument=True
TIMETABLE_BAND person=25 physical=-16750,9250 action=Arrived intent=performance.stage-entry instrument=True
TIMETABLE_BAND person=26 physical=-17250,12250 action=Arrived intent=performance.stage-entry instrument=False
TIMETABLE_STATE name=checkpoint tick=6240 slot=0 phase=Live ready=3 people=32 performers=9 admitted=32 departed=0 status=Playing hash=9a1a647502a2c438c91e1c201428798de2cc61af5171f04888d7f85b0afa8ff0
TIMETABLE_BAND person=24 physical=-15750,11250 action=Arrived intent=performance.stage-entry instrument=True
TIMETABLE_BAND person=25 physical=-16750,9250 action=Arrived intent=performance.stage-entry instrument=True
TIMETABLE_BAND person=26 physical=-17250,12250 action=Arrived intent=performance.stage-entry instrument=False
TIMETABLE_STATE name=checkpoint tick=6256 slot=0 phase=Live ready=3 people=32 performers=9 admitted=32 departed=0 status=Playing hash=6423249ac06180aa1b1f8d7ccc1d5ba6725a252983379384357556c1e5b6d557
TIMETABLE_BAND person=24 physical=-15750,11250 action=Arrived intent=performance.stage-entry instrument=True
TIMETABLE_BAND person=25 physical=-16750,9250 action=Arrived intent=performance.stage-entry instrument=True
TIMETABLE_BAND person=26 physical=-17250,12250 action=Arrived intent=performance.stage-entry instrument=False
TIMETABLE_STATE name=checkpoint tick=6272 slot=0 phase=Live ready=3 people=32 performers=9 admitted=32 departed=0 status=Playing hash=64b16527c77e19341a68b55dbf333f3f98f69a30141067dece5ed0e0f5364d2f
TIMETABLE_BAND person=24 physical=-15750,11250 action=Arrived intent=performance.stage-entry instrument=True
TIMETABLE_BAND person=25 physical=-16750,9250 action=Arrived intent=performance.stage-entry instrument=True
TIMETABLE_BAND person=26 physical=-17250,12250 action=Arrived intent=performance.stage-entry instrument=False
TIMETABLE_STATE name=checkpoint tick=6288 slot=0 phase=Live ready=3 people=32 performers=9 admitted=32 departed=0 status=Playing hash=b8c780b4304f7ae9aa7bad07d3ef4d5606ac3e9cecfd1f8eed3c2534bf789bb1
TIMETABLE_BAND person=24 physical=-15750,11250 action=Arrived intent=performance.stage-entry instrument=True
TIMETABLE_BAND person=25 physical=-16750,9250 action=Arrived intent=performance.stage-entry instrument=True
TIMETABLE_BAND person=26 physical=-17250,12250 action=Arrived intent=performance.stage-entry instrument=False
TIMETABLE_STATE name=checkpoint tick=6304 slot=0 phase=Live ready=3 people=32 performers=9 admitted=32 departed=0 status=Playing hash=218a69c2c95bf0e48d08c5d26520ed64925e0b4b161681f7a4feee69e52a3e11
TIMETABLE_BAND person=24 physical=-15750,11250 action=Arrived intent=performance.stage-entry instrument=True
TIMETABLE_BAND person=25 physical=-16750,9250 action=Arrived intent=performance.stage-entry instrument=True
TIMETABLE_BAND person=26 physical=-17250,12250 action=Arrived intent=performance.stage-entry instrument=False
TIMETABLE_STATE name=checkpoint tick=6320 slot=0 phase=Live ready=3 people=32 performers=9 admitted=32 departed=0 status=Playing hash=d69e6946adeef8ed47987043c605f20eef1fccf17e9e8f81cc7796849bad06fe
TIMETABLE_BAND person=24 physical=-15750,11250 action=Arrived intent=performance.stage-entry instrument=True
TIMETABLE_BAND person=25 physical=-16750,9250 action=Arrived intent=performance.stage-entry instrument=True
TIMETABLE_BAND person=26 physical=-17250,12250 action=Arrived intent=performance.stage-entry instrument=False
TIMETABLE_STATE name=checkpoint tick=6336 slot=0 phase=Live ready=3 people=32 performers=9 admitted=32 departed=0 status=Playing hash=2c4565f4e7ae9fca2926b5c8d6ed47bb1fb42e1db6938ecb1804150358076334
TIMETABLE_BAND person=24 physical=-15750,11250 action=Arrived intent=performance.stage-entry instrument=True
TIMETABLE_BAND person=25 physical=-16750,9250 action=Arrived intent=performance.stage-entry instrument=True
TIMETABLE_BAND person=26 physical=-17250,12250 action=Arrived intent=performance.stage-entry instrument=False
TIMETABLE_STATE name=checkpoint tick=6352 slot=0 phase=Live ready=3 people=32 performers=9 admitted=32 departed=0 status=Playing hash=888eec8543339373cf67c1492f6d5fa2b9c0963fc164b3add2d5376dbd860bb3
TIMETABLE_BAND person=24 physical=-15750,11250 action=Arrived intent=performance.stage-entry instrument=True
TIMETABLE_BAND person=25 physical=-16750,9250 action=Arrived intent=performance.stage-entry instrument=True
TIMETABLE_BAND person=26 physical=-17250,12250 action=Arrived intent=performance.stage-entry instrument=False
TIMETABLE_STATE name=checkpoint tick=6368 slot=0 phase=Live ready=3 people=32 performers=9 admitted=32 departed=0 status=Playing hash=cf99603e90416656be80b105d592538783c440991bfec929060e5d711e53167b
TIMETABLE_BAND person=24 physical=-15750,11250 action=Arrived intent=performance.stage-entry instrument=True
TIMETABLE_BAND person=25 physical=-16750,9250 action=Arrived intent=performance.stage-entry instrument=True
TIMETABLE_BAND person=26 physical=-17250,12250 action=Arrived intent=performance.stage-entry instrument=False
TIMETABLE_STATE name=checkpoint tick=6384 slot=0 phase=Live ready=3 people=32 performers=9 admitted=32 departed=0 status=Playing hash=e59f53b442467e4298941b772c4e64044d3123720e8dc2408340edd5379729f1
TIMETABLE_BAND person=24 physical=-15750,11250 action=Arrived intent=performance.stage-entry instrument=True
TIMETABLE_BAND person=25 physical=-16750,9250 action=Arrived intent=performance.stage-entry instrument=True
TIMETABLE_BAND person=26 physical=-17250,12250 action=Arrived intent=performance.stage-entry instrument=False
TIMETABLE_STATE name=checkpoint tick=6400 slot=0 phase=Live ready=3 people=32 performers=9 admitted=32 departed=0 status=Playing hash=c99fa7fe39ca827f8298d092ab008b3267e407e69893a0025f0f28f964b80186
TIMETABLE_BAND person=24 physical=-15750,11250 action=Arrived intent=performance.stage-entry instrument=True
TIMETABLE_BAND person=25 physical=-16750,9250 action=Arrived intent=performance.stage-entry instrument=True
TIMETABLE_BAND person=26 physical=-17250,12250 action=Arrived intent=performance.stage-entry instrument=False
TIMETABLE_STATE name=checkpoint tick=6416 slot=0 phase=Live ready=3 people=32 performers=9 admitted=32 departed=0 status=Playing hash=e5ef86c8ab67f9453f55e9f968f374aa5aa8eecb8dd2274c618b7cb920e368de
TIMETABLE_BAND person=24 physical=-15750,11250 action=Arrived intent=performance.stage-entry instrument=True
TIMETABLE_BAND person=25 physical=-16750,9250 action=Arrived intent=performance.stage-entry instrument=True
TIMETABLE_BAND person=26 physical=-17250,12250 action=Arrived intent=performance.stage-entry instrument=False
TIMETABLE_STATE name=checkpoint tick=6432 slot=0 phase=Live ready=3 people=32 performers=9 admitted=32 departed=0 status=Playing hash=a9a906d311a5247b15defbff608479b15df064025bd5b8894cc7eb4a2b819dc0
TIMETABLE_BAND person=24 physical=-15750,11250 action=Arrived intent=performance.stage-entry instrument=True
TIMETABLE_BAND person=25 physical=-16750,9250 action=Arrived intent=performance.stage-entry instrument=True
TIMETABLE_BAND person=26 physical=-17250,12250 action=Arrived intent=performance.stage-entry instrument=False
TIMETABLE_STATE name=checkpoint tick=6448 slot=0 phase=Live ready=3 people=32 performers=9 admitted=32 departed=0 status=Playing hash=eef45bdf542ef81ae16bd60b8e09ac8238ba405d4d7ec4979c88056a5a51f8de
TIMETABLE_BAND person=24 physical=-15750,11250 action=Arrived intent=performance.stage-entry instrument=True
TIMETABLE_BAND person=25 physical=-16750,9250 action=Arrived intent=performance.stage-entry instrument=True
TIMETABLE_BAND person=26 physical=-17250,12250 action=Arrived intent=performance.stage-entry instrument=False
TIMETABLE_STATE name=checkpoint tick=6464 slot=0 phase=Live ready=3 people=32 performers=9 admitted=32 departed=0 status=Playing hash=e8b62743e8defcb01234ee750d16679ed19a9f2436a3278d0c50a27340663fcf
TIMETABLE_BAND person=24 physical=-15750,11250 action=Arrived intent=performance.stage-entry instrument=True
TIMETABLE_BAND person=25 physical=-16750,9250 action=Arrived intent=performance.stage-entry instrument=True
TIMETABLE_BAND person=26 physical=-17250,12250 action=Arrived intent=performance.stage-entry instrument=False
TIMETABLE_STATE name=checkpoint tick=6480 slot=0 phase=Live ready=3 people=32 performers=9 admitted=32 departed=0 status=Playing hash=f40bfb3ebf4c8f97bfe3aea166b3bcc7656aad28dc03c62b7594c047f12ee861
TIMETABLE_BAND person=24 physical=-15750,11250 action=Arrived intent=performance.stage-entry instrument=True
TIMETABLE_BAND person=25 physical=-16750,9250 action=Arrived intent=performance.stage-entry instrument=True
TIMETABLE_BAND person=26 physical=-17250,12250 action=Arrived intent=performance.stage-entry instrument=False
TIMETABLE_STATE name=checkpoint tick=6496 slot=0 phase=Live ready=3 people=32 performers=9 admitted=32 departed=0 status=Playing hash=0d0a5a5f2faacac0a808ed0b9b1b58f32f1581c89026e37c5d1afff4521fbd2b
TIMETABLE_BAND person=24 physical=-15750,11250 action=Arrived intent=performance.stage-entry instrument=True
TIMETABLE_BAND person=25 physical=-16750,9250 action=Arrived intent=performance.stage-entry instrument=True
TIMETABLE_BAND person=26 physical=-17250,12250 action=Arrived intent=performance.stage-entry instrument=False
TIMETABLE_STATE name=checkpoint tick=6512 slot=0 phase=Live ready=3 people=32 performers=9 admitted=32 departed=0 status=Playing hash=baf6645eb1f124eb26ec20c6de4b27fa759cffa9d3bd47b0804c0cf77dc8c410
TIMETABLE_BAND person=24 physical=-15750,11250 action=Arrived intent=performance.stage-entry instrument=True
TIMETABLE_BAND person=25 physical=-16750,9250 action=Arrived intent=performance.stage-entry instrument=True
TIMETABLE_BAND person=26 physical=-17250,12250 action=Arrived intent=performance.stage-entry instrument=False
TIMETABLE_STATE name=checkpoint tick=6528 slot=0 phase=Live ready=3 people=32 performers=9 admitted=32 departed=0 status=Playing hash=d0cce82df6c6fdfc80f9bf5a435f04922c3abaf29d326080128e84334c1d6195
TIMETABLE_BAND person=24 physical=-15750,11250 action=Arrived intent=performance.stage-entry instrument=True
TIMETABLE_BAND person=25 physical=-16750,9250 action=Arrived intent=performance.stage-entry instrument=True
TIMETABLE_BAND person=26 physical=-17250,12250 action=Arrived intent=performance.stage-entry instrument=False
TIMETABLE_STATE name=checkpoint tick=6544 slot=0 phase=Live ready=3 people=32 performers=9 admitted=32 departed=0 status=Playing hash=7e2f1514650b3e8b4d83454bc7db7dfbb446b72dc0b183d30d0f8ee8e54ef2b3
TIMETABLE_BAND person=24 physical=-15750,11250 action=Arrived intent=performance.stage-entry instrument=True
TIMETABLE_BAND person=25 physical=-16750,9250 action=Arrived intent=performance.stage-entry instrument=True
TIMETABLE_BAND person=26 physical=-17250,12250 action=Arrived intent=performance.stage-entry instrument=False
TIMETABLE_STATE name=checkpoint tick=6560 slot=0 phase=Live ready=3 people=32 performers=9 admitted=32 departed=0 status=Playing hash=b5435377b3c65505227f4500b9ac00bd006f3c7e434da3e57739682705606c78
TIMETABLE_BAND person=24 physical=-15750,11250 action=Arrived intent=performance.stage-entry instrument=True
TIMETABLE_BAND person=25 physical=-16750,9250 action=Arrived intent=performance.stage-entry instrument=True
TIMETABLE_BAND person=26 physical=-17250,12250 action=Arrived intent=performance.stage-entry instrument=False
TIMETABLE_STATE name=checkpoint tick=6576 slot=0 phase=Live ready=3 people=32 performers=9 admitted=32 departed=0 status=Playing hash=fd6c2e4676e765becdbdb34692466362c353257debe986d00e3e0d50d2aa03dd
TIMETABLE_BAND person=24 physical=-15750,11250 action=Arrived intent=performance.stage-entry instrument=True
TIMETABLE_BAND person=25 physical=-16750,9250 action=Arrived intent=performance.stage-entry instrument=True
TIMETABLE_BAND person=26 physical=-17250,12250 action=Arrived intent=performance.stage-entry instrument=False
TIMETABLE_STATE name=checkpoint tick=6592 slot=0 phase=Live ready=3 people=32 performers=9 admitted=32 departed=0 status=Playing hash=5d7c09debf43da4d374613ed01e45ea754d22360061a93b76387003b38a6b90b
TIMETABLE_BAND person=24 physical=-15750,11250 action=Arrived intent=performance.stage-entry instrument=True
TIMETABLE_BAND person=25 physical=-16750,9250 action=Arrived intent=performance.stage-entry instrument=True
TIMETABLE_BAND person=26 physical=-17250,12250 action=Arrived intent=performance.stage-entry instrument=False
TIMETABLE_STATE name=checkpoint tick=6608 slot=0 phase=Live ready=3 people=32 performers=9 admitted=32 departed=0 status=Playing hash=0c79591ad22e6f817ccb4f7f05e9e17f7724c4c3e09a52168a2976093fc8d118
TIMETABLE_BAND person=24 physical=-15750,11250 action=Arrived intent=performance.stage-entry instrument=True
TIMETABLE_BAND person=25 physical=-16750,9250 action=Arrived intent=performance.stage-entry instrument=True
TIMETABLE_BAND person=26 physical=-17250,12250 action=Arrived intent=performance.stage-entry instrument=False
TIMETABLE_STATE name=checkpoint tick=6624 slot=0 phase=Live ready=3 people=32 performers=9 admitted=32 departed=0 status=Playing hash=6f941abbeb1573831872dc7acd52324f2a3df95708bc04d3b7e479bd1cd67220
TIMETABLE_BAND person=24 physical=-15750,11250 action=Arrived intent=performance.stage-entry instrument=True
TIMETABLE_BAND person=25 physical=-16750,9250 action=Arrived intent=performance.stage-entry instrument=True
TIMETABLE_BAND person=26 physical=-17250,12250 action=Arrived intent=performance.stage-entry instrument=False
TIMETABLE_STATE name=checkpoint tick=6640 slot=0 phase=Live ready=3 people=32 performers=9 admitted=32 departed=0 status=Playing hash=5bf501b9a7106ed18641ca68e6736b5352f4a32bb0c9e16a6461f873416f7058
TIMETABLE_BAND person=24 physical=-15750,11250 action=Arrived intent=performance.stage-entry instrument=True
TIMETABLE_BAND person=25 physical=-16750,9250 action=Arrived intent=performance.stage-entry instrument=True
TIMETABLE_BAND person=26 physical=-17250,12250 action=Arrived intent=performance.stage-entry instrument=False
TIMETABLE_STATE name=checkpoint tick=6656 slot=0 phase=Live ready=3 people=32 performers=9 admitted=32 departed=0 status=Playing hash=3e7c5e3ef4e70fb74b05e0f3fac082808018aee8ceba971398548d8b426b985c
TIMETABLE_BAND person=24 physical=-15750,11250 action=Arrived intent=performance.stage-entry instrument=True
TIMETABLE_BAND person=25 physical=-16750,9250 action=Arrived intent=performance.stage-entry instrument=True
TIMETABLE_BAND person=26 physical=-17250,12250 action=Arrived intent=performance.stage-entry instrument=False
TIMETABLE_STATE name=checkpoint tick=6672 slot=0 phase=Live ready=3 people=32 performers=9 admitted=32 departed=0 status=Playing hash=8bfd29d671bca27d4c9f0f5ff439864faf4ebdcaf010757ea91fa4008cbf569b
TIMETABLE_BAND person=24 physical=-15750,11250 action=Arrived intent=performance.stage-entry instrument=True
TIMETABLE_BAND person=25 physical=-16750,9250 action=Arrived intent=performance.stage-entry instrument=True
TIMETABLE_BAND person=26 physical=-17250,12250 action=Arrived intent=performance.stage-entry instrument=False
TIMETABLE_STATE name=checkpoint tick=6688 slot=0 phase=Live ready=3 people=32 performers=9 admitted=32 departed=0 status=Playing hash=0a0032edd7fb0630fd70daedb5e26386c8523013adf3efdedb1459c7c8882d0b
TIMETABLE_BAND person=24 physical=-15750,11250 action=Arrived intent=performance.stage-entry instrument=True
TIMETABLE_BAND person=25 physical=-16750,9250 action=Arrived intent=performance.stage-entry instrument=True
TIMETABLE_BAND person=26 physical=-17250,12250 action=Arrived intent=performance.stage-entry instrument=False
TIMETABLE_STATE name=checkpoint tick=6704 slot=0 phase=Live ready=3 people=32 performers=9 admitted=32 departed=0 status=Playing hash=11e2bb143b067c45acd3174aa42c69befc6098ff531d33616a9266432a054263
TIMETABLE_BAND person=24 physical=-15750,11250 action=Arrived intent=performance.stage-entry instrument=True
TIMETABLE_BAND person=25 physical=-16750,9250 action=Arrived intent=performance.stage-entry instrument=True
TIMETABLE_BAND person=26 physical=-17250,12250 action=Arrived intent=performance.stage-entry instrument=False
TIMETABLE_STATE name=checkpoint tick=6720 slot=0 phase=Live ready=3 people=32 performers=9 admitted=32 departed=0 status=Playing hash=82e6fd14e58dc6460d7db19ceeb08611008f692b9972b551a9c440f37540ad2c
TIMETABLE_BAND person=24 physical=-15750,11250 action=Arrived intent=performance.stage-entry instrument=True
TIMETABLE_BAND person=25 physical=-16750,9250 action=Arrived intent=performance.stage-entry instrument=True
TIMETABLE_BAND person=26 physical=-17250,12250 action=Arrived intent=performance.stage-entry instrument=False
TIMETABLE_STATE name=checkpoint tick=6736 slot=0 phase=Live ready=3 people=32 performers=9 admitted=32 departed=0 status=Playing hash=1700c8fd24d70483b55b7e41182521bf773a345be2f43954365ba9dadb1e7315
TIMETABLE_BAND person=24 physical=-15750,11250 action=Arrived intent=performance.stage-entry instrument=True
TIMETABLE_BAND person=25 physical=-16750,9250 action=Arrived intent=performance.stage-entry instrument=True
TIMETABLE_BAND person=26 physical=-17250,12250 action=Arrived intent=performance.stage-entry instrument=False
TIMETABLE_STATE name=checkpoint tick=6752 slot=0 phase=Live ready=3 people=32 performers=9 admitted=32 departed=0 status=Playing hash=e44fcb5439a532554a2f3fdee0505e6202e69be2aec4634c3a54e46d1f2cdb26
TIMETABLE_BAND person=24 physical=-15750,11250 action=Arrived intent=performance.stage-entry instrument=True
TIMETABLE_BAND person=25 physical=-16750,9250 action=Arrived intent=performance.stage-entry instrument=True
TIMETABLE_BAND person=26 physical=-17250,12250 action=Arrived intent=performance.stage-entry instrument=False
TIMETABLE_STATE name=checkpoint tick=6768 slot=0 phase=Live ready=3 people=32 performers=9 admitted=32 departed=0 status=Playing hash=e55127681d411065e95e26248bbf6c6f206e4fe271bc55d589de9abb73009a0b
TIMETABLE_BAND person=24 physical=-15750,11250 action=Arrived intent=performance.stage-entry instrument=True
TIMETABLE_BAND person=25 physical=-16750,9250 action=Arrived intent=performance.stage-entry instrument=True
TIMETABLE_BAND person=26 physical=-17250,12250 action=Arrived intent=performance.stage-entry instrument=False
TIMETABLE_STATE name=checkpoint tick=6784 slot=0 phase=Live ready=3 people=32 performers=9 admitted=32 departed=0 status=Playing hash=bf3bd0f60ee20e609af86744f3b799679a62cde04d4ea989f7178fe8de5bcf83
TIMETABLE_BAND person=24 physical=-15750,11250 action=Arrived intent=performance.stage-entry instrument=True
TIMETABLE_BAND person=25 physical=-16750,9250 action=Arrived intent=performance.stage-entry instrument=True
TIMETABLE_BAND person=26 physical=-17250,12250 action=Arrived intent=performance.stage-entry instrument=False
TIMETABLE_STATE name=checkpoint tick=6800 slot=0 phase=Live ready=3 people=32 performers=9 admitted=32 departed=0 status=Playing hash=cd319887a959f54f4eb656d80d84d1cf559a8055dde976736b9ecaadce674f03
TIMETABLE_BAND person=24 physical=-15750,11250 action=Arrived intent=performance.stage-entry instrument=True
TIMETABLE_BAND person=25 physical=-16750,9250 action=Arrived intent=performance.stage-entry instrument=True
TIMETABLE_BAND person=26 physical=-17250,12250 action=Arrived intent=performance.stage-entry instrument=False
TIMETABLE_STATE name=checkpoint tick=6816 slot=0 phase=Live ready=3 people=32 performers=9 admitted=32 departed=0 status=Playing hash=36f3399e9ba42f99c660a705d67bc671d6e7e9f9cb744ae8f31faf4dec619ecb
TIMETABLE_BAND person=24 physical=-15750,11250 action=Arrived intent=performance.stage-entry instrument=True
TIMETABLE_BAND person=25 physical=-16750,9250 action=Arrived intent=performance.stage-entry instrument=True
TIMETABLE_BAND person=26 physical=-17250,12250 action=Arrived intent=performance.stage-entry instrument=False
TIMETABLE_STATE name=checkpoint tick=6832 slot=0 phase=Live ready=3 people=32 performers=9 admitted=32 departed=0 status=Playing hash=05151a565272f128e254bdc1e4509f9ff7b13c3207f3290f1404524c13109bf5
TIMETABLE_BAND person=24 physical=-15750,11250 action=Arrived intent=performance.stage-entry instrument=True
TIMETABLE_BAND person=25 physical=-16750,9250 action=Arrived intent=performance.stage-entry instrument=True
TIMETABLE_BAND person=26 physical=-17250,12250 action=Arrived intent=performance.stage-entry instrument=False
TIMETABLE_STATE name=checkpoint tick=6848 slot=0 phase=Live ready=3 people=32 performers=9 admitted=32 departed=0 status=Playing hash=9288f28fa5bed731332f033587da53264a7b56be244530b49ec775b01c40113d
TIMETABLE_BAND person=24 physical=-15750,11250 action=Arrived intent=performance.stage-entry instrument=True
TIMETABLE_BAND person=25 physical=-16750,9250 action=Arrived intent=performance.stage-entry instrument=True
TIMETABLE_BAND person=26 physical=-17250,12250 action=Arrived intent=performance.stage-entry instrument=False
TIMETABLE_STATE name=checkpoint tick=6864 slot=0 phase=Live ready=3 people=32 performers=9 admitted=32 departed=0 status=Playing hash=33d23e786014d4a54925b5fec0fcedb012f274c6914d254695516caf5bdf5b3c
TIMETABLE_BAND person=24 physical=-15750,11250 action=Arrived intent=performance.stage-entry instrument=True
TIMETABLE_BAND person=25 physical=-16750,9250 action=Arrived intent=performance.stage-entry instrument=True
TIMETABLE_BAND person=26 physical=-17250,12250 action=Arrived intent=performance.stage-entry instrument=False
TIMETABLE_STATE name=checkpoint tick=6880 slot=0 phase=Live ready=3 people=32 performers=9 admitted=32 departed=0 status=Playing hash=e6995c8bd5660532a3292d1c4f7dcd96d69f91f76b4845fd0adc6c8f23aa5836
TIMETABLE_BAND person=24 physical=-15750,11250 action=Arrived intent=performance.stage-entry instrument=True
TIMETABLE_BAND person=25 physical=-16750,9250 action=Arrived intent=performance.stage-entry instrument=True
TIMETABLE_BAND person=26 physical=-17250,12250 action=Arrived intent=performance.stage-entry instrument=False
TIMETABLE_STATE name=checkpoint tick=6896 slot=0 phase=Live ready=3 people=32 performers=9 admitted=32 departed=0 status=Playing hash=4f756c18aec468e51954b7fe9e4e412c49cc549b983bdad72fab9f10cb89f7ea
TIMETABLE_BAND person=24 physical=-15750,11250 action=Arrived intent=performance.stage-entry instrument=True
TIMETABLE_BAND person=25 physical=-16750,9250 action=Arrived intent=performance.stage-entry instrument=True
TIMETABLE_BAND person=26 physical=-17250,12250 action=Arrived intent=performance.stage-entry instrument=False
TIMETABLE_STATE name=checkpoint tick=6912 slot=0 phase=Live ready=3 people=32 performers=9 admitted=32 departed=0 status=Playing hash=00feb964bc7cf25dacce23b2763cb465b482fce3b12fa025ab1059d2791dc7b4
TIMETABLE_BAND person=24 physical=-15750,11250 action=Arrived intent=performance.stage-entry instrument=True
TIMETABLE_BAND person=25 physical=-16750,9250 action=Arrived intent=performance.stage-entry instrument=True
TIMETABLE_BAND person=26 physical=-17250,12250 action=Arrived intent=performance.stage-entry instrument=False
TIMETABLE_STATE name=checkpoint tick=6928 slot=0 phase=Live ready=3 people=32 performers=9 admitted=32 departed=0 status=Playing hash=5e65b9d38c12face2c0a490f6db59aa41ce2bd97942cb7b031d312f59fcad389
TIMETABLE_BAND person=24 physical=-15750,11250 action=Arrived intent=performance.stage-entry instrument=True
TIMETABLE_BAND person=25 physical=-16750,9250 action=Arrived intent=performance.stage-entry instrument=True
TIMETABLE_BAND person=26 physical=-17250,12250 action=Arrived intent=performance.stage-entry instrument=False
TIMETABLE_STATE name=checkpoint tick=6944 slot=0 phase=Live ready=3 people=32 performers=9 admitted=32 departed=0 status=Playing hash=04155d971a85efa9257055c8125519a5c3e876b3b323060f960de5bab47b7546
TIMETABLE_BAND person=24 physical=-15750,11250 action=Arrived intent=performance.stage-entry instrument=True
TIMETABLE_BAND person=25 physical=-16750,9250 action=Arrived intent=performance.stage-entry instrument=True
TIMETABLE_BAND person=26 physical=-17250,12250 action=Arrived intent=performance.stage-entry instrument=False
TIMETABLE_STATE name=checkpoint tick=6960 slot=0 phase=Live ready=3 people=32 performers=9 admitted=32 departed=0 status=Playing hash=6153a53c08bbb74eb43f8cb2ef81bd4600a4a1f442557df23479dd9fd925914e
TIMETABLE_BAND person=24 physical=-15750,11250 action=Arrived intent=performance.stage-entry instrument=True
TIMETABLE_BAND person=25 physical=-16750,9250 action=Arrived intent=performance.stage-entry instrument=True
TIMETABLE_BAND person=26 physical=-17250,12250 action=Arrived intent=performance.stage-entry instrument=False
TIMETABLE_STATE name=checkpoint tick=6976 slot=0 phase=Live ready=3 people=32 performers=9 admitted=32 departed=0 status=Playing hash=cc8b38250139571c5b1d7a6505ff1607a5e47ce01502e458ecdde0b11362d57b
TIMETABLE_BAND person=24 physical=-15750,11250 action=Arrived intent=performance.stage-entry instrument=True
TIMETABLE_BAND person=25 physical=-16750,9250 action=Arrived intent=performance.stage-entry instrument=True
TIMETABLE_BAND person=26 physical=-17250,12250 action=Arrived intent=performance.stage-entry instrument=False
TIMETABLE_STATE name=checkpoint tick=6992 slot=0 phase=Live ready=3 people=32 performers=9 admitted=32 departed=0 status=Playing hash=b30f41356811bdf41937c9df4919892e97371f423f90ab00390a769dd00b69a0
TIMETABLE_BAND person=24 physical=-15750,11250 action=Arrived intent=performance.stage-entry instrument=True
TIMETABLE_BAND person=25 physical=-16750,9250 action=Arrived intent=performance.stage-entry instrument=True
TIMETABLE_BAND person=26 physical=-17250,12250 action=Arrived intent=performance.stage-entry instrument=False
TIMETABLE_STATE name=checkpoint tick=7008 slot=0 phase=Live ready=3 people=32 performers=9 admitted=32 departed=0 status=Playing hash=dffe49f196a6d2462fc608037bb373e2dc295896f394b2204d5338498ae0943b
TIMETABLE_BAND person=24 physical=-15750,11250 action=Arrived intent=performance.stage-entry instrument=True
TIMETABLE_BAND person=25 physical=-16750,9250 action=Arrived intent=performance.stage-entry instrument=True
TIMETABLE_BAND person=26 physical=-17250,12250 action=Arrived intent=performance.stage-entry instrument=False
TIMETABLE_STATE name=checkpoint tick=7024 slot=0 phase=Live ready=3 people=32 performers=9 admitted=32 departed=0 status=Playing hash=63e9dac2c3c6dd09262a0c67d4afd6af8b6e302d8b0ac03abdffb28698e6e7cd
TIMETABLE_BAND person=24 physical=-15750,11250 action=Arrived intent=performance.stage-entry instrument=True
TIMETABLE_BAND person=25 physical=-16750,9250 action=Arrived intent=performance.stage-entry instrument=True
TIMETABLE_BAND person=26 physical=-17250,12250 action=Arrived intent=performance.stage-entry instrument=False
ATTENDEE_SELECTED id=15 orientation=South
FARM_SELECTION_CLEARED
ATTENDEE_POSE_ACTUAL key=male-drink_hold-soft owner=15 transaction=immersion:1:12 consumed=8 hash=63e9dac2c3c6dd09262a0c67d4afd6af8b6e302d8b0ac03abdffb28698e6e7cd reload=True root_identity=True scale=1
TIMETABLE_STATE name=checkpoint tick=7040 slot=0 phase=Live ready=3 people=32 performers=9 admitted=32 departed=0 status=Playing hash=813fdfce47a41152f0cd22ae10e6b8d5e3f04be243f63a4fd3b71c1499ffb3e2
TIMETABLE_BAND person=24 physical=-15750,11250 action=Arrived intent=performance.stage-entry instrument=True
TIMETABLE_BAND person=25 physical=-16750,9250 action=Arrived intent=performance.stage-entry instrument=True
TIMETABLE_BAND person=26 physical=-17250,12250 action=Arrived intent=performance.stage-entry instrument=False
TIMETABLE_STATE name=checkpoint tick=7056 slot=0 phase=Live ready=3 people=32 performers=9 admitted=32 departed=0 status=Playing hash=70f645a74120732877e3d24d4394fb66b9c5d414f9bd412d0ee98a952a998c8c
TIMETABLE_BAND person=24 physical=-15750,11250 action=Arrived intent=performance.stage-entry instrument=True
TIMETABLE_BAND person=25 physical=-16750,9250 action=Arrived intent=performance.stage-entry instrument=True
TIMETABLE_BAND person=26 physical=-17250,12250 action=Arrived intent=performance.stage-entry instrument=False
TIMETABLE_STATE name=checkpoint tick=7072 slot=0 phase=Live ready=3 people=32 performers=9 admitted=32 departed=0 status=Playing hash=c35f761861313b57779318198c7dd9303c93a37349b96bfc2714e7a96724314e
TIMETABLE_BAND person=24 physical=-15750,11250 action=Arrived intent=performance.stage-entry instrument=True
TIMETABLE_BAND person=25 physical=-16750,9250 action=Arrived intent=performance.stage-entry instrument=True
TIMETABLE_BAND person=26 physical=-17250,12250 action=Arrived intent=performance.stage-entry instrument=False
TIMETABLE_STATE name=checkpoint tick=7088 slot=0 phase=Live ready=3 people=32 performers=9 admitted=32 departed=0 status=Playing hash=6c62f38af3bc7172c42447a264cd567ecc0f360ff9f9c699e4d7e34f48040c1e
TIMETABLE_BAND person=24 physical=-15750,11250 action=Arrived intent=performance.stage-entry instrument=True
TIMETABLE_BAND person=25 physical=-16750,9250 action=Arrived intent=performance.stage-entry instrument=True
TIMETABLE_BAND person=26 physical=-17250,12250 action=Arrived intent=performance.stage-entry instrument=False
TIMETABLE_STATE name=checkpoint tick=7104 slot=0 phase=Live ready=3 people=32 performers=9 admitted=32 departed=0 status=Playing hash=8d5aa51a5fc35e21a7f3ab928e1290ab5b9b9c61e6899aa79019055a975c2b3f
TIMETABLE_BAND person=24 physical=-15750,11250 action=Arrived intent=performance.stage-entry instrument=True
TIMETABLE_BAND person=25 physical=-16750,9250 action=Arrived intent=performance.stage-entry instrument=True
TIMETABLE_BAND person=26 physical=-17250,12250 action=Arrived intent=performance.stage-entry instrument=False
TIMETABLE_STATE name=checkpoint tick=7120 slot=0 phase=Live ready=3 people=32 performers=9 admitted=32 departed=0 status=Playing hash=d586b2d21d18e87ed2ffe59840ce5ca71d2b1397f2ff38de7a9c602303d6e918
TIMETABLE_BAND person=24 physical=-15750,11250 action=Arrived intent=performance.stage-entry instrument=True
TIMETABLE_BAND person=25 physical=-16750,9250 action=Arrived intent=performance.stage-entry instrument=True
TIMETABLE_BAND person=26 physical=-17250,12250 action=Arrived intent=performance.stage-entry instrument=False
TIMETABLE_STATE name=checkpoint tick=7136 slot=0 phase=Live ready=3 people=32 performers=9 admitted=32 departed=0 status=Playing hash=bb8c62a46af415710292488510fdb089ac91544b38062f8282ec133be9ea6abd
TIMETABLE_BAND person=24 physical=-15750,11250 action=Arrived intent=performance.stage-entry instrument=True
TIMETABLE_BAND person=25 physical=-16750,9250 action=Arrived intent=performance.stage-entry instrument=True
TIMETABLE_BAND person=26 physical=-17250,12250 action=Arrived intent=performance.stage-entry instrument=False
TIMETABLE_STATE name=checkpoint tick=7152 slot=0 phase=Live ready=3 people=32 performers=9 admitted=32 departed=0 status=Playing hash=ca60d53498d2b72c6020bc57b4dca8f29704aa0b5a910285e7283246f9914128
TIMETABLE_BAND person=24 physical=-15750,11250 action=Arrived intent=performance.stage-entry instrument=True
TIMETABLE_BAND person=25 physical=-16750,9250 action=Arrived intent=performance.stage-entry instrument=True
TIMETABLE_BAND person=26 physical=-17250,12250 action=Arrived intent=performance.stage-entry instrument=False
TIMETABLE_STATE name=checkpoint tick=7168 slot=0 phase=Live ready=3 people=32 performers=9 admitted=32 departed=0 status=Playing hash=9895bc65038dbdafa43c3ca1db82b7d2c98da229cbf9a4378d36cb63d845ded8
TIMETABLE_BAND person=24 physical=-15750,11250 action=Arrived intent=performance.stage-entry instrument=True
TIMETABLE_BAND person=25 physical=-16750,9250 action=Arrived intent=performance.stage-entry instrument=True
TIMETABLE_BAND person=26 physical=-17250,12250 action=Arrived intent=performance.stage-entry instrument=False
TIMETABLE_STATE name=checkpoint tick=7184 slot=0 phase=Live ready=3 people=32 performers=9 admitted=32 departed=0 status=Playing hash=d3282d97e38bc6201727c30b5092afa6422a3e5812822d78675aa3917c771554
TIMETABLE_BAND person=24 physical=-15750,11250 action=Arrived intent=performance.stage-entry instrument=True
TIMETABLE_BAND person=25 physical=-16750,9250 action=Arrived intent=performance.stage-entry instrument=True
TIMETABLE_BAND person=26 physical=-17250,12250 action=Arrived intent=performance.stage-entry instrument=False
TIMETABLE_STATE name=checkpoint tick=7200 slot=0 phase=Finished ready=0 people=32 performers=9 admitted=32 departed=0 status=Playing hash=5a8c1f2d3c6994529265a9fa2cea87f6bf4b33b2647a2848432e08f3cf3ddcf4
TIMETABLE_BAND person=24 physical=-15750,11250 action=Travelling intent=medical.free-water-approach instrument=False
TIMETABLE_BAND person=25 physical=-16750,9250 action=Travelling intent=performance.stage-exit-stair instrument=False
TIMETABLE_BAND person=26 physical=-17250,12250 action=Travelling intent=performance.stage-exit-stair instrument=False
TIMETABLE_STATE name=checkpoint tick=7216 slot=0 phase=Finished ready=0 people=32 performers=9 admitted=32 departed=0 status=Changeover: outgoing performers clearing stairs hash=f9a1286f86d189c13628fc6f2141747ec06909c8b5719bd5bcbcb72f9d94f80a
TIMETABLE_BAND person=24 physical=-15750,11706 action=Travelling intent=medical.free-water-approach instrument=False
TIMETABLE_BAND person=25 physical=-16411,9589 action=Travelling intent=performance.stage-exit-stair instrument=False
TIMETABLE_BAND person=26 physical=-16894,12606 action=Travelling intent=performance.stage-exit-stair instrument=False
TIMETABLE_STATE name=checkpoint tick=7232 slot=0 phase=Finished ready=0 people=32 performers=9 admitted=32 departed=0 status=Changeover: outgoing performers clearing stairs hash=755432c8e352639acab1e192e73df00a61f93b3e8d1b369361f3fffad6472520
TIMETABLE_BAND person=24 physical=-15750,12162 action=Travelling intent=medical.free-water-approach instrument=False
TIMETABLE_BAND person=25 physical=-16072,9928 action=Travelling intent=immersion.approach instrument=False
TIMETABLE_BAND person=26 physical=-16486,12795 action=Travelling intent=immersion.approach instrument=False
TIMETABLE_STATE name=checkpoint tick=7248 slot=0 phase=Finished ready=0 people=32 performers=9 admitted=32 departed=0 status=Changeover: outgoing performers clearing stairs hash=6d8f0fabd3503e5fad21b460f0806d9ef19b9363f972eded314bfadfa1ce8689
TIMETABLE_BAND person=24 physical=-15750,12618 action=Travelling intent=medical.free-water-approach instrument=False
TIMETABLE_BAND person=25 physical=-15733,10267 action=Travelling intent=immersion.approach instrument=False
TIMETABLE_BAND person=26 physical=-16063,12937 action=Travelling intent=immersion.approach instrument=False
TIMETABLE_STATE name=checkpoint tick=7264 slot=0 phase=Finished ready=0 people=32 performers=9 admitted=32 departed=0 status=Changeover: outgoing performers clearing stairs hash=a79bef0a4af8793bfd118573fb67808fc92039de500c9465672b8a6e171604fe
TIMETABLE_BAND person=24 physical=-15349,13050 action=Travelling intent=medical.free-water-approach instrument=False
TIMETABLE_BAND person=25 physical=-15393,10607 action=Travelling intent=immersion.approach instrument=False
TIMETABLE_BAND person=26 physical=-15707,13293 action=Travelling intent=immersion.approach instrument=False
TIMETABLE_STATE name=checkpoint tick=7280 slot=0 phase=Finished ready=0 people=32 performers=9 admitted=32 departed=0 status=Changeover: outgoing performers clearing stairs hash=befd91a7aac6f7c25b0333bc868f5fa0c0e95445ff85aa018c7277e6e3ebcd00
TIMETABLE_BAND person=24 physical=-14888,13468 action=Travelling intent=medical.free-water-approach instrument=False
TIMETABLE_BAND person=25 physical=-15054,10946 action=Travelling intent=immersion.approach instrument=False
TIMETABLE_BAND person=26 physical=-15351,13649 action=Travelling intent=immersion.approach instrument=False
TIMETABLE_STATE name=checkpoint tick=7296 slot=0 phase=Finished ready=0 people=32 performers=9 admitted=32 departed=0 status=Changeover: outgoing performers clearing stairs hash=a3a33f3c9d9a635cd66429273f07ea739e8f3fbe6c8751e63ce5503c5d1d9a56
TIMETABLE_BAND person=24 physical=-14750,13892 action=Travelling intent=medical.free-water-approach instrument=False
TIMETABLE_BAND person=25 physical=-14843,11357 action=Travelling intent=immersion.approach instrument=False
TIMETABLE_BAND person=26 physical=-15286,14282 action=Travelling intent=immersion.approach instrument=False
TIMETABLE_STATE name=checkpoint tick=7312 slot=0 phase=Finished ready=0 people=32 performers=9 admitted=32 departed=0 status=Changeover: outgoing performers clearing stairs hash=393b9ca9d41c89819858532845d6e318cb9afe98cd3152139130f06c44237ea6
TIMETABLE_BAND person=24 physical=-14652,14250 action=Travelling intent=medical.free-water-approach instrument=False
TIMETABLE_BAND person=25 physical=-14750,11825 action=Travelling intent=immersion.approach instrument=False
TIMETABLE_BAND person=26 physical=-15108,14066 action=Travelling intent=immersion.approach instrument=False
TIMETABLE_STATE name=checkpoint tick=7328 slot=0 phase=Finished ready=0 people=32 performers=9 admitted=32 departed=0 status=Changeover: outgoing performers clearing stairs hash=0a5a8f8c39902f340b0048943097e4345ddff3277bd2c50fc51472768aff549d
TIMETABLE_BAND person=24 physical=-14196,14250 action=Travelling intent=medical.free-water-approach instrument=False
TIMETABLE_BAND person=25 physical=-14750,12305 action=Travelling intent=immersion.approach instrument=False
TIMETABLE_BAND person=26 physical=-14649,14250 action=Travelling intent=immersion.approach instrument=False
TIMETABLE_STATE name=checkpoint tick=7344 slot=0 phase=Finished ready=0 people=32 performers=9 admitted=32 departed=0 status=Changeover: outgoing performers clearing stairs hash=c8548392ed47e1aebc9099f2781563b2e92b23eddabd9ca563a5f30f13b721b5
TIMETABLE_BAND person=24 physical=-13740,14250 action=Travelling intent=medical.free-water-approach instrument=False
TIMETABLE_BAND person=25 physical=-14750,12785 action=Travelling intent=immersion.approach instrument=False
TIMETABLE_BAND person=26 physical=-14145,14250 action=Travelling intent=immersion.approach instrument=False
TIMETABLE_STATE name=checkpoint tick=7360 slot=0 phase=Finished ready=0 people=32 performers=9 admitted=32 departed=0 status=Changeover: outgoing performers clearing stairs hash=c4470d7f286496ca6b6738056ef3cb860c1fd330396bbdbed20efb7c9921d371
TIMETABLE_BAND person=24 physical=-13284,14250 action=Travelling intent=medical.free-water-approach instrument=False
TIMETABLE_BAND person=25 physical=-14750,13265 action=Travelling intent=medical.free-water-approach instrument=False
TIMETABLE_BAND person=26 physical=-13641,14850 action=Travelling intent=medical.free-water-approach instrument=False
TIMETABLE_STATE name=checkpoint tick=7376 slot=0 phase=Finished ready=0 people=32 performers=9 admitted=32 departed=0 status=Changeover: outgoing performers clearing stairs hash=86f849ce24d70985c1b3dae5ce8fa5aeb50ebea98302f7f29b0ba8c1dff9185f
TIMETABLE_BAND person=24 physical=-13250,13828 action=Travelling intent=medical.free-water-approach instrument=False
TIMETABLE_BAND person=25 physical=-14750,13745 action=Travelling intent=medical.free-water-approach instrument=False
TIMETABLE_BAND person=26 physical=-13854,14195 action=Travelling intent=medical.free-water-approach instrument=False
TIMETABLE_STATE name=checkpoint tick=7392 slot=0 phase=Finished ready=0 people=32 performers=9 admitted=32 departed=0 status=Changeover: outgoing performers clearing stairs hash=2c4f8d694112b4bdc65620268c017e71de9f82478e643f6c5285f9956419bb7c
TIMETABLE_BAND person=24 physical=-13250,13372 action=Travelling intent=medical.free-water-approach instrument=False
TIMETABLE_BAND person=25 physical=-14750,14225 action=Travelling intent=medical.free-water-approach instrument=False
TIMETABLE_BAND person=26 physical=-13364,14250 action=Travelling intent=medical.free-water-approach instrument=False
TIMETABLE_STATE name=checkpoint tick=7408 slot=0 phase=Finished ready=0 people=32 performers=9 admitted=32 departed=0 status=Changeover: outgoing performers clearing stairs hash=56785c821275fd63800e41f4dcd70fe0e93c625cbc7c961c01056e90bf418831
TIMETABLE_BAND person=24 physical=-13250,12916 action=Travelling intent=medical.free-water-approach instrument=False
TIMETABLE_BAND person=25 physical=-14295,14250 action=Travelling intent=medical.free-water-approach instrument=False
TIMETABLE_BAND person=26 physical=-13250,13860 action=Travelling intent=medical.free-water-approach instrument=False
TIMETABLE_STATE name=checkpoint tick=7424 slot=0 phase=Finished ready=0 people=32 performers=9 admitted=32 departed=0 status=Changeover: outgoing performers clearing stairs hash=8e4e964ccee99f8d091d15c55db4a7490c3559c4b32228d30830a1f8198ddcb7
TIMETABLE_BAND person=24 physical=-13250,12460 action=Travelling intent=medical.free-water-approach instrument=False
TIMETABLE_BAND person=25 physical=-13815,14250 action=Travelling intent=medical.free-water-approach instrument=False
TIMETABLE_BAND person=26 physical=-13250,13356 action=Travelling intent=medical.free-water-approach instrument=False
TIMETABLE_STATE name=checkpoint tick=7440 slot=0 phase=Finished ready=0 people=32 performers=9 admitted=32 departed=0 status=Changeover: outgoing performers clearing stairs hash=5b3a310a7623dfeefec576336d7dec813097021f1264b2053a4d70b064605c79
TIMETABLE_BAND person=24 physical=-13250,12004 action=Travelling intent=medical.free-water-approach instrument=False
TIMETABLE_BAND person=25 physical=-13335,14250 action=Travelling intent=medical.free-water-approach instrument=False
TIMETABLE_BAND person=26 physical=-13250,12852 action=Travelling intent=medical.free-water-approach instrument=False
TIMETABLE_STATE name=checkpoint tick=7456 slot=0 phase=Finished ready=0 people=32 performers=9 admitted=32 departed=0 status=Changeover: outgoing performers clearing stairs hash=8a73c6c838e175a09fc67243d8117a5314838e03463aa821700aad30978c25c2
TIMETABLE_BAND person=24 physical=-13250,11548 action=Travelling intent=medical.free-water-approach instrument=False
TIMETABLE_BAND person=25 physical=-13250,13855 action=Travelling intent=medical.free-water-approach instrument=False
TIMETABLE_BAND person=26 physical=-13250,12348 action=Travelling intent=medical.free-water-approach instrument=False
TIMETABLE_STATE name=checkpoint tick=7472 slot=0 phase=Finished ready=0 people=32 performers=9 admitted=32 departed=0 status=Changeover: outgoing performers clearing stairs hash=30dd45ab556143c85b2207beb78866f083e747736f81cef636690e4c49cbf12c
TIMETABLE_BAND person=24 physical=-13250,11092 action=Travelling intent=medical.free-water-approach instrument=False
TIMETABLE_BAND person=25 physical=-13250,13375 action=Travelling intent=medical.free-water-approach instrument=False
TIMETABLE_BAND person=26 physical=-13250,11844 action=Travelling intent=medical.free-water-approach instrument=False
TIMETABLE_STATE name=checkpoint tick=7488 slot=0 phase=Finished ready=0 people=32 performers=9 admitted=32 departed=0 status=Changeover: outgoing performers clearing stairs hash=ea9a133955b8e2dbc7cbab7439b053af612532967fa2c0c7663a4a24a9f96ce2
TIMETABLE_BAND person=24 physical=-13250,10636 action=Travelling intent=medical.free-water-approach instrument=False
TIMETABLE_BAND person=25 physical=-13250,12895 action=Travelling intent=medical.free-water-approach instrument=False
TIMETABLE_BAND person=26 physical=-13250,11340 action=Travelling intent=medical.free-water-approach instrument=False
TIMETABLE_STATE name=checkpoint tick=7504 slot=0 phase=Finished ready=0 people=32 performers=9 admitted=32 departed=0 status=Changeover: outgoing performers clearing stairs hash=368bf97860788d1e867cefad3c87ff6b5e85518d1710fc13f902cfa993239b89
TIMETABLE_BAND person=24 physical=-12716,10089 action=Travelling intent=medical.free-water-approach instrument=False
TIMETABLE_BAND person=25 physical=-13250,12415 action=Travelling intent=medical.free-water-approach instrument=False
TIMETABLE_BAND person=26 physical=-13250,10836 action=Travelling intent=medical.free-water-approach instrument=False
TIMETABLE_STATE name=checkpoint tick=7520 slot=0 phase=Finished ready=0 people=32 performers=9 admitted=32 departed=0 status=Changeover: outgoing performers clearing stairs hash=a01745aaab4c766a6f4d7c5972e8617272f4e4a56a3ee43d6251cdcf2960548e
TIMETABLE_BAND person=24 physical=-13101,9845 action=Travelling intent=medical.free-water-approach instrument=False
TIMETABLE_BAND person=25 physical=-13250,11935 action=Travelling intent=medical.free-water-approach instrument=False
TIMETABLE_BAND person=26 physical=-13169,10391 action=Travelling intent=medical.free-water-approach instrument=False
TIMETABLE_STATE name=checkpoint tick=7536 slot=0 phase=Finished ready=0 people=32 performers=9 admitted=32 departed=0 status=Changeover: outgoing performers clearing stairs hash=49180183476702bbb1b93715438a843f2aee0813f0e57b6eb86653523d088c21
TIMETABLE_BAND person=24 physical=-13250,9471 action=Travelling intent=medical.free-water-approach instrument=False
TIMETABLE_BAND person=25 physical=-13250,11455 action=Travelling intent=medical.free-water-approach instrument=False
TIMETABLE_BAND person=26 physical=-12763,9981 action=Travelling intent=medical.free-water-approach instrument=False
TIMETABLE_STATE name=checkpoint tick=7552 slot=0 phase=Finished ready=0 people=32 performers=9 admitted=32 departed=0 status=Changeover: outgoing performers clearing stairs hash=40c555dd76f7360cd3b8686e6222a9393deffcb4acb169595f09df0e8f03f08c
TIMETABLE_BAND person=24 physical=-13250,9015 action=Travelling intent=medical.free-water-approach instrument=False
TIMETABLE_BAND person=25 physical=-13250,10975 action=Travelling intent=medical.free-water-approach instrument=False
TIMETABLE_BAND person=26 physical=-13328,9983 action=Travelling intent=medical.free-water-approach instrument=False
TIMETABLE_STATE name=checkpoint tick=7568 slot=0 phase=Finished ready=0 people=32 performers=9 admitted=32 departed=0 status=Changeover: outgoing performers clearing stairs hash=158aaf3c9912d728a78113752ac572422e44baace4d5f018e2405b1d94025132
TIMETABLE_BAND person=24 physical=-13250,8559 action=Travelling intent=medical.free-water-approach instrument=False
TIMETABLE_BAND person=25 physical=-13250,10495 action=Travelling intent=medical.free-water-approach instrument=False
TIMETABLE_BAND person=26 physical=-13250,9492 action=Travelling intent=medical.free-water-approach instrument=False
TIMETABLE_STATE name=checkpoint tick=7584 slot=0 phase=Finished ready=0 people=32 performers=9 admitted=32 departed=0 status=Changeover: outgoing performers clearing stairs hash=e4dec3f43f17725b64c25aa1b932a1f9c984046bec2cc315aa22766a79e9ffb1
TIMETABLE_BAND person=24 physical=-13250,8103 action=Travelling intent=medical.free-water-approach instrument=False
TIMETABLE_BAND person=25 physical=-13250,10015 action=Travelling intent=medical.free-water-approach instrument=False
TIMETABLE_BAND person=26 physical=-13250,8988 action=Travelling intent=medical.free-water-approach instrument=False
TIMETABLE_STATE name=checkpoint tick=7600 slot=0 phase=Finished ready=0 people=32 performers=9 admitted=32 departed=0 status=Changeover: outgoing performers clearing stairs hash=1259cc0af7313bfac0e5eb4bc20353665779bbd80e3ad445187c0cc197ed0d70
TIMETABLE_BAND person=24 physical=-13250,7647 action=Travelling intent=medical.free-water-approach instrument=False
TIMETABLE_BAND person=25 physical=-13250,9535 action=Travelling intent=medical.free-water-approach instrument=False
TIMETABLE_BAND person=26 physical=-13250,8484 action=Travelling intent=medical.free-water-approach instrument=False
TIMETABLE_STATE name=checkpoint tick=7616 slot=0 phase=Finished ready=0 people=32 performers=9 admitted=32 departed=0 status=Changeover: outgoing performers clearing stairs hash=802e1a72509865bd0e19d4ef31c4eec67fec521c3f310f01c970f28915f095a3
TIMETABLE_BAND person=24 physical=-13250,7191 action=Travelling intent=medical.free-water-approach instrument=False
TIMETABLE_BAND person=25 physical=-13250,9055 action=Travelling intent=medical.free-water-approach instrument=False
TIMETABLE_BAND person=26 physical=-13250,7980 action=Travelling intent=medical.free-water-approach instrument=False
TIMETABLE_STATE name=checkpoint tick=7632 slot=0 phase=Finished ready=0 people=32 performers=9 admitted=32 departed=0 status=Changeover: outgoing performers clearing stairs hash=fa86d07e3c260d4c7a6d7d200563480d4c2fd125fafd4811e37a4e56d25505e7
TIMETABLE_BAND person=24 physical=-13250,6735 action=Travelling intent=medical.free-water-approach instrument=False
TIMETABLE_BAND person=25 physical=-13250,8575 action=Travelling intent=medical.free-water-approach instrument=False
TIMETABLE_BAND person=26 physical=-13250,7476 action=Travelling intent=medical.free-water-approach instrument=False
TIMETABLE_STATE name=checkpoint tick=7648 slot=0 phase=Finished ready=0 people=32 performers=9 admitted=32 departed=0 status=Changeover: outgoing performers clearing stairs hash=c6a834078edb423e48825da11ab5608ab9f59bee791e41a7491aa2f2ac2d1283
TIMETABLE_BAND person=24 physical=-13250,6279 action=Travelling intent=medical.free-water-approach instrument=False
TIMETABLE_BAND person=25 physical=-13250,8095 action=Travelling intent=medical.free-water-approach instrument=False
TIMETABLE_BAND person=26 physical=-13250,6972 action=Travelling intent=medical.free-water-approach instrument=False
TIMETABLE_STATE name=checkpoint tick=7664 slot=0 phase=Finished ready=0 people=32 performers=9 admitted=32 departed=0 status=Changeover: outgoing performers clearing stairs hash=e4fa38468f22d53fc7d4a2c19c355be57cb269962be17caca59e0e5c8fccbbbc
TIMETABLE_BAND person=24 physical=-13250,5823 action=Travelling intent=medical.free-water-approach instrument=False
TIMETABLE_BAND person=25 physical=-13250,7615 action=Travelling intent=medical.free-water-approach instrument=False
TIMETABLE_BAND person=26 physical=-13250,6468 action=Travelling intent=medical.free-water-approach instrument=False
TIMETABLE_STATE name=checkpoint tick=7680 slot=0 phase=Finished ready=0 people=32 performers=9 admitted=32 departed=0 status=Changeover: outgoing performers clearing stairs hash=bc8e192e865886fdddb74835bbfae9969a381ee8f3027f77768a27ee1b40bbee
TIMETABLE_BAND person=24 physical=-13520,5480 action=Travelling intent=medical.free-water-approach instrument=False
TIMETABLE_BAND person=25 physical=-13250,7135 action=Travelling intent=medical.free-water-approach instrument=False
TIMETABLE_BAND person=26 physical=-12886,6071 action=Travelling intent=medical.free-water-approach instrument=False
TIMETABLE_STATE name=checkpoint tick=7696 slot=0 phase=Finished ready=0 people=32 performers=9 admitted=32 departed=0 status=Changeover: outgoing performers clearing stairs hash=825d8f9cb38c7f4726266277d2a216c722bc7287234821d27471940768e0cc41
TIMETABLE_BAND person=24 physical=-13843,5157 action=Travelling intent=medical.free-water-approach instrument=False
TIMETABLE_BAND person=25 physical=-13250,6655 action=Travelling intent=medical.free-water-approach instrument=False
TIMETABLE_BAND person=26 physical=-13263,5737 action=Travelling intent=medical.free-water-approach instrument=False
TIMETABLE_STATE name=checkpoint tick=7712 slot=0 phase=Finished ready=0 people=32 performers=9 admitted=32 departed=0 status=Changeover: outgoing performers clearing stairs hash=254b0f0e2d5c6cce65bcaf99c01c9f952325859146812c1c9cadb552e8004199
TIMETABLE_BAND person=24 physical=-14165,4835 action=Travelling intent=medical.free-water-approach instrument=False
TIMETABLE_BAND person=25 physical=-13250,6175 action=Travelling intent=medical.free-water-approach instrument=False
TIMETABLE_BAND person=26 physical=-13619,5381 action=Travelling intent=medical.free-water-approach instrument=False
TIMETABLE_STATE name=checkpoint tick=7728 slot=0 phase=Finished ready=0 people=32 performers=9 admitted=32 departed=0 status=Scheduled changeover hash=a5797fae917383c5663ae998f962eeb246ce2e69ea02d3c9df16d5549b0eb4d0
TIMETABLE_BAND person=24 physical=-14488,4512 action=Travelling intent=medical.free-water-approach instrument=False
TIMETABLE_BAND person=25 physical=-13288,5712 action=Travelling intent=medical.free-water-approach instrument=False
TIMETABLE_BAND person=26 physical=-13976,5024 action=Travelling intent=medical.free-water-approach instrument=False
TIMETABLE_STATE name=checkpoint tick=7744 slot=0 phase=Finished ready=0 people=32 performers=9 admitted=32 departed=0 status=Scheduled changeover hash=4b143cbd5e22c0e84700b6f483090d05f51a639c271b83fd5eb451f2c15dd7d7
TIMETABLE_BAND person=24 physical=-14810,4190 action=Travelling intent=medical.free-water-approach instrument=False
TIMETABLE_BAND person=25 physical=-13628,5372 action=Travelling intent=medical.free-water-approach instrument=False
TIMETABLE_BAND person=26 physical=-14332,4668 action=Travelling intent=medical.free-water-approach instrument=False
TIMETABLE_STATE name=checkpoint tick=7760 slot=0 phase=Finished ready=0 people=32 performers=9 admitted=32 departed=0 status=Scheduled changeover hash=f6cd411f7abd274771160f467827f66196c2ba4480d1b5c4d47c1bebe4fd3b90
TIMETABLE_BAND person=24 physical=-15133,3867 action=Travelling intent=medical.free-water-approach instrument=False
TIMETABLE_BAND person=25 physical=-13967,5033 action=Travelling intent=medical.free-water-approach instrument=False
TIMETABLE_BAND person=26 physical=-14689,4311 action=Travelling intent=medical.free-water-approach instrument=False
TIMETABLE_STATE name=checkpoint tick=7776 slot=0 phase=Finished ready=0 people=32 performers=9 admitted=32 departed=0 status=Scheduled changeover hash=46f0537b6df30dbff5bb6193b2c2c5855698f681cdb46a635b5968a0ce074321
TIMETABLE_BAND person=24 physical=-15455,3545 action=Travelling intent=medical.free-water-approach instrument=False
TIMETABLE_BAND person=25 physical=-14307,4693 action=Travelling intent=medical.free-water-approach instrument=False
TIMETABLE_BAND person=26 physical=-15045,3955 action=Travelling intent=medical.free-water-approach instrument=False
TIMETABLE_STATE name=checkpoint tick=7792 slot=0 phase=Finished ready=0 people=32 performers=9 admitted=32 departed=0 status=Scheduled changeover hash=d278c57f6b27563d398f42ac5de1550589f9efdfbf9e6af8170b733a46210286
TIMETABLE_BAND person=24 physical=-15863,3610 action=Travelling intent=medical.free-water-approach instrument=False
TIMETABLE_BAND person=25 physical=-14573,4962 action=Travelling intent=medical.free-water-approach instrument=False
TIMETABLE_BAND person=26 physical=-15467,4090 action=Travelling intent=medical.free-water-approach instrument=False
TIMETABLE_STATE name=checkpoint tick=7808 slot=0 phase=Finished ready=0 people=32 performers=9 admitted=32 departed=0 status=Scheduled changeover hash=106b6605f2e4825f4bb63d444326fb01bf438eb326f01dac2d4753c04d3642fc
TIMETABLE_BAND person=24 physical=-16250,3795 action=Travelling intent=medical.free-water-approach instrument=False
TIMETABLE_BAND person=25 physical=-14892,5250 action=Travelling intent=medical.free-water-approach instrument=False
TIMETABLE_BAND person=26 physical=-15876,4376 action=Travelling intent=medical.free-water-approach instrument=False
TIMETABLE_STATE name=checkpoint tick=7824 slot=0 phase=Finished ready=0 people=32 performers=9 admitted=32 departed=0 status=Scheduled changeover hash=c750c534dbccb85feedebb4f7bce255d2d205199eec8c56b80ce46faa078d2bc
TIMETABLE_BAND person=24 physical=-16121,4210 action=Travelling intent=medical.free-water-approach instrument=False
TIMETABLE_BAND person=25 physical=-14892,5250 action=Travelling intent=medical.free-water-queue instrument=False
TIMETABLE_BAND person=26 physical=-15566,5001 action=Travelling intent=medical.free-water-queue instrument=False
TIMETABLE_STATE name=checkpoint tick=7840 slot=0 phase=Finished ready=0 people=32 performers=9 admitted=32 departed=0 status=Scheduled changeover hash=f017c802a120a745b5b295030b9296ef41585f14a166d9b2c4ff750a932eb08e
TIMETABLE_BAND person=24 physical=-15864,4585 action=Travelling intent=medical.free-water-approach instrument=False
TIMETABLE_BAND person=25 physical=-14412,5250 action=Travelling intent=medical.free-water-queue instrument=False
TIMETABLE_BAND person=26 physical=-15250,5250 action=Arrived intent=medical.free-water-queue instrument=False
TIMETABLE_STATE name=checkpoint tick=7856 slot=0 phase=Finished ready=0 people=32 performers=9 admitted=32 departed=0 status=Scheduled changeover hash=7271a6c25a5463df45f26bb0f9ee4df5385f944901e574e28315dce9504ae13c
TIMETABLE_BAND person=24 physical=-15569,4931 action=Travelling intent=medical.free-water-approach instrument=False
TIMETABLE_BAND person=25 physical=-14250,5250 action=Arrived intent=medical.free-water-queue instrument=False
TIMETABLE_BAND person=26 physical=-15250,5250 action=Arrived intent=medical.free-water-queue instrument=False
TIMETABLE_STATE name=checkpoint tick=7872 slot=0 phase=Finished ready=0 people=32 performers=9 admitted=32 departed=0 status=Scheduled changeover hash=43a87dc1a4955c6df8b3f024f539a7d00b92e61f367d262de96d05b82ab4aee1
TIMETABLE_BAND person=24 physical=-14972,4973 action=Travelling intent=medical.free-water-approach instrument=False
TIMETABLE_BAND person=25 physical=-14250,5250 action=Arrived intent=medical.free-water-queue instrument=False
TIMETABLE_BAND person=26 physical=-15250,5250 action=Arrived intent=medical.free-water-queue instrument=False
TIMETABLE_STATE name=checkpoint tick=7888 slot=0 phase=Finished ready=0 people=32 performers=9 admitted=32 departed=0 status=Scheduled changeover hash=69b79cab68366aca05967559869917e7b5171585666b2372d988e6eba7c340f6
TIMETABLE_BAND person=24 physical=-14649,5250 action=Travelling intent=medical.free-water-approach instrument=False
TIMETABLE_BAND person=25 physical=-14250,5250 action=Arrived intent=medical.free-water-queue instrument=False
TIMETABLE_BAND person=26 physical=-15250,5250 action=Arrived intent=medical.free-water-queue instrument=False
TIMETABLE_STATE name=checkpoint tick=7904 slot=0 phase=Finished ready=0 people=32 performers=9 admitted=32 departed=0 status=Scheduled changeover hash=c77ce37e7fafc0fcf9928226b048dd4050f50decc51e53af1a7b589b7344bbcd
TIMETABLE_BAND person=24 physical=-14015,4910 action=Travelling intent=medical.free-water-approach instrument=False
TIMETABLE_BAND person=25 physical=-14250,5250 action=Arrived intent=medical.free-water-queue instrument=False
TIMETABLE_BAND person=26 physical=-15250,5250 action=Arrived intent=medical.free-water-queue instrument=False
TIMETABLE_STATE name=checkpoint tick=7920 slot=0 phase=Finished ready=0 people=32 performers=9 admitted=32 departed=0 status=Scheduled changeover hash=33a9d8ccbd8cc412065222c89533c6f50d68d6ffd9c9f1a0d4822c1c802af7da
TIMETABLE_BAND person=24 physical=-13725,5250 action=Travelling intent=medical.free-water-approach instrument=False
TIMETABLE_BAND person=25 physical=-14250,5250 action=Arrived intent=medical.free-water-queue instrument=False
TIMETABLE_BAND person=26 physical=-15250,5250 action=Arrived intent=medical.free-water-queue instrument=False
TIMETABLE_STATE name=checkpoint tick=7936 slot=0 phase=Finished ready=0 people=32 performers=9 admitted=32 departed=0 status=Scheduled changeover hash=e5b6abed2821d82e661575a3b002074ec1ebc75f03abef9f8174bb85ba108bea
TIMETABLE_BAND person=24 physical=-13061,4846 action=Travelling intent=medical.free-water-approach instrument=False
TIMETABLE_BAND person=25 physical=-14250,5250 action=Arrived intent=medical.free-water-queue instrument=False
TIMETABLE_BAND person=26 physical=-15250,5250 action=Arrived intent=medical.free-water-queue instrument=False
TIMETABLE_STATE name=checkpoint tick=7952 slot=0 phase=Finished ready=0 people=32 performers=9 admitted=32 departed=0 status=Scheduled changeover hash=206fa4681965c07dce047aacdcd10d9f7f41058e9e36d5786e8e5e54589cfc37
TIMETABLE_BAND person=24 physical=-11801,4218 action=Travelling intent=medical.free-water-approach instrument=False
TIMETABLE_BAND person=25 physical=-14250,5250 action=Arrived intent=medical.free-water-queue instrument=False
TIMETABLE_BAND person=26 physical=-15250,5250 action=Arrived intent=medical.free-water-queue instrument=False
TIMETABLE_STATE name=checkpoint tick=7968 slot=0 phase=Finished ready=0 people=32 performers=9 admitted=32 departed=0 status=Scheduled changeover hash=cf803f92b4a9ff5f3b1ed03efb2351798df456fd491982e01bc4a5cece84c729
TIMETABLE_BAND person=24 physical=-11473,4535 action=Travelling intent=medical.free-water-approach instrument=False
TIMETABLE_BAND person=25 physical=-14250,5250 action=Arrived intent=medical.free-water-queue instrument=False
TIMETABLE_BAND person=26 physical=-15250,5250 action=Arrived intent=medical.free-water-queue instrument=False
TIMETABLE_STATE name=checkpoint tick=7984 slot=0 phase=Finished ready=0 people=32 performers=9 admitted=32 departed=0 status=Scheduled changeover hash=fa45704f64d04a74a588af059de37f2ecda1ad3c5264365d48734d753e37fea7
TIMETABLE_BAND person=24 physical=-11148,4854 action=Travelling intent=medical.free-water-approach instrument=False
TIMETABLE_BAND person=25 physical=-14250,5250 action=Arrived intent=medical.free-water-queue instrument=False
TIMETABLE_BAND person=26 physical=-15250,5250 action=Arrived intent=medical.free-water-queue instrument=False
TIMETABLE_STATE name=checkpoint tick=8000 slot=0 phase=Finished ready=0 people=32 performers=9 admitted=32 departed=0 status=Scheduled changeover hash=e032de316fed0cd5ad8c3f91f77a2603c74767d2ed83399dc54d2f46f66b21bb
TIMETABLE_BAND person=24 physical=-10533,4883 action=Travelling intent=medical.free-water-approach instrument=False
TIMETABLE_BAND person=25 physical=-14250,5250 action=Arrived intent=medical.free-water-queue instrument=False
TIMETABLE_BAND person=26 physical=-15250,5250 action=Arrived intent=medical.free-water-queue instrument=False
TIMETABLE_STATE name=checkpoint tick=8016 slot=0 phase=Finished ready=0 people=32 performers=9 admitted=32 departed=0 status=Scheduled changeover hash=28f41d1d79cc4954a8c188a33d2b490ee7bd80538d6af90fdc1d28ea93a85679
TIMETABLE_BAND person=24 physical=-9582,4560 action=Travelling intent=medical.free-water-approach instrument=False
TIMETABLE_BAND person=25 physical=-14250,5250 action=Arrived intent=medical.free-water-queue instrument=False
TIMETABLE_BAND person=26 physical=-15250,5250 action=Arrived intent=medical.free-water-queue instrument=False
TIMETABLE_STATE name=checkpoint tick=8032 slot=0 phase=Finished ready=0 people=32 performers=9 admitted=32 departed=0 status=Scheduled changeover hash=f8bc998c46b2db3a890ad1d825d39c7b0717c6d7ac2b38691630ec948133e9c1
TIMETABLE_BAND person=24 physical=-9222,4837 action=Travelling intent=medical.free-water-approach instrument=False
TIMETABLE_BAND person=25 physical=-14250,5250 action=Arrived intent=medical.free-water-queue instrument=False
TIMETABLE_BAND person=26 physical=-15250,5250 action=Arrived intent=medical.free-water-queue instrument=False
TIMETABLE_STATE name=checkpoint tick=8048 slot=0 phase=Finished ready=0 people=32 performers=9 admitted=32 departed=0 status=Scheduled changeover hash=fce1a76ef4064e10867f3d47dde9b0a5c8136574f064425096b1202f0931a63a
TIMETABLE_BAND person=24 physical=-8579,4837 action=Travelling intent=medical.free-water-approach instrument=False
TIMETABLE_BAND person=25 physical=-14250,5250 action=Arrived intent=medical.free-water-queue instrument=False
TIMETABLE_BAND person=26 physical=-15250,5250 action=Arrived intent=medical.free-water-queue instrument=False
TIMETABLE_STATE name=checkpoint tick=8064 slot=0 phase=Finished ready=0 people=32 performers=9 admitted=32 departed=0 status=Scheduled changeover hash=8b7efdb1aa9bb4607e76e82735e7fc22992ac31fd84565dcd5ca7c7b6b2f67e3
TIMETABLE_BAND person=24 physical=-8004,4898 action=Travelling intent=medical.free-water-approach instrument=False
TIMETABLE_BAND person=25 physical=-14250,5250 action=Arrived intent=medical.free-water-queue instrument=False
TIMETABLE_BAND person=26 physical=-15250,5250 action=Arrived intent=medical.free-water-queue instrument=False
TIMETABLE_STATE name=checkpoint tick=8080 slot=0 phase=Finished ready=0 people=32 performers=9 admitted=32 departed=0 status=Scheduled changeover hash=9134a44d3eaf0c3e2bfc8898d31cdf3c8afe54a8b45a7f2b164c137cc09acc40
TIMETABLE_BAND person=24 physical=-7650,5142 action=Travelling intent=medical.free-water-overflow instrument=False
TIMETABLE_BAND person=25 physical=-14250,5250 action=Arrived intent=medical.free-water-queue instrument=False
TIMETABLE_BAND person=26 physical=-15250,5250 action=Arrived intent=medical.free-water-queue instrument=False
TIMETABLE_STATE name=checkpoint tick=8096 slot=0 phase=Finished ready=0 people=32 performers=9 admitted=32 departed=0 status=Scheduled changeover hash=a71706a7734dbae4ac1268ee51d082be4a800fdc3bd5637cb0b77427488c1f83
TIMETABLE_BAND person=24 physical=-7250,5250 action=Arrived intent=medical.free-water-overflow instrument=False
TIMETABLE_BAND person=25 physical=-14250,5250 action=Arrived intent=medical.free-water-queue instrument=False
TIMETABLE_BAND person=26 physical=-15250,5250 action=Arrived intent=medical.free-water-queue instrument=False
TIMETABLE_STATE name=checkpoint tick=8112 slot=0 phase=Finished ready=0 people=32 performers=9 admitted=32 departed=0 status=Scheduled changeover hash=fe20353b8735d244c7fdd1908d988e2e9ab39b874a8fae8941fa1fa818f25dcc
TIMETABLE_BAND person=24 physical=-7449,5250 action=Travelling intent=medical.free-water-overflow instrument=False
TIMETABLE_BAND person=25 physical=-14460,5250 action=Travelling intent=medical.free-water-queue instrument=False
TIMETABLE_BAND person=26 physical=-15470,5250 action=Travelling intent=medical.free-water-queue instrument=False
TIMETABLE_STATE name=checkpoint tick=8128 slot=0 phase=Finished ready=0 people=32 performers=9 admitted=32 departed=0 status=Scheduled changeover hash=88bc5a5ddf9cdbf0d61e5849e2c4e047fd538e8402f596d33ca11ed664ff5801
TIMETABLE_BAND person=24 physical=-7905,5250 action=Travelling intent=medical.free-water-overflow instrument=False
TIMETABLE_BAND person=25 physical=-14940,5250 action=Travelling intent=medical.free-water-queue instrument=False
TIMETABLE_BAND person=26 physical=-15974,5250 action=Travelling intent=medical.free-water-queue instrument=False
TIMETABLE_STATE name=checkpoint tick=8144 slot=0 phase=Finished ready=0 people=32 performers=9 admitted=32 departed=0 status=Scheduled changeover hash=e3d6df670bbbf4163a26cbeb16a38ef3050ec34bdba0739c70d05bb623658b86
TIMETABLE_BAND person=24 physical=-8250,5250 action=Arrived intent=medical.free-water-overflow instrument=False
TIMETABLE_BAND person=25 physical=-15250,5250 action=Arrived intent=medical.free-water-queue instrument=False
TIMETABLE_BAND person=26 physical=-16250,5250 action=Arrived intent=medical.free-water-queue instrument=False
TIMETABLE_STATE name=checkpoint tick=8160 slot=0 phase=Finished ready=0 people=32 performers=9 admitted=32 departed=0 status=Scheduled changeover hash=62f4f8b2490e8b5853c1f857123d036bae634ec4176f974d4e2e4de11496980e
TIMETABLE_BAND person=24 physical=-8250,5250 action=Arrived intent=medical.free-water-overflow instrument=False
TIMETABLE_BAND person=25 physical=-15250,5250 action=Arrived intent=medical.free-water-queue instrument=False
TIMETABLE_BAND person=26 physical=-16250,5250 action=Arrived intent=medical.free-water-queue instrument=False
TIMETABLE_STATE name=checkpoint tick=8176 slot=0 phase=Finished ready=0 people=32 performers=9 admitted=32 departed=0 status=Scheduled changeover hash=add1cbe8321e7be4fc08d51de929f1f3c6b37f5218756c6480201708812c26ca
TIMETABLE_BAND person=24 physical=-8250,5250 action=Arrived intent=medical.free-water-overflow instrument=False
TIMETABLE_BAND person=25 physical=-15250,5250 action=Arrived intent=medical.free-water-queue instrument=False
TIMETABLE_BAND person=26 physical=-16250,5250 action=Arrived intent=medical.free-water-queue instrument=False
TIMETABLE_STATE name=checkpoint tick=8192 slot=0 phase=Finished ready=0 people=32 performers=9 admitted=32 departed=0 status=Scheduled changeover hash=728fdb2878a894d6461312995fae8b38c1df33e486c25d76fa106e2d0de187b4
TIMETABLE_BAND person=24 physical=-8250,5250 action=Arrived intent=medical.free-water-overflow instrument=False
TIMETABLE_BAND person=25 physical=-15250,5250 action=Arrived intent=medical.free-water-queue instrument=False
TIMETABLE_BAND person=26 physical=-16250,5250 action=Arrived intent=medical.free-water-queue instrument=False
TIMETABLE_STATE name=checkpoint tick=8208 slot=0 phase=Finished ready=0 people=32 performers=9 admitted=32 departed=0 status=Scheduled changeover hash=4b287be5ef6229c14adf8278d1bae8776b33d664ae7aa05723943ae43ec3b8c7
TIMETABLE_BAND person=24 physical=-8250,5250 action=Arrived intent=medical.free-water-overflow instrument=False
TIMETABLE_BAND person=25 physical=-15250,5250 action=Arrived intent=medical.free-water-queue instrument=False
TIMETABLE_BAND person=26 physical=-16250,5250 action=Arrived intent=medical.free-water-queue instrument=False
TIMETABLE_STATE name=checkpoint tick=8224 slot=0 phase=Finished ready=0 people=32 performers=9 admitted=32 departed=0 status=Scheduled changeover hash=9ee46aae2904afff308b90f998dc09b3f15719c766a3bb1f6652ad4b1cbbb123
TIMETABLE_BAND person=24 physical=-8250,5250 action=Arrived intent=medical.free-water-overflow instrument=False
TIMETABLE_BAND person=25 physical=-15250,5250 action=Arrived intent=medical.free-water-queue instrument=False
TIMETABLE_BAND person=26 physical=-16250,5250 action=Arrived intent=medical.free-water-queue instrument=False
TIMETABLE_STATE name=checkpoint tick=8240 slot=0 phase=Finished ready=0 people=32 performers=9 admitted=32 departed=0 status=Scheduled changeover hash=ae0c3ff3cc3ef0b68baa6482b9e09f5bff8e80dcbf268763aa2fc57810f6c5ae
TIMETABLE_BAND person=24 physical=-8250,5250 action=Arrived intent=medical.free-water-overflow instrument=False
TIMETABLE_BAND person=25 physical=-15250,5250 action=Arrived intent=medical.free-water-queue instrument=False
TIMETABLE_BAND person=26 physical=-16250,5250 action=Arrived intent=medical.free-water-queue instrument=False
TIMETABLE_STATE name=checkpoint tick=8256 slot=0 phase=Finished ready=0 people=32 performers=9 admitted=32 departed=0 status=Scheduled changeover hash=0e9be8a879740f09ca07ee694b95f4474e0d44bfd607389f250d2a366b3a9878
TIMETABLE_BAND person=24 physical=-8250,5250 action=Arrived intent=medical.free-water-overflow instrument=False
TIMETABLE_BAND person=25 physical=-15250,5250 action=Arrived intent=medical.free-water-queue instrument=False
TIMETABLE_BAND person=26 physical=-16250,5250 action=Arrived intent=medical.free-water-queue instrument=False
TIMETABLE_STATE name=checkpoint tick=8272 slot=0 phase=Finished ready=0 people=32 performers=9 admitted=32 departed=0 status=Scheduled changeover hash=f75cab16b8600ffca2c550897fee7a30d9913b5aceb77281578d95e3f35ac2cc
TIMETABLE_BAND person=24 physical=-8250,5250 action=Arrived intent=medical.free-water-overflow instrument=False
TIMETABLE_BAND person=25 physical=-15250,5250 action=Arrived intent=medical.free-water-queue instrument=False
TIMETABLE_BAND person=26 physical=-16250,5250 action=Arrived intent=medical.free-water-queue instrument=False
TIMETABLE_STATE name=checkpoint tick=8288 slot=0 phase=Finished ready=0 people=32 performers=9 admitted=32 departed=0 status=Scheduled changeover hash=10c1c37099b8c71d5194767bbe4170d5e5a385304686f01601dc51b2390c3992
TIMETABLE_BAND person=24 physical=-8250,5250 action=Arrived intent=medical.free-water-overflow instrument=False
TIMETABLE_BAND person=25 physical=-15250,5250 action=Arrived intent=medical.free-water-queue instrument=False
TIMETABLE_BAND person=26 physical=-16250,5250 action=Arrived intent=medical.free-water-queue instrument=False
TIMETABLE_STATE name=checkpoint tick=8304 slot=0 phase=Finished ready=0 people=32 performers=9 admitted=32 departed=0 status=Scheduled changeover hash=516f601285c84a201e7096fa4a6a6f81cdfc6e70562c8954e9370cb1aaf1e3ed
TIMETABLE_BAND person=24 physical=-8250,5250 action=Arrived intent=medical.free-water-overflow instrument=False
TIMETABLE_BAND person=25 physical=-15250,5250 action=Arrived intent=medical.free-water-queue instrument=False
TIMETABLE_BAND person=26 physical=-16250,5250 action=Arrived intent=medical.free-water-queue instrument=False
TIMETABLE_STATE name=checkpoint tick=8320 slot=0 phase=Finished ready=0 people=32 performers=9 admitted=32 departed=0 status=Scheduled changeover hash=be86b43a428b92df419ee2f2a9a282b3dee73a9e9b69619d000856921723e6f1
TIMETABLE_BAND person=24 physical=-8250,5250 action=Arrived intent=medical.free-water-overflow instrument=False
TIMETABLE_BAND person=25 physical=-15250,5250 action=Arrived intent=medical.free-water-queue instrument=False
TIMETABLE_BAND person=26 physical=-16250,5250 action=Arrived intent=medical.free-water-queue instrument=False
TIMETABLE_STATE name=checkpoint tick=8336 slot=0 phase=Finished ready=0 people=32 performers=9 admitted=32 departed=0 status=Scheduled changeover hash=37a56f4717edecbb98f9f0d851feff6dadea5743c50afd72678abe25b17af1ef
TIMETABLE_BAND person=24 physical=-8250,5250 action=Arrived intent=medical.free-water-overflow instrument=False
TIMETABLE_BAND person=25 physical=-15250,5250 action=Arrived intent=medical.free-water-queue instrument=False
TIMETABLE_BAND person=26 physical=-16250,5250 action=Arrived intent=medical.free-water-queue instrument=False
TIMETABLE_STATE name=checkpoint tick=8352 slot=0 phase=Finished ready=0 people=32 performers=9 admitted=32 departed=0 status=Scheduled changeover hash=ca11d17d2cc5d3b70074277cd9add5c5655f2f31d8b0f5def6c0e1abb0af1424
TIMETABLE_BAND person=24 physical=-8250,5250 action=Arrived intent=medical.free-water-overflow instrument=False
TIMETABLE_BAND person=25 physical=-15250,5250 action=Arrived intent=medical.free-water-queue instrument=False
TIMETABLE_BAND person=26 physical=-16250,5250 action=Arrived intent=medical.free-water-queue instrument=False
TIMETABLE_STATE name=checkpoint tick=8368 slot=0 phase=Finished ready=0 people=32 performers=9 admitted=32 departed=0 status=Scheduled changeover hash=0298c58e246724edbc3f78367e6982c2e741a0e97dfae91a421994af6dd562a6
TIMETABLE_BAND person=24 physical=-8250,5250 action=Arrived intent=medical.free-water-overflow instrument=False
TIMETABLE_BAND person=25 physical=-15250,5250 action=Arrived intent=medical.free-water-queue instrument=False
TIMETABLE_BAND person=26 physical=-16250,5250 action=Arrived intent=medical.free-water-queue instrument=False
TIMETABLE_STATE name=checkpoint tick=8384 slot=0 phase=Finished ready=0 people=32 performers=9 admitted=32 departed=0 status=Scheduled changeover hash=6075f18796e3d3e76cc466072f8374c4529b47478227d826ebaea763b1539944
TIMETABLE_BAND person=24 physical=-8250,5250 action=Arrived intent=medical.free-water-overflow instrument=False
TIMETABLE_BAND person=25 physical=-15250,5250 action=Arrived intent=medical.free-water-queue instrument=False
TIMETABLE_BAND person=26 physical=-16250,5250 action=Arrived intent=medical.free-water-queue instrument=False
TIMETABLE_STATE name=checkpoint tick=8400 slot=0 phase=Finished ready=0 people=32 performers=9 admitted=32 departed=0 status=Scheduled changeover hash=8584e811170b7e5af04dfed81d9100408a10e1deec1908c364f393583d6a4ca6
TIMETABLE_BAND person=24 physical=-8250,5250 action=Arrived intent=medical.free-water-overflow instrument=False
TIMETABLE_BAND person=25 physical=-15250,5250 action=Arrived intent=medical.free-water-queue instrument=False
TIMETABLE_BAND person=26 physical=-16250,5250 action=Arrived intent=medical.free-water-queue instrument=False
TIMETABLE_STATE name=checkpoint tick=8416 slot=0 phase=Finished ready=0 people=32 performers=9 admitted=32 departed=0 status=Scheduled changeover hash=af7fe69401d74034e71f473c71c3c99308ffa2e08dca249cf58b493f31dc5ef7
TIMETABLE_BAND person=24 physical=-8250,5250 action=Arrived intent=medical.free-water-overflow instrument=False
TIMETABLE_BAND person=25 physical=-15250,5250 action=Arrived intent=medical.free-water-queue instrument=False
TIMETABLE_BAND person=26 physical=-16250,5250 action=Arrived intent=medical.free-water-queue instrument=False
TIMETABLE_STATE name=checkpoint tick=8432 slot=0 phase=Finished ready=0 people=32 performers=9 admitted=32 departed=0 status=Scheduled changeover hash=9bc79ba1577aba4db7e846cea3ace0760fff8e7859ab36c2b70dfc206e4bd545
TIMETABLE_BAND person=24 physical=-8250,5250 action=Arrived intent=medical.free-water-overflow instrument=False
TIMETABLE_BAND person=25 physical=-15250,5250 action=Arrived intent=medical.free-water-queue instrument=False
TIMETABLE_BAND person=26 physical=-16250,5250 action=Arrived intent=medical.free-water-queue instrument=False
TIMETABLE_STATE name=checkpoint tick=8448 slot=0 phase=Finished ready=0 people=32 performers=9 admitted=32 departed=0 status=Scheduled changeover hash=8a9551d8324176d161bf5eade2eb72e75eb4d4238eef71b2dbd4b81611a06e53
TIMETABLE_BAND person=24 physical=-8250,5250 action=Arrived intent=medical.free-water-overflow instrument=False
TIMETABLE_BAND person=25 physical=-15250,5250 action=Arrived intent=medical.free-water-queue instrument=False
TIMETABLE_BAND person=26 physical=-16250,5250 action=Arrived intent=medical.free-water-queue instrument=False
TIMETABLE_STATE name=checkpoint tick=8464 slot=0 phase=Finished ready=0 people=32 performers=9 admitted=32 departed=0 status=Scheduled changeover hash=87798f990e861517d7d7abf2afa9cb532cd94c832a439bc57658b7714bd196d8
TIMETABLE_BAND person=24 physical=-8250,5250 action=Arrived intent=medical.free-water-overflow instrument=False
TIMETABLE_BAND person=25 physical=-15250,5250 action=Arrived intent=medical.free-water-queue instrument=False
TIMETABLE_BAND person=26 physical=-16250,5250 action=Arrived intent=medical.free-water-queue instrument=False
TIMETABLE_STATE name=checkpoint tick=8480 slot=0 phase=Finished ready=0 people=32 performers=9 admitted=32 departed=0 status=Scheduled changeover hash=841e15d00495250204ea2b1728b7838e3dac20a27e0f1487fbbd1f547674a231
TIMETABLE_BAND person=24 physical=-8392,5250 action=Travelling intent=medical.free-water-overflow instrument=False
TIMETABLE_BAND person=25 physical=-15400,5250 action=Travelling intent=medical.free-water-queue instrument=False
TIMETABLE_BAND person=26 physical=-16361,5139 action=Travelling intent=medical.free-water-queue instrument=False
TIMETABLE_STATE name=checkpoint tick=8496 slot=0 phase=Finished ready=0 people=32 performers=9 admitted=32 departed=0 status=Scheduled changeover hash=0464eff734a95ffc30c6df3973860a49dcc92ee752bc18820e80c2346518271b
TIMETABLE_BAND person=24 physical=-8848,5250 action=Travelling intent=medical.free-water-overflow instrument=False
TIMETABLE_BAND person=25 physical=-15880,5250 action=Travelling intent=medical.free-water-queue instrument=False
TIMETABLE_BAND person=26 physical=-16717,4783 action=Travelling intent=medical.free-water-queue instrument=False
TIMETABLE_STATE name=checkpoint tick=8512 slot=0 phase=Finished ready=0 people=32 performers=9 admitted=32 departed=0 status=Scheduled changeover hash=012e7270d065f8563a81d99559c6442173f081943da01723c46fbd6ad39d34f5
TIMETABLE_BAND person=24 physical=-9250,5250 action=Arrived intent=medical.free-water-overflow instrument=False
TIMETABLE_BAND person=25 physical=-16250,5250 action=Arrived intent=medical.free-water-queue instrument=False
TIMETABLE_BAND person=26 physical=-16750,4292 action=Travelling intent=medical.free-water-queue instrument=False
TIMETABLE_STATE name=checkpoint tick=8528 slot=0 phase=Finished ready=0 people=32 performers=9 admitted=32 departed=0 status=Scheduled changeover hash=df5d534682cef62e1996813089156856af7561ec7a1137fe37673bddf78803a5
TIMETABLE_BAND person=24 physical=-9250,5250 action=Arrived intent=medical.free-water-overflow instrument=False
TIMETABLE_BAND person=25 physical=-16250,5250 action=Arrived intent=medical.free-water-queue instrument=False
TIMETABLE_BAND person=26 physical=-16750,4250 action=Arrived intent=medical.free-water-queue instrument=False
TIMETABLE_STATE name=checkpoint tick=8544 slot=0 phase=Finished ready=0 people=32 performers=9 admitted=32 departed=0 status=Scheduled changeover hash=afb91a03118053ad709881cbeea59d34a08dd873e4e59adb32e55f21818758d6
TIMETABLE_BAND person=24 physical=-9250,5250 action=Arrived intent=medical.free-water-overflow instrument=False
TIMETABLE_BAND person=25 physical=-16250,5250 action=Arrived intent=medical.free-water-queue instrument=False
TIMETABLE_BAND person=26 physical=-16750,4250 action=Arrived intent=medical.free-water-queue instrument=False
TIMETABLE_STATE name=checkpoint tick=8560 slot=1 phase=BeforeSet ready=0 people=32 performers=9 admitted=32 departed=0 status=Performers approaching stage hash=fd5d15875eac00e32b5225c37ed5d9f09dfc78d37884153e006896734543f9e9
TIMETABLE_BAND person=29 physical=-13250,5250 action=Travelling intent=medical.return-to-stage-access instrument=False
TIMETABLE_BAND person=30 physical=-10250,5250 action=Travelling intent=medical.return-to-stage-access instrument=False
TIMETABLE_BAND person=31 physical=-11250,5250 action=Travelling intent=medical.return-to-stage-access instrument=False
TIMETABLE_STATE name=checkpoint tick=8576 slot=1 phase=BeforeSet ready=0 people=32 performers=9 admitted=32 departed=0 status=Performers approaching stage hash=cfc93fc0bbccdf6b24580bf502d17edb4bdd8a36942b657cea07fd999d845009
TIMETABLE_BAND person=29 physical=-13250,5658 action=Travelling intent=medical.return-to-stage-access instrument=False
TIMETABLE_BAND person=30 physical=-10555,5555 action=Travelling intent=medical.return-to-stage-access instrument=False
TIMETABLE_BAND person=31 physical=-11572,5572 action=Travelling intent=medical.return-to-stage-access instrument=False
TIMETABLE_STATE name=checkpoint tick=8592 slot=1 phase=BeforeSet ready=0 people=32 performers=9 admitted=32 departed=0 status=Performers approaching stage hash=f421b44d6e75e37d3c6038e6a8915b30c169d992835aaf951f7f17ec0b307d93
TIMETABLE_BAND person=29 physical=-13250,6066 action=Travelling intent=medical.return-to-stage-access instrument=False
TIMETABLE_BAND person=30 physical=-10860,5860 action=Travelling intent=medical.return-to-stage-access instrument=False
TIMETABLE_BAND person=31 physical=-11894,5894 action=Travelling intent=medical.return-to-stage-access instrument=False
TIMETABLE_STATE name=checkpoint tick=8608 slot=1 phase=BeforeSet ready=0 people=32 performers=9 admitted=32 departed=0 status=Performers approaching stage hash=df234f854d45a6a43e76e663d83c2f02c6f3f851139d03029e98ee8dfedbf416
TIMETABLE_BAND person=29 physical=-13250,6474 action=Travelling intent=medical.return-to-stage-access instrument=False
TIMETABLE_BAND person=30 physical=-11166,6166 action=Travelling intent=medical.return-to-stage-access instrument=False
TIMETABLE_BAND person=31 physical=-12217,6217 action=Travelling intent=medical.return-to-stage-access instrument=False
TIMETABLE_STATE name=checkpoint tick=8624 slot=1 phase=BeforeSet ready=0 people=32 performers=9 admitted=32 departed=0 status=Performers approaching stage hash=0e9c5436bca65f2b7de622dfbc50511cafe6aaa26e24bb065b353c84fe07b49e
TIMETABLE_BAND person=29 physical=-13250,6882 action=Travelling intent=medical.return-to-stage-access instrument=False
TIMETABLE_BAND person=30 physical=-11471,6471 action=Travelling intent=medical.return-to-stage-access instrument=False
TIMETABLE_BAND person=31 physical=-12539,6539 action=Travelling intent=medical.return-to-stage-access instrument=False
TIMETABLE_STATE name=checkpoint tick=8640 slot=1 phase=BeforeSet ready=0 people=32 performers=9 admitted=32 departed=0 status=Performers approaching stage hash=bc7b48fd2428c386f3a9c171c960b78ba1cc314b4f697b5e566a50214bbc327c
TIMETABLE_BAND person=29 physical=-13250,7290 action=Travelling intent=medical.return-to-stage-access instrument=False
TIMETABLE_BAND person=30 physical=-11777,6777 action=Travelling intent=medical.return-to-stage-access instrument=False
TIMETABLE_BAND person=31 physical=-12862,6862 action=Travelling intent=medical.return-to-stage-access instrument=False
TIMETABLE_STATE name=checkpoint tick=8656 slot=1 phase=BeforeSet ready=0 people=32 performers=9 admitted=32 departed=0 status=Performers approaching stage hash=1758d4fb55b242bf19104cf92cbcabdc228d0220ea3ec886e42c174d8e0b916d
TIMETABLE_BAND person=29 physical=-13250,7698 action=Travelling intent=medical.return-to-stage-access instrument=False
TIMETABLE_BAND person=30 physical=-12082,7082 action=Travelling intent=medical.return-to-stage-access instrument=False
TIMETABLE_BAND person=31 physical=-13184,7184 action=Travelling intent=medical.return-to-stage-access instrument=False
TIMETABLE_STATE name=checkpoint tick=8672 slot=1 phase=BeforeSet ready=0 people=32 performers=9 admitted=32 departed=0 status=Performers approaching stage hash=dc546513e95c58991c9154499b444901e555afab950a8358d163162ed849a44d
TIMETABLE_BAND person=29 physical=-13250,8106 action=Travelling intent=medical.return-to-stage-access instrument=False
TIMETABLE_BAND person=30 physical=-12388,7388 action=Travelling intent=medical.return-to-stage-access instrument=False
TIMETABLE_BAND person=31 physical=-13250,7613 action=Travelling intent=medical.return-to-stage-access instrument=False
TIMETABLE_STATE name=checkpoint tick=8688 slot=1 phase=BeforeSet ready=0 people=32 performers=9 admitted=32 departed=0 status=Performers approaching stage hash=c6273001f15409228e0e1cb5f85e2b1b564dfcbfefc124b49d12983c8705307c
TIMETABLE_BAND person=29 physical=-13250,8514 action=Travelling intent=medical.return-to-stage-access instrument=False
TIMETABLE_BAND person=30 physical=-12693,7693 action=Travelling intent=medical.return-to-stage-access instrument=False
TIMETABLE_BAND person=31 physical=-13250,8069 action=Travelling intent=medical.return-to-stage-access instrument=False
TIMETABLE_STATE name=checkpoint tick=8704 slot=1 phase=BeforeSet ready=0 people=32 performers=9 admitted=32 departed=0 status=Performers approaching stage hash=161d2a30e9ee1a86fe86639f7f58ce913c624e64292f17b05ce3ec086fcd9810
TIMETABLE_BAND person=29 physical=-13250,8922 action=Travelling intent=medical.return-to-stage-access instrument=False
TIMETABLE_BAND person=30 physical=-12999,7999 action=Travelling intent=medical.return-to-stage-access instrument=False
TIMETABLE_BAND person=31 physical=-13250,8525 action=Travelling intent=medical.return-to-stage-access instrument=False
TIMETABLE_STATE name=checkpoint tick=8720 slot=1 phase=BeforeSet ready=0 people=32 performers=9 admitted=32 departed=0 status=Performers approaching stage hash=a8731fcf4b185e75d154c2d48e82c5f4633f127165039beb628df53032e39869
TIMETABLE_BAND person=29 physical=-13250,9330 action=Travelling intent=medical.return-to-stage-access instrument=False
TIMETABLE_BAND person=30 physical=-13250,8327 action=Travelling intent=medical.return-to-stage-access instrument=False
TIMETABLE_BAND person=31 physical=-13250,8981 action=Travelling intent=medical.return-to-stage-access instrument=False
TIMETABLE_STATE name=checkpoint tick=8736 slot=1 phase=BeforeSet ready=0 people=32 performers=9 admitted=32 departed=0 status=Performers approaching stage hash=9ad53d113204ea1c2842e3bec68762ac920d1d796040b54cf98f9bd4bcf2f153
TIMETABLE_BAND person=29 physical=-13250,9738 action=Travelling intent=medical.return-to-stage-access instrument=False
TIMETABLE_BAND person=30 physical=-13250,8759 action=Travelling intent=medical.return-to-stage-access instrument=False
TIMETABLE_BAND person=31 physical=-13060,9408 action=Travelling intent=medical.return-to-stage-access instrument=False
TIMETABLE_STATE name=checkpoint tick=8752 slot=1 phase=BeforeSet ready=0 people=32 performers=9 admitted=32 departed=0 status=Performers approaching stage hash=fe26397cf6288e9c78f836ac9592cd5587aff252972beb83c2d5780aa48f2909
TIMETABLE_BAND person=29 physical=-13250,10146 action=Travelling intent=medical.return-to-stage-access instrument=False
TIMETABLE_BAND person=30 physical=-13250,9191 action=Travelling intent=medical.return-to-stage-access instrument=False
TIMETABLE_BAND person=31 physical=-13250,9815 action=Travelling intent=medical.return-to-stage-access instrument=False
TIMETABLE_STATE name=checkpoint tick=8768 slot=1 phase=BeforeSet ready=0 people=32 performers=9 admitted=32 departed=0 status=Performers approaching stage hash=6f4feb04c7f81b3a9aa6915e3fdf40312a0a6a024ba00b9d18027cc20adb6c22
TIMETABLE_BAND person=29 physical=-13250,10554 action=Travelling intent=medical.return-to-stage-access instrument=False
TIMETABLE_BAND person=30 physical=-13250,9623 action=Travelling intent=medical.return-to-stage-access instrument=False
TIMETABLE_BAND person=31 physical=-13198,10184 action=Travelling intent=medical.return-to-stage-access instrument=False
TIMETABLE_STATE name=checkpoint tick=8784 slot=1 phase=BeforeSet ready=0 people=32 performers=9 admitted=32 departed=0 status=Performers approaching stage hash=8ce72429e2523c3e1a1bad59ec2b8940718cca78fed8a18149ef5e9c7ffb1e89
TIMETABLE_BAND person=29 physical=-13250,10962 action=Travelling intent=medical.return-to-stage-access instrument=False
TIMETABLE_BAND person=30 physical=-13250,10055 action=Travelling intent=medical.return-to-stage-access instrument=False
TIMETABLE_BAND person=31 physical=-13250,10622 action=Travelling intent=medical.return-to-stage-access instrument=False
TIMETABLE_STATE name=checkpoint tick=8800 slot=1 phase=BeforeSet ready=0 people=32 performers=9 admitted=32 departed=0 status=Performers approaching stage hash=40407ebdf2d1f1ccbfeee164246eaf27d2309b5148f015530114725a9c133f3e
TIMETABLE_BAND person=29 physical=-13250,11370 action=Travelling intent=medical.return-to-stage-access instrument=False
TIMETABLE_BAND person=30 physical=-13250,10487 action=Travelling intent=medical.return-to-stage-access instrument=False
TIMETABLE_BAND person=31 physical=-13106,11031 action=Travelling intent=medical.return-to-stage-access instrument=False
TIMETABLE_STATE name=checkpoint tick=8816 slot=1 phase=BeforeSet ready=0 people=32 performers=9 admitted=32 departed=0 status=Performers approaching stage hash=73cde8517a95262def80a7d5a495e48a778dac315ba0057fd2725aa7156d8fe2
TIMETABLE_BAND person=29 physical=-13250,11778 action=Travelling intent=medical.return-to-stage-access instrument=False
TIMETABLE_BAND person=30 physical=-13250,10919 action=Travelling intent=medical.return-to-stage-access instrument=False
TIMETABLE_BAND person=31 physical=-13250,11444 action=Travelling intent=medical.return-to-stage-access instrument=False
TIMETABLE_STATE name=checkpoint tick=8832 slot=1 phase=BeforeSet ready=0 people=32 performers=9 admitted=32 departed=0 status=Performers approaching stage hash=4f006d79421aae79f8d3b9059a28d68d6bc2aa92ae9031a111b1c7438d164da0
TIMETABLE_BAND person=29 physical=-13250,12186 action=Travelling intent=medical.return-to-stage-access instrument=False
TIMETABLE_BAND person=30 physical=-13250,11351 action=Travelling intent=medical.return-to-stage-access instrument=False
TIMETABLE_BAND person=31 physical=-13086,11871 action=Travelling intent=medical.return-to-stage-access instrument=False
TIMETABLE_STATE name=checkpoint tick=8848 slot=1 phase=BeforeSet ready=0 people=32 performers=9 admitted=32 departed=0 status=Performers approaching stage hash=d691008fb347060df02c722df971572ef33212080b6e77a9911268d4bfe86489
TIMETABLE_BAND person=29 physical=-13250,12594 action=Travelling intent=medical.return-to-stage-access instrument=False
TIMETABLE_BAND person=30 physical=-13036,11764 action=Travelling intent=medical.return-to-stage-access instrument=False
TIMETABLE_BAND person=31 physical=-13363,11989 action=Travelling intent=medical.return-to-stage-access instrument=False
TIMETABLE_STATE name=checkpoint tick=8864 slot=1 phase=BeforeSet ready=0 people=32 performers=9 admitted=32 departed=0 status=Performers approaching stage hash=875c08d2b8a6b98e740219ce98b90746abefd9ccb18f80d1db6ae3f15e71d68c
TIMETABLE_BAND person=29 physical=-13250,13002 action=Travelling intent=medical.return-to-stage-access instrument=False
TIMETABLE_BAND person=30 physical=-12676,12717 action=Travelling intent=medical.return-to-stage-access instrument=False
TIMETABLE_BAND person=31 physical=-13250,12421 action=Travelling intent=medical.return-to-stage-access instrument=False
TIMETABLE_STATE name=checkpoint tick=8880 slot=1 phase=BeforeSet ready=0 people=32 performers=9 admitted=32 departed=0 status=Performers approaching stage hash=d6e491335bd145ec1ac952bc2d872594cae8db21a9efdcedf4f189fe5da3a7ef
TIMETABLE_BAND person=29 physical=-13250,13410 action=Travelling intent=medical.return-to-stage-access instrument=False
TIMETABLE_BAND person=30 physical=-12993,13011 action=Travelling intent=medical.return-to-stage-access instrument=False
TIMETABLE_BAND person=31 physical=-12650,12877 action=Travelling intent=medical.return-to-stage-access instrument=False
TIMETABLE_STATE name=checkpoint tick=8896 slot=1 phase=BeforeSet ready=0 people=32 performers=9 admitted=32 departed=0 status=Performers approaching stage hash=c91dc871c487f2b44c26f015d921baaf25dbae633b2eaffbb860a5a3097f7200
TIMETABLE_BAND person=29 physical=-13250,13818 action=Travelling intent=medical.return-to-stage-access instrument=False
TIMETABLE_BAND person=30 physical=-13250,13331 action=Travelling intent=medical.return-to-stage-access instrument=False
TIMETABLE_BAND person=31 physical=-13310,12830 action=Travelling intent=medical.return-to-stage-access instrument=False
TIMETABLE_STATE name=checkpoint tick=8912 slot=1 phase=BeforeSet ready=0 people=32 performers=9 admitted=32 departed=0 status=Performers approaching stage hash=ae1dc52975e1fb30dc4b4354e9db090585b1141608488034857859abbc800bca
TIMETABLE_BAND person=29 physical=-13250,14226 action=Travelling intent=medical.return-to-stage-access instrument=False
TIMETABLE_BAND person=30 physical=-13250,13763 action=Travelling intent=medical.return-to-stage-access instrument=False
TIMETABLE_BAND person=31 physical=-13250,13282 action=Travelling intent=medical.return-to-stage-access instrument=False
TIMETABLE_STATE name=checkpoint tick=8928 slot=1 phase=BeforeSet ready=0 people=32 performers=9 admitted=32 departed=0 status=Performers approaching stage hash=8c22b24e4d787a5e176380631d4b5a5f54530fb9e4579ad0a28a8280128d6218
TIMETABLE_BAND person=29 physical=-13632,14250 action=Travelling intent=performance.visible-stairs instrument=False
TIMETABLE_BAND person=30 physical=-13012,14182 action=Travelling intent=medical.return-to-stage-access instrument=False
TIMETABLE_BAND person=31 physical=-13250,13738 action=Travelling intent=medical.return-to-stage-access instrument=False
TIMETABLE_STATE name=checkpoint tick=8944 slot=1 phase=BeforeSet ready=0 people=32 performers=9 admitted=32 departed=0 status=Performers approaching stage hash=1b73ed2afa0086cd0be6e0ecd3d1167c70a3d3f695cda3b71825280cb83c25a8
TIMETABLE_BAND person=29 physical=-14040,14250 action=Travelling intent=performance.visible-stairs instrument=False
TIMETABLE_BAND person=30 physical=-13179,14580 action=Travelling intent=medical.return-to-stage-access instrument=False
TIMETABLE_BAND person=31 physical=-13250,14194 action=Travelling intent=medical.return-to-stage-access instrument=False
TIMETABLE_STATE name=checkpoint tick=8960 slot=1 phase=BeforeSet ready=0 people=32 performers=9 admitted=32 departed=0 status=Performers approaching stage hash=5232fd6e88cb61430f658b4d9e82419c432bb3c8bf6627af869d5036ea14b5aa
TIMETABLE_BAND person=29 physical=-14428,14250 action=Travelling intent=performance.stage-entry instrument=False
TIMETABLE_BAND person=30 physical=-13168,14682 action=Travelling intent=performance.visible-stairs instrument=False
TIMETABLE_BAND person=31 physical=-14018,15186 action=Travelling intent=medical.return-to-stage-access instrument=False
TIMETABLE_STATE name=checkpoint tick=8976 slot=1 phase=BeforeSet ready=0 people=32 performers=9 admitted=32 departed=0 status=Performers approaching stage hash=4f6d5ad06b18b14e24fcaaa5560fde97285d9910721cc441f7bee6524902f8c7
TIMETABLE_BAND person=29 physical=-14811,14189 action=Travelling intent=performance.stage-entry instrument=False
TIMETABLE_BAND person=30 physical=-13597,14732 action=Travelling intent=performance.visible-stairs instrument=False
TIMETABLE_BAND person=31 physical=-13570,15250 action=Travelling intent=medical.return-to-stage-access instrument=False
TIMETABLE_STATE name=checkpoint tick=8992 slot=1 phase=BeforeSet ready=0 people=32 performers=9 admitted=32 departed=0 status=Performers approaching stage hash=abaa4399a081d9bc261cce9596c4416ef0cb029bd66b79095982cfa519d269ca
TIMETABLE_BAND person=29 physical=-15099,13901 action=Travelling intent=performance.stage-entry instrument=False
TIMETABLE_BAND person=30 physical=-14028,14750 action=Travelling intent=performance.visible-stairs instrument=False
TIMETABLE_BAND person=31 physical=-13364,15250 action=Travelling intent=performance.visible-stairs instrument=False
TIMETABLE_STATE name=checkpoint tick=9008 slot=1 phase=BeforeSet ready=0 people=32 performers=9 admitted=32 departed=0 status=Performers approaching stage hash=720b048c6e8a4957fc698cd4f95864083a7a12a5152b9d72198cb89a14862e9e
TIMETABLE_BAND person=29 physical=-15388,13612 action=Travelling intent=performance.stage-entry instrument=False
TIMETABLE_BAND person=30 physical=-14383,14617 action=Travelling intent=performance.stage-entry instrument=False
TIMETABLE_BAND person=31 physical=-13820,15250 action=Travelling intent=performance.visible-stairs instrument=False
TIMETABLE_STATE name=checkpoint tick=9024 slot=1 phase=BeforeSet ready=0 people=32 performers=9 admitted=32 departed=0 status=Performers approaching stage hash=3a5d7baf5e7326b274564aee0887451d111b721d45539279e23b24873264c82a
TIMETABLE_BAND person=29 physical=-15676,13324 action=Travelling intent=performance.stage-entry instrument=False
TIMETABLE_BAND person=30 physical=-14689,14311 action=Travelling intent=performance.stage-entry instrument=False
TIMETABLE_BAND person=31 physical=-14250,15250 action=Travelling intent=performance.stage-entry instrument=False
TIMETABLE_STATE name=checkpoint tick=9040 slot=1 phase=BeforeSet ready=0 people=32 performers=9 admitted=32 departed=0 status=Performers approaching stage hash=cd7f42ed06a0e587dc1e963b2d7d38c35e191bc9acf45adbc4beec24122f2b48
TIMETABLE_BAND person=29 physical=-15750,12946 action=Travelling intent=performance.stage-entry instrument=False
TIMETABLE_BAND person=30 physical=-14994,14006 action=Travelling intent=performance.stage-entry instrument=False
TIMETABLE_BAND person=31 physical=-14572,14928 action=Travelling intent=performance.stage-entry instrument=False
TIMETABLE_STATE name=checkpoint tick=9056 slot=1 phase=BeforeSet ready=0 people=32 performers=9 admitted=32 departed=0 status=Performers approaching stage hash=9f09da64e708da876bdd2c9eb115d0e72bddefbea1e236d2ea83ad478c19bc9b
TIMETABLE_BAND person=29 physical=-15750,12538 action=Travelling intent=performance.stage-entry instrument=False
TIMETABLE_BAND person=30 physical=-15300,13700 action=Travelling intent=performance.stage-entry instrument=False
TIMETABLE_BAND person=31 physical=-14894,14606 action=Travelling intent=performance.stage-entry instrument=False
TIMETABLE_STATE name=checkpoint tick=9072 slot=1 phase=BeforeSet ready=0 people=32 performers=9 admitted=32 departed=0 status=Performers approaching stage hash=09275f3f6b42f45195c9711312c299c58f3c946539b29ed797563f382a74a9d8
TIMETABLE_BAND person=29 physical=-15750,12130 action=Travelling intent=performance.stage-entry instrument=False
TIMETABLE_BAND person=30 physical=-15605,13395 action=Travelling intent=performance.stage-entry instrument=False
TIMETABLE_BAND person=31 physical=-15217,14283 action=Travelling intent=performance.stage-entry instrument=False
TIMETABLE_STATE name=checkpoint tick=9088 slot=1 phase=BeforeSet ready=0 people=32 performers=9 admitted=32 departed=0 status=Performers approaching stage hash=b0c2ae182f6af8a53bfb3b058f5b14b709422254b436a439a5331b3a8febe530
TIMETABLE_BAND person=29 physical=-15750,11722 action=Travelling intent=performance.stage-entry instrument=False
TIMETABLE_BAND person=30 physical=-15910,13090 action=Travelling intent=performance.stage-entry instrument=False
TIMETABLE_BAND person=31 physical=-15539,13961 action=Travelling intent=performance.stage-entry instrument=False
TIMETABLE_STATE name=checkpoint tick=9104 slot=1 phase=BeforeSet ready=0 people=32 performers=9 admitted=32 departed=0 status=Performers approaching stage hash=5172dc7735116d5fb290d363b086629ac0cf53f112f8ece62cc51dc1c511a32d
TIMETABLE_BAND person=29 physical=-15750,11314 action=Travelling intent=performance.stage-entry instrument=False
TIMETABLE_BAND person=30 physical=-16216,12784 action=Travelling intent=performance.stage-entry instrument=False
TIMETABLE_BAND person=31 physical=-15862,13638 action=Travelling intent=performance.stage-entry instrument=False
TIMETABLE_STATE name=checkpoint tick=9120 slot=1 phase=BeforeSet ready=1 people=32 performers=9 admitted=32 departed=0 status=Performers approaching stage hash=e1eba291285e9ff589ecd4c53e8c4f80009ead28fbcfcdf9ceb35acd9a3d675e
TIMETABLE_BAND person=29 physical=-15750,11250 action=Arrived intent=performance.stage-entry instrument=True
TIMETABLE_BAND person=30 physical=-16521,12479 action=Travelling intent=performance.stage-entry instrument=False
TIMETABLE_BAND person=31 physical=-16184,13316 action=Travelling intent=performance.stage-entry instrument=False
TIMETABLE_STATE name=checkpoint tick=9136 slot=1 phase=BeforeSet ready=1 people=32 performers=9 admitted=32 departed=0 status=Performers approaching stage hash=e9f937a16707fab5be83620a0738d0b37ca894de9e1f2277648f94a4e6a4fcae
TIMETABLE_BAND person=29 physical=-15750,11250 action=Arrived intent=performance.stage-entry instrument=True
TIMETABLE_BAND person=30 physical=-16750,12141 action=Travelling intent=performance.stage-entry instrument=False
TIMETABLE_BAND person=31 physical=-16507,12993 action=Travelling intent=performance.stage-entry instrument=False
TIMETABLE_STATE name=checkpoint tick=9152 slot=1 phase=BeforeSet ready=1 people=32 performers=9 admitted=32 departed=0 status=Performers approaching stage hash=99f62a1f68cf15fbe33e14cbc3020d34f842fe1622aa44541cdeecd8a3b1b0da
TIMETABLE_BAND person=29 physical=-15750,11250 action=Arrived intent=performance.stage-entry instrument=True
TIMETABLE_BAND person=30 physical=-16750,11709 action=Travelling intent=performance.stage-entry instrument=False
TIMETABLE_BAND person=31 physical=-16829,12671 action=Travelling intent=performance.stage-entry instrument=False
TIMETABLE_STATE name=checkpoint tick=9168 slot=1 phase=BeforeSet ready=1 people=32 performers=9 admitted=32 departed=0 status=Performers approaching stage hash=985df32a5d6f714ab3ef9f749609f287951415ab333bde1be75a70f27d48fcda
TIMETABLE_BAND person=29 physical=-15750,11250 action=Arrived intent=performance.stage-entry instrument=True
TIMETABLE_BAND person=30 physical=-16750,11277 action=Travelling intent=performance.stage-entry instrument=False
TIMETABLE_BAND person=31 physical=-17151,12349 action=Travelling intent=performance.stage-entry instrument=False
TIMETABLE_STATE name=checkpoint tick=9184 slot=1 phase=BeforeSet ready=2 people=32 performers=9 admitted=32 departed=0 status=Performers approaching stage hash=0f1e40c99395b142cb5d4e0d2cbdbebe11783026391ae1c56cdbfd1fbcd995a6
TIMETABLE_BAND person=29 physical=-15750,11250 action=Arrived intent=performance.stage-entry instrument=True
TIMETABLE_BAND person=30 physical=-16750,10845 action=Travelling intent=performance.stage-entry instrument=False
TIMETABLE_BAND person=31 physical=-17250,12250 action=Arrived intent=performance.stage-entry instrument=False
TIMETABLE_STATE name=checkpoint tick=9200 slot=1 phase=BeforeSet ready=2 people=32 performers=9 admitted=32 departed=0 status=Late: performers not on marks hash=0629fd65d5dc6365656e3a5cf64dddee194f7e356d491ad233f0e783972cfe91
TIMETABLE_BAND person=29 physical=-15750,11250 action=Arrived intent=performance.stage-entry instrument=True
TIMETABLE_BAND person=30 physical=-16750,10413 action=Travelling intent=performance.stage-entry instrument=False
TIMETABLE_BAND person=31 physical=-17250,12250 action=Arrived intent=performance.stage-entry instrument=False
TIMETABLE_STATE name=checkpoint tick=9216 slot=1 phase=BeforeSet ready=2 people=32 performers=9 admitted=32 departed=0 status=Late: performers not on marks hash=bd01abd2b169a945cca201aef3ca2cee3617de2751bcaaa755940a740b3e2af6
TIMETABLE_BAND person=29 physical=-15750,11250 action=Arrived intent=performance.stage-entry instrument=True
TIMETABLE_BAND person=30 physical=-16750,9981 action=Travelling intent=performance.stage-entry instrument=False
TIMETABLE_BAND person=31 physical=-17250,12250 action=Arrived intent=performance.stage-entry instrument=False
TIMETABLE_STATE name=checkpoint tick=9232 slot=1 phase=BeforeSet ready=2 people=32 performers=9 admitted=32 departed=0 status=Late: performers not on marks hash=95c528f31b20c037df0a493da5633a994ddc5176b5d37a8f560e09ad4b31514f
TIMETABLE_BAND person=29 physical=-15750,11250 action=Arrived intent=performance.stage-entry instrument=True
TIMETABLE_BAND person=30 physical=-16750,9549 action=Travelling intent=performance.stage-entry instrument=False
TIMETABLE_BAND person=31 physical=-17250,12250 action=Arrived intent=performance.stage-entry instrument=False
TIMETABLE_STATE name=checkpoint tick=9248 slot=1 phase=Live ready=3 people=32 performers=9 admitted=32 departed=0 status=Playing hash=9792aae435313cfc2e3bca36a9bacc14cdab98e604e551e210f07df922d66270
TIMETABLE_BAND person=29 physical=-15750,11250 action=Arrived intent=performance.stage-entry instrument=True
TIMETABLE_BAND person=30 physical=-16750,9250 action=Arrived intent=performance.stage-entry instrument=True
TIMETABLE_BAND person=31 physical=-17250,12250 action=Arrived intent=performance.stage-entry instrument=False
TIMETABLE_STATE name=checkpoint tick=9264 slot=1 phase=Live ready=3 people=32 performers=9 admitted=32 departed=0 status=Playing hash=efe8d3b3d727bd6bbdf0f27a300eb45d08d9bd96bb4bee4e7bf51cf7b1ac47c0
TIMETABLE_BAND person=29 physical=-15750,11250 action=Arrived intent=performance.stage-entry instrument=True
TIMETABLE_BAND person=30 physical=-16750,9250 action=Arrived intent=performance.stage-entry instrument=True
TIMETABLE_BAND person=31 physical=-17250,12250 action=Arrived intent=performance.stage-entry instrument=False
TIMETABLE_STATE name=checkpoint tick=9280 slot=1 phase=Live ready=3 people=32 performers=9 admitted=32 departed=0 status=Playing hash=7d65a170dbed370f439ced03e1929afd544f3b675e221ab8699569b4d7f1d294
TIMETABLE_BAND person=29 physical=-15750,11250 action=Arrived intent=performance.stage-entry instrument=True
TIMETABLE_BAND person=30 physical=-16750,9250 action=Arrived intent=performance.stage-entry instrument=True
TIMETABLE_BAND person=31 physical=-17250,12250 action=Arrived intent=performance.stage-entry instrument=False
TIMETABLE_STATE name=checkpoint tick=9296 slot=1 phase=Live ready=3 people=32 performers=9 admitted=32 departed=0 status=Playing hash=e947c3e8cd6bed3be225c11a3d768e01cb1d027a232a3fa5ebfa4ac395dffd26
TIMETABLE_BAND person=29 physical=-15750,11250 action=Arrived intent=performance.stage-entry instrument=True
TIMETABLE_BAND person=30 physical=-16750,9250 action=Arrived intent=performance.stage-entry instrument=True
TIMETABLE_BAND person=31 physical=-17250,12250 action=Arrived intent=performance.stage-entry instrument=False
TIMETABLE_STATE name=checkpoint tick=9312 slot=1 phase=Live ready=3 people=32 performers=9 admitted=32 departed=0 status=Playing hash=a37ea52a2ec2e7e5dbaaffbada4f7170c8a3cd8220da415681f693e3b1cba374
TIMETABLE_BAND person=29 physical=-15750,11250 action=Arrived intent=performance.stage-entry instrument=True
TIMETABLE_BAND person=30 physical=-16750,9250 action=Arrived intent=performance.stage-entry instrument=True
TIMETABLE_BAND person=31 physical=-17250,12250 action=Arrived intent=performance.stage-entry instrument=False
TIMETABLE_STATE name=checkpoint tick=9328 slot=1 phase=Live ready=3 people=32 performers=9 admitted=32 departed=0 status=Playing hash=ada0eb85876cf9525d8be482318db04c04554f219c19dd916caa2e2dd5772572
TIMETABLE_BAND person=29 physical=-15750,11250 action=Arrived intent=performance.stage-entry instrument=True
TIMETABLE_BAND person=30 physical=-16750,9250 action=Arrived intent=performance.stage-entry instrument=True
TIMETABLE_BAND person=31 physical=-17250,12250 action=Arrived intent=performance.stage-entry instrument=False
TIMETABLE_STATE name=checkpoint tick=9344 slot=1 phase=Live ready=3 people=32 performers=9 admitted=32 departed=0 status=Playing hash=b7abc7a95739abe54a8249bae330d3181a7f617a14503f50648b17b973e81ff8
TIMETABLE_BAND person=29 physical=-15750,11250 action=Arrived intent=performance.stage-entry instrument=True
TIMETABLE_BAND person=30 physical=-16750,9250 action=Arrived intent=performance.stage-entry instrument=True
TIMETABLE_BAND person=31 physical=-17250,12250 action=Arrived intent=performance.stage-entry instrument=False
ATTENDEE_SELECTED id=15 orientation=South
FARM_SELECTION_CLEARED
ATTENDEE_POSE_ACTUAL key=male-drinking-soft owner=15 transaction=immersion:1:12 consumed=248 hash=b7abc7a95739abe54a8249bae330d3181a7f617a14503f50648b17b973e81ff8 reload=True root_identity=True scale=1
TIMETABLE_STATE name=checkpoint tick=9360 slot=1 phase=Live ready=3 people=32 performers=9 admitted=32 departed=0 status=Playing hash=90da055b4f5d2da8d740924deafeb49dc9c6bc1ab3594fdca67aa8fb50abce3c
TIMETABLE_BAND person=29 physical=-15750,11250 action=Arrived intent=performance.stage-entry instrument=True
TIMETABLE_BAND person=30 physical=-16750,9250 action=Arrived intent=performance.stage-entry instrument=True
TIMETABLE_BAND person=31 physical=-17250,12250 action=Arrived intent=performance.stage-entry instrument=False
TIMETABLE_STATE name=checkpoint tick=9376 slot=1 phase=Live ready=3 people=32 performers=9 admitted=32 departed=0 status=Playing hash=b1b8104fbf279308e47d60b1fad72b5686b183815cf30be36f1b50d6f0074df5
TIMETABLE_BAND person=29 physical=-15750,11250 action=Arrived intent=performance.stage-entry instrument=True
TIMETABLE_BAND person=30 physical=-16750,9250 action=Arrived intent=performance.stage-entry instrument=True
TIMETABLE_BAND person=31 physical=-17250,12250 action=Arrived intent=performance.stage-entry instrument=False
TIMETABLE_STATE name=checkpoint tick=9392 slot=1 phase=Live ready=3 people=32 performers=9 admitted=32 departed=0 status=Playing hash=6737f26a5f1ca46dc1a0affe6621fcedeca09bfa27c5537b5992c733b43d7188
TIMETABLE_BAND person=29 physical=-15750,11250 action=Arrived intent=performance.stage-entry instrument=True
TIMETABLE_BAND person=30 physical=-16750,9250 action=Arrived intent=performance.stage-entry instrument=True
TIMETABLE_BAND person=31 physical=-17250,12250 action=Arrived intent=performance.stage-entry instrument=False
TIMETABLE_STATE name=checkpoint tick=9408 slot=1 phase=Live ready=3 people=32 performers=9 admitted=32 departed=0 status=Playing hash=481ad57af750ca6a2630fec2857dbee9c4b301ee316720f00365ec617cdad675
TIMETABLE_BAND person=29 physical=-15750,11250 action=Arrived intent=performance.stage-entry instrument=True
TIMETABLE_BAND person=30 physical=-16750,9250 action=Arrived intent=performance.stage-entry instrument=True
TIMETABLE_BAND person=31 physical=-17250,12250 action=Arrived intent=performance.stage-entry instrument=False
TIMETABLE_STATE name=checkpoint tick=9424 slot=1 phase=Live ready=3 people=32 performers=9 admitted=32 departed=0 status=Playing hash=b2877fb0b445995181d778213c9d0243213c4496d1d8e29b6a703ce74baa870b
TIMETABLE_BAND person=29 physical=-15750,11250 action=Arrived intent=performance.stage-entry instrument=True
TIMETABLE_BAND person=30 physical=-16750,9250 action=Arrived intent=performance.stage-entry instrument=True
TIMETABLE_BAND person=31 physical=-17250,12250 action=Arrived intent=performance.stage-entry instrument=False
TIMETABLE_STATE name=checkpoint tick=9440 slot=1 phase=Live ready=3 people=32 performers=9 admitted=32 departed=0 status=Playing hash=bf02884e62a1ad83ea347ef9c47ffb9c481b4bec02a31041857f9b9bf94091eb
TIMETABLE_BAND person=29 physical=-15750,11250 action=Arrived intent=performance.stage-entry instrument=True
TIMETABLE_BAND person=30 physical=-16750,9250 action=Arrived intent=performance.stage-entry instrument=True
TIMETABLE_BAND person=31 physical=-17250,12250 action=Arrived intent=performance.stage-entry instrument=False
TIMETABLE_STATE name=checkpoint tick=9456 slot=1 phase=Live ready=3 people=32 performers=9 admitted=32 departed=0 status=Playing hash=b174cead2a3e6d7fd37872c2cc145e0b6e43a95263dd665bf71dd2884b2e359c
TIMETABLE_BAND person=29 physical=-15750,11250 action=Arrived intent=performance.stage-entry instrument=True
TIMETABLE_BAND person=30 physical=-16750,9250 action=Arrived intent=performance.stage-entry instrument=True
TIMETABLE_BAND person=31 physical=-17250,12250 action=Arrived intent=performance.stage-entry instrument=False
TIMETABLE_STATE name=checkpoint tick=9472 slot=1 phase=Live ready=3 people=32 performers=9 admitted=32 departed=0 status=Playing hash=8338ea88ecb95d0026e3eb61c0766e12a70427d8ef3a397b2016a2d63de9efdb
TIMETABLE_BAND person=29 physical=-15750,11250 action=Arrived intent=performance.stage-entry instrument=True
TIMETABLE_BAND person=30 physical=-16750,9250 action=Arrived intent=performance.stage-entry instrument=True
TIMETABLE_BAND person=31 physical=-17250,12250 action=Arrived intent=performance.stage-entry instrument=False
TIMETABLE_STATE name=checkpoint tick=9488 slot=1 phase=Live ready=3 people=32 performers=9 admitted=32 departed=0 status=Playing hash=1265f1415212b54fd7e14c1542e3416b500d8acde31d01713222d08fa146e6b0
TIMETABLE_BAND person=29 physical=-15750,11250 action=Arrived intent=performance.stage-entry instrument=True
TIMETABLE_BAND person=30 physical=-16750,9250 action=Arrived intent=performance.stage-entry instrument=True
TIMETABLE_BAND person=31 physical=-17250,12250 action=Arrived intent=performance.stage-entry instrument=False
TIMETABLE_STATE name=checkpoint tick=9504 slot=1 phase=Live ready=3 people=32 performers=9 admitted=32 departed=0 status=Playing hash=da9a3627388f4dc89721e3e043109e40f1726ddb280674c6eb36dfcad0ae22f9
TIMETABLE_BAND person=29 physical=-15750,11250 action=Arrived intent=performance.stage-entry instrument=True
TIMETABLE_BAND person=30 physical=-16750,9250 action=Arrived intent=performance.stage-entry instrument=True
TIMETABLE_BAND person=31 physical=-17250,12250 action=Arrived intent=performance.stage-entry instrument=False
TIMETABLE_STATE name=checkpoint tick=9520 slot=1 phase=Live ready=3 people=32 performers=9 admitted=32 departed=0 status=Playing hash=54f5e7ecff3dab4de243f0977171330cb66b5838ef6f1129899483ed36ebb28e
TIMETABLE_BAND person=29 physical=-15750,11250 action=Arrived intent=performance.stage-entry instrument=True
TIMETABLE_BAND person=30 physical=-16750,9250 action=Arrived intent=performance.stage-entry instrument=True
TIMETABLE_BAND person=31 physical=-17250,12250 action=Arrived intent=performance.stage-entry instrument=False
TIMETABLE_STATE name=checkpoint tick=9536 slot=1 phase=Live ready=3 people=32 performers=9 admitted=32 departed=0 status=Playing hash=41734fda3d3e99684e0a61c9fb6f5f17dcfe284581f4f004ecc98fdda27dd7bb
TIMETABLE_BAND person=29 physical=-15750,11250 action=Arrived intent=performance.stage-entry instrument=True
TIMETABLE_BAND person=30 physical=-16750,9250 action=Arrived intent=performance.stage-entry instrument=True
TIMETABLE_BAND person=31 physical=-17250,12250 action=Arrived intent=performance.stage-entry instrument=False
TIMETABLE_STATE name=checkpoint tick=9552 slot=1 phase=Live ready=3 people=32 performers=9 admitted=32 departed=0 status=Playing hash=93de024dcdc0d31ed9690f496096792790ea42aa4d3a69a77fa5f7c3250f8228
TIMETABLE_BAND person=29 physical=-15750,11250 action=Arrived intent=performance.stage-entry instrument=True
TIMETABLE_BAND person=30 physical=-16750,9250 action=Arrived intent=performance.stage-entry instrument=True
TIMETABLE_BAND person=31 physical=-17250,12250 action=Arrived intent=performance.stage-entry instrument=False
TIMETABLE_STATE name=checkpoint tick=9568 slot=1 phase=Live ready=3 people=32 performers=9 admitted=32 departed=0 status=Playing hash=e79885e58ab6ba0e8be8e98d34d591f46299dba8a07cf1c9e4b539a8ceca54c1
TIMETABLE_BAND person=29 physical=-15750,11250 action=Arrived intent=performance.stage-entry instrument=True
TIMETABLE_BAND person=30 physical=-16750,9250 action=Arrived intent=performance.stage-entry instrument=True
TIMETABLE_BAND person=31 physical=-17250,12250 action=Arrived intent=performance.stage-entry instrument=False
TIMETABLE_STATE name=checkpoint tick=9584 slot=1 phase=Live ready=3 people=32 performers=9 admitted=32 departed=0 status=Playing hash=e153d890cd6f48d4d2efbdad389db45e21ae8d419e93795081035b76fc2fbb11
TIMETABLE_BAND person=29 physical=-15750,11250 action=Arrived intent=performance.stage-entry instrument=True
TIMETABLE_BAND person=30 physical=-16750,9250 action=Arrived intent=performance.stage-entry instrument=True
TIMETABLE_BAND person=31 physical=-17250,12250 action=Arrived intent=performance.stage-entry instrument=False
TIMETABLE_STATE name=checkpoint tick=9600 slot=1 phase=Live ready=3 people=32 performers=9 admitted=32 departed=0 status=Playing hash=05b63c371fd06adf445bb77e8501b0a54dfc8ff71d52c187c3e99777b4ecf37b
TIMETABLE_BAND person=29 physical=-15750,11250 action=Arrived intent=performance.stage-entry instrument=True
TIMETABLE_BAND person=30 physical=-16750,9250 action=Arrived intent=performance.stage-entry instrument=True
TIMETABLE_BAND person=31 physical=-17250,12250 action=Arrived intent=performance.stage-entry instrument=False
TIMETABLE_STATE name=checkpoint tick=9616 slot=1 phase=Live ready=3 people=32 performers=9 admitted=32 departed=0 status=Playing hash=2cce17a9073d8923c9fac48d46773fb5718129a6eb31f5a98dc09219608e1157
TIMETABLE_BAND person=29 physical=-15750,11250 action=Arrived intent=performance.stage-entry instrument=True
TIMETABLE_BAND person=30 physical=-16750,9250 action=Arrived intent=performance.stage-entry instrument=True
TIMETABLE_BAND person=31 physical=-17250,12250 action=Arrived intent=performance.stage-entry instrument=False
TIMETABLE_STATE name=checkpoint tick=9632 slot=1 phase=Live ready=3 people=32 performers=9 admitted=32 departed=0 status=Playing hash=c92e6758208495aa3caf9e2312a45017873953df5089b57a5d23d58d73358e7a
TIMETABLE_BAND person=29 physical=-15750,11250 action=Arrived intent=performance.stage-entry instrument=True
TIMETABLE_BAND person=30 physical=-16750,9250 action=Arrived intent=performance.stage-entry instrument=True
TIMETABLE_BAND person=31 physical=-17250,12250 action=Arrived intent=performance.stage-entry instrument=False
TIMETABLE_STATE name=checkpoint tick=9648 slot=1 phase=Live ready=3 people=32 performers=9 admitted=32 departed=0 status=Playing hash=766856f356e749f39e68e2645d8672b96488b601abcc7361a870af45225801e7
TIMETABLE_BAND person=29 physical=-15750,11250 action=Arrived intent=performance.stage-entry instrument=True
TIMETABLE_BAND person=30 physical=-16750,9250 action=Arrived intent=performance.stage-entry instrument=True
TIMETABLE_BAND person=31 physical=-17250,12250 action=Arrived intent=performance.stage-entry instrument=False
TIMETABLE_STATE name=checkpoint tick=9664 slot=1 phase=Live ready=3 people=32 performers=9 admitted=32 departed=0 status=Playing hash=1936b58f7cf452e1ba90956cbb7217a841756c5b20d6410c8bd3cea690f93dd9
TIMETABLE_BAND person=29 physical=-15750,11250 action=Arrived intent=performance.stage-entry instrument=True
TIMETABLE_BAND person=30 physical=-16750,9250 action=Arrived intent=performance.stage-entry instrument=True
TIMETABLE_BAND person=31 physical=-17250,12250 action=Arrived intent=performance.stage-entry instrument=False
TIMETABLE_STATE name=checkpoint tick=9680 slot=1 phase=Live ready=3 people=32 performers=9 admitted=32 departed=0 status=Playing hash=ae9a89f6b70dd76ef8bd292ecb1c0c7074d10d726157cc0482d8c84f01a9e283
TIMETABLE_BAND person=29 physical=-15750,11250 action=Arrived intent=performance.stage-entry instrument=True
TIMETABLE_BAND person=30 physical=-16750,9250 action=Arrived intent=performance.stage-entry instrument=True
TIMETABLE_BAND person=31 physical=-17250,12250 action=Arrived intent=performance.stage-entry instrument=False
TIMETABLE_STATE name=checkpoint tick=9696 slot=1 phase=Live ready=3 people=32 performers=9 admitted=32 departed=0 status=Playing hash=a1878194526669bbac02b4f442109122e040c5b259f3343eda0214428f4186bd
TIMETABLE_BAND person=29 physical=-15750,11250 action=Arrived intent=performance.stage-entry instrument=True
TIMETABLE_BAND person=30 physical=-16750,9250 action=Arrived intent=performance.stage-entry instrument=True
TIMETABLE_BAND person=31 physical=-17250,12250 action=Arrived intent=performance.stage-entry instrument=False
TIMETABLE_STATE name=checkpoint tick=9712 slot=1 phase=Live ready=3 people=32 performers=9 admitted=32 departed=0 status=Playing hash=c35711213879307a20be75e173f8799e3f817fbdcd284002b523a3b2038bfe3b
TIMETABLE_BAND person=29 physical=-15750,11250 action=Arrived intent=performance.stage-entry instrument=True
TIMETABLE_BAND person=30 physical=-16750,9250 action=Arrived intent=performance.stage-entry instrument=True
TIMETABLE_BAND person=31 physical=-17250,12250 action=Arrived intent=performance.stage-entry instrument=False
TIMETABLE_STATE name=checkpoint tick=9728 slot=1 phase=Live ready=3 people=32 performers=9 admitted=32 departed=0 status=Playing hash=3417ea2570abf2427a6c5791b9107b2e08b35670c19aa8467876bebd91b5878a
TIMETABLE_BAND person=29 physical=-15750,11250 action=Arrived intent=performance.stage-entry instrument=True
TIMETABLE_BAND person=30 physical=-16750,9250 action=Arrived intent=performance.stage-entry instrument=True
TIMETABLE_BAND person=31 physical=-17250,12250 action=Arrived intent=performance.stage-entry instrument=False
TIMETABLE_STATE name=checkpoint tick=9744 slot=1 phase=Live ready=3 people=32 performers=9 admitted=32 departed=0 status=Playing hash=63d6ae7405115251e6c788ab909ecebf2bb263e20dbe10342323e51b7a310ccd
TIMETABLE_BAND person=29 physical=-15750,11250 action=Arrived intent=performance.stage-entry instrument=True
TIMETABLE_BAND person=30 physical=-16750,9250 action=Arrived intent=performance.stage-entry instrument=True
TIMETABLE_BAND person=31 physical=-17250,12250 action=Arrived intent=performance.stage-entry instrument=False
TIMETABLE_STATE name=checkpoint tick=9760 slot=1 phase=Live ready=3 people=32 performers=9 admitted=32 departed=0 status=Playing hash=329891547a34c794fd3df28cc827b4d2dc48e9be837d55a315bf78b62345b485
TIMETABLE_BAND person=29 physical=-15750,11250 action=Arrived intent=performance.stage-entry instrument=True
TIMETABLE_BAND person=30 physical=-16750,9250 action=Arrived intent=performance.stage-entry instrument=True
TIMETABLE_BAND person=31 physical=-17250,12250 action=Arrived intent=performance.stage-entry instrument=False
TIMETABLE_STATE name=checkpoint tick=9776 slot=1 phase=Live ready=3 people=32 performers=9 admitted=32 departed=0 status=Playing hash=d64dae2f655901ac4844eb5f5652a7db137af77f5e3f71c9edf9248e26334754
TIMETABLE_BAND person=29 physical=-15750,11250 action=Arrived intent=performance.stage-entry instrument=True
TIMETABLE_BAND person=30 physical=-16750,9250 action=Arrived intent=performance.stage-entry instrument=True
TIMETABLE_BAND person=31 physical=-17250,12250 action=Arrived intent=performance.stage-entry instrument=False
TIMETABLE_STATE name=checkpoint tick=9792 slot=1 phase=Live ready=3 people=32 performers=9 admitted=32 departed=0 status=Playing hash=b2558fb1eccefc53698cff3d22ae91aca0c1f39ef13a1bf89ebc239a851cf6c3
TIMETABLE_BAND person=29 physical=-15750,11250 action=Arrived intent=performance.stage-entry instrument=True
TIMETABLE_BAND person=30 physical=-16750,9250 action=Arrived intent=performance.stage-entry instrument=True
TIMETABLE_BAND person=31 physical=-17250,12250 action=Arrived intent=performance.stage-entry instrument=False
TIMETABLE_STATE name=checkpoint tick=9808 slot=1 phase=Live ready=3 people=32 performers=9 admitted=32 departed=0 status=Playing hash=d219c97ad2cd24f87d1fa72a1cd6db6b7a6b3e9c43e019c654e484ecb04c31cd
TIMETABLE_BAND person=29 physical=-15750,11250 action=Arrived intent=performance.stage-entry instrument=True
TIMETABLE_BAND person=30 physical=-16750,9250 action=Arrived intent=performance.stage-entry instrument=True
TIMETABLE_BAND person=31 physical=-17250,12250 action=Arrived intent=performance.stage-entry instrument=False
TIMETABLE_STATE name=checkpoint tick=9824 slot=1 phase=Live ready=3 people=32 performers=9 admitted=32 departed=0 status=Playing hash=4fa3f0c4c804606021ab4b59fcf35c4a9e0667b8effccb52c5ff47d86dd47220
TIMETABLE_BAND person=29 physical=-15750,11250 action=Arrived intent=performance.stage-entry instrument=True
TIMETABLE_BAND person=30 physical=-16750,9250 action=Arrived intent=performance.stage-entry instrument=True
TIMETABLE_BAND person=31 physical=-17250,12250 action=Arrived intent=performance.stage-entry instrument=False
TIMETABLE_STATE name=checkpoint tick=9840 slot=1 phase=Live ready=3 people=32 performers=9 admitted=32 departed=0 status=Playing hash=16f9cb62a752a33d1060cb548cd7ad3f504583bc26c19fd90656f9b2928a8963
TIMETABLE_BAND person=29 physical=-15750,11250 action=Arrived intent=performance.stage-entry instrument=True
TIMETABLE_BAND person=30 physical=-16750,9250 action=Arrived intent=performance.stage-entry instrument=True
TIMETABLE_BAND person=31 physical=-17250,12250 action=Arrived intent=performance.stage-entry instrument=False
TIMETABLE_STATE name=checkpoint tick=9856 slot=1 phase=Live ready=3 people=32 performers=9 admitted=32 departed=0 status=Playing hash=b40a4063a77048603f5fddf0af18b1717156be0d9957267dbb2964998070e5a2
TIMETABLE_BAND person=29 physical=-15750,11250 action=Arrived intent=performance.stage-entry instrument=True
TIMETABLE_BAND person=30 physical=-16750,9250 action=Arrived intent=performance.stage-entry instrument=True
TIMETABLE_BAND person=31 physical=-17250,12250 action=Arrived intent=performance.stage-entry instrument=False
TIMETABLE_STATE name=checkpoint tick=9872 slot=1 phase=Live ready=3 people=32 performers=9 admitted=32 departed=0 status=Playing hash=fbbc97b82ac7115d4b81ff112bb572059c5f1434a89611b200ede28003738a8d
TIMETABLE_BAND person=29 physical=-15750,11250 action=Arrived intent=performance.stage-entry instrument=True
TIMETABLE_BAND person=30 physical=-16750,9250 action=Arrived intent=performance.stage-entry instrument=True
TIMETABLE_BAND person=31 physical=-17250,12250 action=Arrived intent=performance.stage-entry instrument=False
TIMETABLE_STATE name=checkpoint tick=9888 slot=1 phase=Live ready=3 people=32 performers=9 admitted=32 departed=0 status=Playing hash=1b8186b668d1c19274b9f94729dcec226a321b0293c9e5a0045bf21f6c09e226
TIMETABLE_BAND person=29 physical=-15750,11250 action=Arrived intent=performance.stage-entry instrument=True
TIMETABLE_BAND person=30 physical=-16750,9250 action=Arrived intent=performance.stage-entry instrument=True
TIMETABLE_BAND person=31 physical=-17250,12250 action=Arrived intent=performance.stage-entry instrument=False
TIMETABLE_STATE name=checkpoint tick=9904 slot=1 phase=Live ready=3 people=32 performers=9 admitted=32 departed=0 status=Playing hash=7ce52f1a9a3450fcb227aa7067d488a4c31888aa7937fc114ab9cc9e55f4416c
TIMETABLE_BAND person=29 physical=-15750,11250 action=Arrived intent=performance.stage-entry instrument=True
TIMETABLE_BAND person=30 physical=-16750,9250 action=Arrived intent=performance.stage-entry instrument=True
TIMETABLE_BAND person=31 physical=-17250,12250 action=Arrived intent=performance.stage-entry instrument=False
TIMETABLE_STATE name=checkpoint tick=9920 slot=1 phase=Live ready=3 people=32 performers=9 admitted=32 departed=0 status=Playing hash=01a708a99ee81f1e7e56324385566afeca173c176bd0ef7278eb704b315a3563
TIMETABLE_BAND person=29 physical=-15750,11250 action=Arrived intent=performance.stage-entry instrument=True
TIMETABLE_BAND person=30 physical=-16750,9250 action=Arrived intent=performance.stage-entry instrument=True
TIMETABLE_BAND person=31 physical=-17250,12250 action=Arrived intent=performance.stage-entry instrument=False
TIMETABLE_STATE name=checkpoint tick=9936 slot=1 phase=Live ready=3 people=32 performers=9 admitted=32 departed=0 status=Playing hash=e33136c96dff23c7aa73fcd566c4d120001cfe82e4dedb151b24ba6900528d87
TIMETABLE_BAND person=29 physical=-15750,11250 action=Arrived intent=performance.stage-entry instrument=True
TIMETABLE_BAND person=30 physical=-16750,9250 action=Arrived intent=performance.stage-entry instrument=True
TIMETABLE_BAND person=31 physical=-17250,12250 action=Arrived intent=performance.stage-entry instrument=False
TIMETABLE_STATE name=checkpoint tick=9952 slot=1 phase=Live ready=3 people=32 performers=9 admitted=32 departed=0 status=Playing hash=32530df91e44a3975d3ea4394efedebd9f0d993b23b7786b7431ba8cab7c7554
TIMETABLE_BAND person=29 physical=-15750,11250 action=Arrived intent=performance.stage-entry instrument=True
TIMETABLE_BAND person=30 physical=-16750,9250 action=Arrived intent=performance.stage-entry instrument=True
TIMETABLE_BAND person=31 physical=-17250,12250 action=Arrived intent=performance.stage-entry instrument=False
TIMETABLE_STATE name=checkpoint tick=9968 slot=1 phase=Live ready=3 people=32 performers=9 admitted=32 departed=0 status=Playing hash=fa418810047994ad24361c8150628bd2fff06ddb3315ec34239b27d2faa787be
TIMETABLE_BAND person=29 physical=-15750,11250 action=Arrived intent=performance.stage-entry instrument=True
TIMETABLE_BAND person=30 physical=-16750,9250 action=Arrived intent=performance.stage-entry instrument=True
TIMETABLE_BAND person=31 physical=-17250,12250 action=Arrived intent=performance.stage-entry instrument=False
TIMETABLE_STATE name=checkpoint tick=9984 slot=1 phase=Live ready=3 people=32 performers=9 admitted=32 departed=0 status=Playing hash=f1c9fb5db2164ee62ea202d63fe20720d0aa2026fa00f50455ae701f9ef33d9a
TIMETABLE_BAND person=29 physical=-15750,11250 action=Arrived intent=performance.stage-entry instrument=True
TIMETABLE_BAND person=30 physical=-16750,9250 action=Arrived intent=performance.stage-entry instrument=True
TIMETABLE_BAND person=31 physical=-17250,12250 action=Arrived intent=performance.stage-entry instrument=False
TIMETABLE_STATE name=checkpoint tick=10000 slot=1 phase=Live ready=3 people=32 performers=9 admitted=32 departed=0 status=Playing hash=0565d6afb621b5754996b6147d486b44c22359b402607001780283c84e41df3c
TIMETABLE_BAND person=29 physical=-15750,11250 action=Arrived intent=performance.stage-entry instrument=True
TIMETABLE_BAND person=30 physical=-16750,9250 action=Arrived intent=performance.stage-entry instrument=True
TIMETABLE_BAND person=31 physical=-17250,12250 action=Arrived intent=performance.stage-entry instrument=False
ERROR: IMMERSION_CAPTURE_FAILED System.InvalidOperationException: ATTENDEE_POSE_ASSERT Actual purchase/pose proof exceeded bounded live route.
   at Festival.Game.Main.PoseAssert(Boolean condition, String message) in /_/game/Main.AttendeePoseCapture.cs:line 28
   at Festival.Game.Main.ProcessAttendeePoseCapture() in /_/game/Main.AttendeePoseCapture.cs:line 96
   at Festival.Game.Main.ProcessImmersionCaptureStep() in /_/game/Main.ImmersionCapture.cs:line 59
   at Festival.Game.Main.ProcessImmersionCapture() in /_/game/Main.ImmersionCapture.cs:line 54
   at: void Festival.Game.Main.ProcessImmersionCapture() (/_/game/Main.ImmersionCapture.cs:54)
   C# backtrace (most recent call first):
       [0] void Godot.GD.PushError(string) (/root/godot/modules/mono/glue/GodotSharp/GodotSharp/Core/GD.cs:366)
       [1] void Festival.Game.Main.ProcessImmersionCapture() (/_/game/Main.ImmersionCapture.cs:54)
       [2] void Festival.Game.Main.ProcessPresentationFrame(double) (/_/game/Main.cs:289)
       [3] void Festival.Game.Main._Process(double) (/_/game/Main.cs:246)
       [4] bool Godot.Node.InvokeGodotClassMethod(Godot.NativeInterop.godot_string_name&, Godot.NativeInterop.NativeVariantPtrArgs, Godot.NativeInterop.godot_variant&) (/root/godot/modules/mono/glue/GodotSharp/GodotSharp/Generated/GodotObjects/Node.cs:2654)
       [5] bool Festival.Game.Main.InvokeGodotClassMethod(Godot.NativeInterop.godot_string_name&, Godot.NativeInterop.NativeVariantPtrArgs, Godot.NativeInterop.godot_variant&) (/_/game/.godot/mono/temp/obj/Debug/Godot.SourceGenerators/Godot.SourceGenerators.ScriptMethodsGenerator/Festival.Game.Main_ScriptMethods.generated.cs:3240)
       [6] Godot.NativeInterop.godot_bool Godot.Bridge.CSharpInstanceBridge.Call(nint, Godot.NativeInterop.godot_string_name*, Godot.NativeInterop.godot_variant**, int, Godot.NativeInterop.godot_variant_call_error*, Godot.NativeInterop.godot_variant*) (/root/godot/modules/mono/glue/GodotSharp/GodotSharp/Core/Bridge/CSharpInstanceBridge.cs:24)
